indicator,pattern,rate,tiers,seed,mape,flips,n_pairs,coverage,rel_width,n_participants,pds,flow_share
GHG,random,0.0,1,0,15.544150384097586,9.876543209876543,162,100.0,0.9725622129583203,0,0.20086052855262304,0.0
GHG,random,0.0,1,1,15.544150384097586,9.876543209876543,162,100.0,1.0151499108432511,0,0.20086052855262304,0.0
GHG,random,0.0,1,2,15.544150384097586,9.876543209876543,162,94.73684210526315,0.9403580877808984,0,0.20086052855262304,0.0
GHG,random,0.0,1,3,15.544150384097586,9.876543209876543,162,89.47368421052632,1.0364076486279572,0,0.20086052855262304,0.0
GHG,random,0.0,1,4,15.544150384097586,9.876543209876543,162,100.0,1.020035935106551,0,0.20086052855262304,0.0
GHG,random,0.0,1,5,15.544150384097586,9.876543209876543,162,100.0,1.0346586482398303,0,0.20086052855262304,0.0
GHG,random,0.0,1,6,15.544150384097586,9.876543209876543,162,94.73684210526315,1.0106777931081607,0,0.20086052855262304,0.0
GHG,random,0.0,1,7,15.544150384097586,9.876543209876543,162,100.0,1.017467788937766,0,0.20086052855262304,0.0
GHG,random,0.0,1,8,15.544150384097586,9.876543209876543,162,94.73684210526315,1.0405991126575065,0,0.20086052855262304,0.0
GHG,random,0.0,1,9,15.544150384097586,9.876543209876543,162,100.0,1.0139312420735136,0,0.20086052855262304,0.0
GHG,random,0.0,2,0,15.544150384097586,9.876543209876543,162,94.73684210526315,0.9466557675878214,0,0.20086052855262304,0.0
GHG,random,0.0,2,1,15.544150384097586,9.876543209876543,162,84.21052631578947,1.0399981767120097,0,0.20086052855262304,0.0
GHG,random,0.0,2,2,15.544150384097586,9.876543209876543,162,100.0,1.0041873006180475,0,0.20086052855262304,0.0
GHG,random,0.0,2,3,15.544150384097586,9.876543209876543,162,100.0,0.9984872688813065,0,0.20086052855262304,0.0
GHG,random,0.0,2,4,15.544150384097586,9.876543209876543,162,89.47368421052632,1.0205500947712738,0,0.20086052855262304,0.0
GHG,random,0.0,2,5,15.544150384097586,9.876543209876543,162,100.0,1.0213727073960088,0,0.20086052855262304,0.0
GHG,random,0.0,2,6,15.544150384097586,9.876543209876543,162,94.73684210526315,1.0409690572315862,0,0.20086052855262304,0.0
GHG,random,0.0,2,7,15.544150384097586,9.876543209876543,162,100.0,0.9970117383308958,0,0.20086052855262304,0.0
GHG,random,0.0,2,8,15.544150384097586,9.876543209876543,162,94.73684210526315,0.9490112933430067,0,0.20086052855262304,0.0
GHG,random,0.0,2,9,15.544150384097586,9.876543209876543,162,100.0,0.9531784422180917,0,0.20086052855262304,0.0
GHG,random,0.0,3,0,15.544150384097586,9.876543209876543,162,100.0,1.005977504617627,0,0.20086052855262304,0.0
GHG,random,0.0,3,1,15.544150384097586,9.876543209876543,162,100.0,1.0298053133503655,0,0.20086052855262304,0.0
GHG,random,0.0,3,2,15.544150384097586,9.876543209876543,162,94.73684210526315,0.9881698008981382,0,0.20086052855262304,0.0
GHG,random,0.0,3,3,15.544150384097586,9.876543209876543,162,94.73684210526315,0.9818288479607489,0,0.20086052855262304,0.0
GHG,random,0.0,3,4,15.544150384097586,9.876543209876543,162,100.0,1.0548000507753088,0,0.20086052855262304,0.0
GHG,random,0.0,3,5,15.544150384097586,9.876543209876543,162,100.0,0.9864972498227973,0,0.20086052855262304,0.0
GHG,random,0.0,3,6,15.544150384097586,9.876543209876543,162,94.73684210526315,1.0521813445573045,0,0.20086052855262304,0.0
GHG,random,0.0,3,7,15.544150384097586,9.876543209876543,162,94.73684210526315,1.0280469169187234,0,0.20086052855262304,0.0
GHG,random,0.0,3,8,15.544150384097586,9.876543209876543,162,89.47368421052632,1.060486521595259,0,0.20086052855262304,0.0
GHG,random,0.0,3,9,15.544150384097586,9.876543209876543,162,100.0,0.999257306074951,0,0.20086052855262304,0.0
GHG,random,0.0,0,0,15.544150384097586,9.876543209876543,162,100.0,1.0596994137774067,0,0.20086052855262304,0.0
GHG,random,0.0,0,1,15.544150384097586,9.876543209876543,162,94.73684210526315,0.9909133494729203,0,0.20086052855262304,0.0
GHG,random,0.0,0,2,15.544150384097586,9.876543209876543,162,94.73684210526315,0.9916648939070755,0,0.20086052855262304,0.0
GHG,random,0.0,0,3,15.544150384097586,9.876543209876543,162,100.0,1.0138878615787548,0,0.20086052855262304,0.0
GHG,random,0.0,0,4,15.544150384097586,9.876543209876543,162,94.73684210526315,0.9512345304411095,0,0.20086052855262304,0.0
GHG,random,0.0,0,5,15.544150384097586,9.876543209876543,162,100.0,0.947121692661966,0,0.20086052855262304,0.0
GHG,random,0.0,0,6,15.544150384097586,9.876543209876543,162,100.0,0.968263450025362,0,0.20086052855262304,0.0
GHG,random,0.0,0,7,15.544150384097586,9.876543209876543,162,100.0,1.086169434890068,0,0.20086052855262304,0.0
GHG,random,0.0,0,8,15.544150384097586,9.876543209876543,162,94.73684210526315,1.0028876498800448,0,0.20086052855262304,0.0
GHG,random,0.0,0,9,15.544150384097586,9.876543209876543,162,94.73684210526315,1.0980012377221287,0,0.20086052855262304,0.0
GHG,random,0.05,1,0,16.694998625673716,9.25925925925926,162,100.0,0.9532911343172314,3,0.20809807349656237,0.05252544072787967
GHG,random,0.05,1,1,15.955718793091933,9.25925925925926,162,94.73684210526315,0.8908274613262993,3,0.25614461056354537,0.0914793732641257
GHG,random,0.05,1,2,13.926495513942033,8.641975308641975,162,94.73684210526315,0.9392035061443824,3,0.23277280379774123,0.09814839002041789
GHG,random,0.05,1,3,15.87532535401413,8.641975308641975,162,94.73684210526315,0.9619934154460267,3,0.2398462668221796,0.06596221212616689
GHG,random,0.05,1,4,14.092724123139218,9.876543209876543,162,100.0,0.9766879190775088,3,0.2210721536831841,0.027061000968898963
GHG,random,0.05,1,5,14.325772703792822,6.790123456790123,162,100.0,0.9950367740277294,3,0.20285284132092138,0.06315688614771636
GHG,random,0.05,1,6,14.561728055165085,10.493827160493828,162,94.73684210526315,0.9726696071041502,3,0.22985533771086075,0.03281552342923083
GHG,random,0.05,1,7,15.202432527467003,7.407407407407407,162,89.47368421052632,1.0527589626780027,3,0.24002454743517304,0.055036329397567384
GHG,random,0.05,1,8,14.610593591868785,6.790123456790123,162,100.0,0.9358670531252126,3,0.20472879699327912,0.06033329046366945
GHG,random,0.05,1,9,15.539558308786274,9.25925925925926,162,100.0,1.0860326779835743,3,0.21170677491727413,0.057265534014015726
GHG,random,0.05,2,0,15.68065651272914,9.25925925925926,162,100.0,0.9750739044631168,3,0.20329736777357316,0.058352563784940935
GHG,random,0.05,2,1,17.40227378966234,9.876543209876543,162,100.0,0.9455019257802634,3,0.20814878944894985,0.02257762344307747
GHG,random,0.05,2,2,17.622732320813206,10.493827160493828,162,100.0,0.9001998290963436,3,0.21271307291401526,0.04115409051480642
GHG,random,0.05,2,3,17.825939135258615,9.25925925925926,162,100.0,0.9663348968005971,3,0.20898923816013998,0.021099444508961514
GHG,random,0.05,2,4,15.589944143920237,9.876543209876543,162,100.0,0.9639777373637469,3,0.20234819877271026,0.09524556257241766
GHG,random,0.05,2,5,14.336773903881763,8.641975308641975,162,94.73684210526315,0.9451452677980726,3,0.20314013519985555,0.015565023550008295
GHG,random,0.05,2,6,15.970889725196717,8.641975308641975,162,89.47368421052632,0.9228786072606381,3,0.248620997425454,0.08331103222925863
GHG,random,0.05,2,7,15.530649351227385,9.876543209876543,162,100.0,0.997168185537199,3,0.20092584996076202,0.00916315210137732
GHG,random,0.05,2,8,15.112623248986948,8.024691358024691,162,100.0,0.9288248556053528,3,0.20780971098276754,0.05130375643898991
GHG,random,0.05,2,9,15.53154843966033,10.493827160493828,162,94.73684210526315,0.9685058166567784,3,0.20954065928590476,0.014245981202129991
GHG,random,0.05,3,0,15.848610311648786,9.25925925925926,162,100.0,0.8320826447490749,3,0.20954610726330028,0.054458978475693955
GHG,random,0.05,3,1,18.329417297648916,9.876543209876543,162,100.0,0.9591775032267376,3,0.2078765008971728,0.022574436414749446
GHG,random,0.05,3,2,15.127412501747992,9.25925925925926,162,94.73684210526315,1.0085687765216798,3,0.2236524215131439,0.1324041537197256
GHG,random,0.05,3,3,18.066921967869476,9.25925925925926,162,100.0,0.94472040743733,3,0.20902638241691932,0.0481011974899559
GHG,random,0.05,3,4,14.105422756162788,9.25925925925926,162,100.0,1.047174773254733,3,0.22817220945364644,0.060578588800699905
GHG,random,0.05,3,5,15.333897122636788,7.407407407407407,162,94.73684210526315,0.976676309392574,3,0.25773692701035705,0.03916157960171694
GHG,random,0.05,3,6,17.847105653889706,9.25925925925926,162,100.0,0.9599860379145277,3,0.2027753896239687,0.03206801501946697
GHG,random,0.05,3,7,15.123308824318388,8.641975308641975,162,94.73684210526315,0.9839740185015096,3,0.23780920125868846,0.04047029696054619
GHG,random,0.05,3,8,16.482247973468365,9.25925925925926,162,94.73684210526315,0.9869836729176567,3,0.2072971691426386,0.05214896172233509
GHG,random,0.05,3,9,12.541426597975589,9.876543209876543,162,100.0,0.9499073737857616,3,0.23357652957282796,0.06033129928516047
GHG,random,0.05,0,0,15.594128991193434,10.493827160493828,162,100.0,0.9677384217916136,3,0.20326450552924874,0.01726781713300434
GHG,random,0.05,0,1,15.558524685582539,9.876543209876543,162,100.0,1.038178974233842,3,0.20468526078246801,0.0476312496512795
GHG,random,0.05,0,2,15.53098660803895,9.25925925925926,162,100.0,0.9927073772292184,3,0.24501508753485685,0.05118029822922112
GHG,random,0.05,0,3,15.740697069181293,9.876543209876543,162,100.0,0.922385277301675,3,0.2102183284069683,0.027396103456433764
GHG,random,0.05,0,4,12.692488125480688,9.25925925925926,162,100.0,1.0353218902197472,3,0.24127140053837584,0.040624967821898256
GHG,random,0.05,0,5,16.761847762428932,10.493827160493828,162,100.0,0.9186379245328622,3,0.20710789716538358,0.04022747259853552
GHG,random,0.05,0,6,16.244250052901638,9.876543209876543,162,89.47368421052632,1.0539751397087924,3,0.22651475859449186,0.05198751571184109
GHG,random,0.05,0,7,13.364713064872966,8.641975308641975,162,89.47368421052632,0.9049385926542863,3,0.2612602163600747,0.06256834291714493
GHG,random,0.05,0,8,13.655989571866623,9.876543209876543,162,94.73684210526315,1.0045353166895878,3,0.24029661467401753,0.032269535425783674
GHG,random,0.05,0,9,15.016702191960402,8.641975308641975,162,100.0,0.9838474950636537,3,0.23830070620605262,0.07876794791600827
GHG,random,0.1,1,0,15.706900629835898,8.024691358024691,162,100.0,0.82806935291448,6,0.222110779659674,0.07049324481006586
GHG,random,0.1,1,1,12.922251462880938,9.25925925925926,162,94.73684210526315,1.00830349136165,6,0.2508681428154072,0.07919658437135228
GHG,random,0.1,1,2,15.868347945263556,11.728395061728396,162,100.0,0.9490050358457699,6,0.20811933086190337,0.08732847798347411
GHG,random,0.1,1,3,13.446938906692301,8.641975308641975,162,94.73684210526315,0.947738657494776,6,0.23427909426815496,0.08341068485722643
GHG,random,0.1,1,4,15.537225707313414,10.493827160493828,162,100.0,0.9322777976006702,6,0.20961530481079438,0.1324161779239501
GHG,random,0.1,1,5,14.669916810949463,6.790123456790123,162,100.0,0.9215000059221794,6,0.21358623486008477,0.14091768797488152
GHG,random,0.1,1,6,15.777218422599661,8.641975308641975,162,100.0,0.9476576533565197,6,0.20949024746866965,0.05770615239317952
GHG,random,0.1,1,7,11.7152238653879,8.641975308641975,162,100.0,0.906729003367766,6,0.27807210233264945,0.11048818432558737
GHG,random,0.1,1,8,15.25565641170665,7.407407407407407,162,100.0,0.930226036882915,6,0.21578200165966432,0.09976154457503003
GHG,random,0.1,1,9,15.567430485291098,9.876543209876543,162,100.0,1.094970658494425,6,0.20506747740412484,0.03855455012131542
GHG,random,0.1,2,0,15.687308324479304,9.876543209876543,162,100.0,1.1128315106692501,6,0.2031732812406707,0.11235498645440392
GHG,random,0.1,2,1,15.618279862577172,9.25925925925926,162,94.73684210526315,1.0273346648574952,6,0.20468240129959414,0.06897632559829607
GHG,random,0.1,2,2,15.59175451820132,10.493827160493828,162,100.0,1.03309410601853,6,0.20555542219874648,0.06748633329062145
GHG,random,0.1,2,3,15.713441445171094,9.876543209876543,162,100.0,1.0221609441015111,6,0.20279845356427662,0.03179005278453698
GHG,random,0.1,2,4,15.278841562608992,8.641975308641975,162,100.0,1.0100208404984925,6,0.2368028275672609,0.049943537547988116
GHG,random,0.1,2,5,15.165912004901374,9.25925925925926,162,94.73684210526315,1.0121213266583806,6,0.21815125039285826,0.05817427246139673
GHG,random,0.1,2,6,17.592519963020585,9.876543209876543,162,100.0,0.9978692422299791,6,0.20990109826727887,0.13042290310679563
GHG,random,0.1,2,7,15.396606212210342,9.25925925925926,162,94.73684210526315,0.9930586115034724,6,0.23929410752204922,0.06055490720332829
GHG,random,0.1,2,8,14.601276235255076,7.407407407407407,162,89.47368421052632,1.0484479721497846,6,0.27720526358279357,0.09734752431153824
GHG,random,0.1,2,9,15.309174475836373,8.024691358024691,162,94.73684210526315,0.9779344202040908,6,0.24792989555519732,0.06627576760540027
GHG,random,0.1,3,0,14.235292372893385,7.407407407407407,162,94.73684210526315,0.9367441824844779,6,0.21187381422521182,0.0541033202839361
GHG,random,0.1,3,1,13.833167463812924,7.407407407407407,162,100.0,0.9764840754201181,6,0.24391894017696186,0.11587049124494683
GHG,random,0.1,3,2,15.815109598042326,7.407407407407407,162,84.21052631578947,1.0150628725054847,6,0.25846148870068775,0.08621293922142606
GHG,random,0.1,3,3,15.15650574123243,9.876543209876543,162,89.47368421052632,0.9300904796323948,6,0.20873206668558383,0.03955846747278284
GHG,random,0.1,3,4,13.681655720604235,6.172839506172839,162,100.0,0.9036166630502903,6,0.23282915256728887,0.06697150765935762
GHG,random,0.1,3,5,18.510203867034768,8.641975308641975,162,94.73684210526315,0.8840098220724647,6,0.21328011360289795,0.05773260392840255
GHG,random,0.1,3,6,13.409563792887461,9.25925925925926,162,100.0,0.909425446055029,6,0.23641183183726672,0.09513617688106407
GHG,random,0.1,3,7,14.424947616871965,9.876543209876543,162,100.0,0.9685799396203018,6,0.2220347555214538,0.0907846193720355
GHG,random,0.1,3,8,17.65691207077941,9.25925925925926,162,100.0,1.0122594532474682,6,0.20650606576094516,0.09751427422736911
GHG,random,0.1,3,9,12.687074419218321,8.024691358024691,162,94.73684210526315,0.9834011945045287,6,0.26874995283536973,0.13492858468870192
GHG,random,0.1,0,0,15.335397445602423,8.024691358024691,162,100.0,1.0013034631943107,6,0.212346606795305,0.05793002827769458
GHG,random,0.1,0,1,15.351731136628215,8.641975308641975,162,94.73684210526315,0.9192434561426881,6,0.2402918636022741,0.08238641920406052
GHG,random,0.1,0,2,13.811790241759219,9.25925925925926,162,84.21052631578947,0.954316752695693,6,0.23665741835271353,0.14800324841947513
GHG,random,0.1,0,3,15.870911996553538,9.876543209876543,162,100.0,0.9431195036383352,6,0.22206061680573974,0.066559657667312
GHG,random,0.1,0,4,12.953034743490644,8.024691358024691,162,94.73684210526315,0.9178663826403802,6,0.26101021592480456,0.08215367757580831
GHG,random,0.1,0,5,15.606031857154079,10.493827160493828,162,100.0,1.01228443542655,6,0.20720463134466005,0.07775777077924848
GHG,random,0.1,0,6,14.556088505270592,6.172839506172839,162,100.0,0.9885573200042694,6,0.20772443784269146,0.12329020858154227
GHG,random,0.1,0,7,13.255674107606632,10.493827160493828,162,100.0,1.012431534855771,6,0.25961539807036377,0.13797106088460845
GHG,random,0.1,0,8,13.380262688118949,9.25925925925926,162,100.0,0.8724647332200811,6,0.23110449015407042,0.06516770276188193
GHG,random,0.1,0,9,15.357149780064997,11.11111111111111,162,94.73684210526315,0.9708291502216623,6,0.22323201115827795,0.06843013133503778
GHG,random,0.2,1,0,7.465143190726477,4.320987654320987,162,100.0,0.9030708287840594,13,0.2541995770778669,0.18779285315056674
GHG,random,0.2,1,1,14.66243507205581,8.641975308641975,162,100.0,1.051138131114986,13,0.2594264015167608,0.2513460283874039
GHG,random,0.2,1,2,16.80640104873711,9.876543209876543,162,100.0,0.8718360910833746,13,0.22715899323088357,0.20141639880706777
GHG,random,0.2,1,3,11.946742213342338,11.728395061728396,162,100.0,1.0380257698041864,13,0.24710951300890102,0.1699381645770391
GHG,random,0.2,1,4,15.111449368049868,11.11111111111111,162,94.73684210526315,0.9931762813405818,13,0.22504212742798976,0.13617895451797155
GHG,random,0.2,1,5,14.92741268418575,7.407407407407407,162,100.0,0.8937377641492921,13,0.2527807184438819,0.140680568610694
GHG,random,0.2,1,6,13.097496340650341,8.641975308641975,162,94.73684210526315,0.9032694124814005,13,0.2875870900479542,0.24478765373610709
GHG,random,0.2,1,7,13.206996972660376,11.11111111111111,162,100.0,0.8608369024102821,13,0.29001029001777023,0.2290913066783805
GHG,random,0.2,1,8,15.264051609160962,8.641975308641975,162,94.73684210526315,0.9909553761382077,13,0.26377185864763936,0.20726426611610202
GHG,random,0.2,1,9,9.475461697245427,8.641975308641975,162,100.0,1.0000163627759129,13,0.24778580517159088,0.1381659998317448
GHG,random,0.2,2,0,17.95362537385454,7.407407407407407,162,94.73684210526315,0.8413807896074827,13,0.223846715767757,0.18798547638852128
GHG,random,0.2,2,1,10.933943373566425,7.407407407407407,162,84.21052631578947,0.8917728647095587,13,0.3049768255895884,0.14571075917920714
GHG,random,0.2,2,2,16.353236869203748,9.876543209876543,162,100.0,0.9049478640464653,13,0.2794156681152926,0.18220911209977
GHG,random,0.2,2,3,15.300352509825007,11.11111111111111,162,100.0,0.849800233847142,13,0.2449876643936601,0.2686488102722119
GHG,random,0.2,2,4,17.74874891187646,9.876543209876543,162,100.0,0.8963790570419289,13,0.21483918813577313,0.20728751405364934
GHG,random,0.2,2,5,11.69769471864151,6.790123456790123,162,94.73684210526315,0.9194735790621474,13,0.32001245984640864,0.30430838453091286
GHG,random,0.2,2,6,12.293324402966139,6.790123456790123,162,94.73684210526315,0.8718954114878321,13,0.29265558531990116,0.21614321619474514
GHG,random,0.2,2,7,15.970443937450407,6.172839506172839,162,100.0,0.9522224497507921,13,0.22853069542250534,0.2775659315571185
GHG,random,0.2,2,8,15.18037496501382,6.790123456790123,162,100.0,0.8886711447046002,13,0.2510994365907662,0.17524397367481695
GHG,random,0.2,2,9,12.548499158652964,8.024691358024691,162,94.73684210526315,0.9544406192392194,13,0.2780065713244732,0.2617785187930345
GHG,random,0.2,3,0,11.229051230818262,6.172839506172839,162,84.21052631578947,0.9698866702785011,13,0.30924535083980326,0.18494613179933145
GHG,random,0.2,3,1,14.156129039329379,7.407407407407407,162,100.0,0.9949915902397336,13,0.28492361238896907,0.2903512779075706
GHG,random,0.2,3,2,14.9676841468037,9.25925925925926,162,89.47368421052632,0.959003439728092,13,0.26878089877751415,0.15862597950513171
GHG,random,0.2,3,3,9.276564878427331,8.641975308641975,162,100.0,0.9578342337085914,13,0.3018615757945516,0.17422065475989776
GHG,random,0.2,3,4,10.021452538322778,9.25925925925926,162,89.47368421052632,0.9383137390394695,13,0.30356760130469107,0.2595475286865314
GHG,random,0.2,3,5,19.470473647119775,11.11111111111111,162,100.0,0.994596339915567,13,0.2667766127075312,0.19558747597603135
GHG,random,0.2,3,6,11.209191440150809,8.024691358024691,162,89.47368421052632,0.9970236158545905,13,0.2994624791457243,0.3664793624940493
GHG,random,0.2,3,7,18.65360433380328,8.641975308641975,162,100.0,0.7987198092398892,13,0.24932048784462105,0.15672006914487088
GHG,random,0.2,3,8,16.287126079602984,8.024691358024691,162,100.0,0.8698184526808673,13,0.24799116767914672,0.1755664268937691
GHG,random,0.2,3,9,16.269325475325257,10.493827160493828,162,100.0,0.8296354871603367,13,0.2284761402132267,0.1894272118993898
GHG,random,0.2,0,0,18.890003653783495,10.493827160493828,162,100.0,0.8898511363891359,13,0.2508201494765648,0.2745501782909234
GHG,random,0.2,0,1,13.60577079809017,5.555555555555555,162,68.42105263157895,0.8606021356958552,13,0.4316727185835752,0.33770195079512283
GHG,random,0.2,0,2,16.661061707535367,6.172839506172839,162,94.73684210526315,0.9683826237382773,13,0.23004947212126053,0.2152614297911594
GHG,random,0.2,0,3,16.562574340151002,6.172839506172839,162,100.0,0.863320627714946,13,0.2507198507609769,0.2843789736545391
GHG,random,0.2,0,4,19.065472285441825,8.024691358024691,162,100.0,0.8621276677996234,13,0.2694599271082404,0.27805921703636255
GHG,random,0.2,0,5,15.21861067180143,8.024691358024691,162,89.47368421052632,0.8733200507039175,13,0.32452862234235996,0.22331892474664716
GHG,random,0.2,0,6,15.847708251597181,10.493827160493828,162,100.0,0.9253039225952342,13,0.2173128952743518,0.1204771624297741
GHG,random,0.2,0,7,13.661230701308385,9.876543209876543,162,100.0,0.9277604367116604,13,0.24422711224536023,0.14790943734361006
GHG,random,0.2,0,8,12.370239335784806,4.938271604938271,162,73.68421052631578,0.9105497285099784,13,0.36871178721551684,0.19526621974961192
GHG,random,0.2,0,9,12.412989212220928,6.172839506172839,162,100.0,0.9221995975668349,13,0.3065958417353012,0.14254418085439843
GHG,random,0.4,1,0,9.781873000836171,4.320987654320987,162,100.0,0.7525394871267611,26,0.36141545540976994,0.49944204949886445
GHG,random,0.4,1,1,10.403375065337194,5.555555555555555,162,100.0,0.8114631236882294,26,0.3604290750430545,0.3987711985477774
GHG,random,0.4,1,2,13.466249145390572,4.320987654320987,162,100.0,0.7790387856585277,26,0.2954107578653598,0.3860183486876775
GHG,random,0.4,1,3,10.894540452781563,6.790123456790123,162,100.0,0.6341575585801675,26,0.33895364438311754,0.477443469336554
GHG,random,0.4,1,4,15.78578954154474,10.493827160493828,162,94.73684210526315,0.8410721472639043,26,0.2839363495497598,0.34586535702115795
GHG,random,0.4,1,5,14.441616784569906,6.790123456790123,162,100.0,0.9192684173864236,26,0.2976668367446484,0.4604023911570774
GHG,random,0.4,1,6,14.686395277382713,9.25925925925926,162,100.0,0.7571819505024961,26,0.300303971185491,0.3879586804394086
GHG,random,0.4,1,7,15.866281108442838,4.938271604938271,162,100.0,0.8596802937340796,26,0.31309010046787283,0.48783169101596463
GHG,random,0.4,1,8,12.15832326448932,6.790123456790123,162,94.73684210526315,0.9980921471681324,26,0.29588418876179773,0.27082727211834184
GHG,random,0.4,1,9,16.797928309492217,8.641975308641975,162,100.0,0.7540875080969992,26,0.2633224775027159,0.33482000358201897
GHG,random,0.4,2,0,13.566401547915607,3.7037037037037037,162,100.0,0.9274980844183608,26,0.28743783258696554,0.4165388277689519
GHG,random,0.4,2,1,8.318281941911412,5.555555555555555,162,73.68421052631578,0.8437927005465469,26,0.43436151636316456,0.43920926527024806
GHG,random,0.4,2,2,18.41066338121459,8.641975308641975,162,100.0,0.7970720167184062,26,0.2850348274066389,0.34642744128886765
GHG,random,0.4,2,3,9.442279906754022,7.407407407407407,162,100.0,0.7818277949836148,26,0.393384329218359,0.36697615210465573
GHG,random,0.4,2,4,12.109921723979904,6.172839506172839,162,100.0,0.8516443129984185,26,0.4176164862113655,0.5165353628326674
GHG,random,0.4,2,5,11.066112964402091,4.938271604938271,162,89.47368421052632,0.8352587026535495,26,0.3760589546311462,0.36074975176231794
GHG,random,0.4,2,6,12.615662879156373,8.024691358024691,162,100.0,0.8780594760374363,26,0.35122347178119034,0.4472286010179654
GHG,random,0.4,2,7,17.190388062618148,7.407407407407407,162,94.73684210526315,0.7549735344145058,26,0.29766009838826735,0.33151648359790525
GHG,random,0.4,2,8,13.741423800548233,8.024691358024691,162,100.0,0.9105900572570877,26,0.3117447446474082,0.331658745160538
GHG,random,0.4,2,9,12.952253427299581,4.938271604938271,162,100.0,0.6712465881776938,26,0.4310530087066356,0.4280386767016379
GHG,random,0.4,3,0,13.928238257679451,6.790123456790123,162,100.0,0.8061742702944478,26,0.30539191346866434,0.3700849719687832
GHG,random,0.4,3,1,8.505549010728544,7.407407407407407,162,100.0,0.8467875408269374,26,0.4034396142798362,0.45959736939870705
GHG,random,0.4,3,2,18.374715543682203,6.790123456790123,162,100.0,0.7809188697738578,26,0.29743975021538727,0.38443915101144327
GHG,random,0.4,3,3,4.535239135548575,5.555555555555555,162,89.47368421052632,0.8988820293893076,26,0.3994974384619691,0.38342454700206124
GHG,random,0.4,3,4,22.95106136100693,8.641975308641975,162,100.0,0.7597045114859267,26,0.30546292157931765,0.4391634453102686
GHG,random,0.4,3,5,12.681891093928815,7.407407407407407,162,100.0,0.8477251024353236,26,0.3394248406606531,0.4035836204647977
GHG,random,0.4,3,6,12.82196152339039,4.938271604938271,162,100.0,0.7920926080605649,26,0.42045538651570435,0.4021664595820067
GHG,random,0.4,3,7,6.34359732277769,5.555555555555555,162,100.0,0.6383108595083696,26,0.44008851822626754,0.40169963078019705
GHG,random,0.4,3,8,12.237285787340358,6.172839506172839,162,100.0,0.716235820515027,26,0.3817558520134983,0.358155523273159
GHG,random,0.4,3,9,17.18573329023221,9.25925925925926,162,100.0,0.7683102534896538,26,0.3850645396824259,0.40118559019320044
GHG,random,0.4,0,0,15.974895104469015,11.11111111111111,162,100.0,0.7567012685088584,26,0.3622960033771152,0.2725947787172017
GHG,random,0.4,0,1,3.3696425001334975,5.555555555555555,162,94.73684210526315,0.7162067385652229,26,0.48220725708858375,0.37999458461152097
GHG,random,0.4,0,2,8.184845669860753,6.172839506172839,162,94.73684210526315,0.9570244718776761,26,0.3720662355030029,0.38936524093916447
GHG,random,0.4,0,3,11.09498336765124,8.641975308641975,162,100.0,0.7315313948430499,26,0.40321640801319125,0.3077241669879571
GHG,random,0.4,0,4,15.112381182706592,8.024691358024691,162,100.0,0.7154475003190005,26,0.3747132999791396,0.32462611578287454
GHG,random,0.4,0,5,5.976309845146261,9.25925925925926,162,100.0,0.8370635813025893,26,0.4196735097203108,0.4597685616137939
GHG,random,0.4,0,6,9.490633508134087,4.938271604938271,162,26.31578947368421,0.7986284654594886,26,0.5771911226704934,0.4173732966863394
GHG,random,0.4,0,7,11.923089161277687,8.641975308641975,162,100.0,0.7173253210594254,26,0.4792007900431245,0.4912919158917007
GHG,random,0.4,0,8,13.636129753660223,8.641975308641975,162,100.0,0.7989736668578569,26,0.3751794809111445,0.4108414741290655
GHG,random,0.4,0,9,13.82371229031506,7.407407407407407,162,100.0,0.7189127787577441,26,0.4123129536270661,0.40213377854340243
GHG,random,0.6,1,0,9.43912235139011,1.8518518518518519,162,89.47368421052632,0.6958696415910306,38,0.43687195773023413,0.644095227780234
GHG,random,0.6,1,1,10.017424646641492,8.024691358024691,162,94.73684210526315,0.6034119769896565,38,0.3929494393056562,0.6209542402301756
GHG,random,0.6,1,2,7.8832360673233595,4.938271604938271,162,94.73684210526315,0.6642995152375335,38,0.4077813258856975,0.6586624520675765
GHG,random,0.6,1,3,10.10752913203515,3.7037037037037037,162,100.0,0.7474653365892072,38,0.3939763925373909,0.45553598459115613
GHG,random,0.6,1,4,10.610726608688415,8.024691358024691,162,100.0,0.6440242669745831,38,0.39131621630468816,0.5969340008153741
GHG,random,0.6,1,5,13.014363761384898,4.938271604938271,162,100.0,0.7938424224992647,38,0.350885555546215,0.5724426891316794
GHG,random,0.6,1,6,9.728800385940978,3.7037037037037037,162,100.0,0.8206529453260221,38,0.3316328089979799,0.575963451547657
GHG,random,0.6,1,7,7.463009059708285,1.8518518518518519,162,100.0,0.6863092576151844,38,0.44746846038119364,0.5625786141986533
GHG,random,0.6,1,8,13.052998108070224,5.555555555555555,162,100.0,0.77345956669983,38,0.3648544299610034,0.541244864829187
GHG,random,0.6,1,9,7.784389021066919,4.320987654320987,162,100.0,0.6661508369284684,38,0.44672992368074765,0.6163359310783331
GHG,random,0.6,2,0,13.047585465325213,8.024691358024691,162,100.0,0.763394772845674,38,0.43230847681335266,0.5701710367031885
GHG,random,0.6,2,1,6.463079139764245,8.024691358024691,162,100.0,0.7325770137297505,38,0.4670067482367893,0.5671269075720088
GHG,random,0.6,2,2,17.625994212621162,6.172839506172839,162,100.0,0.643910120380572,38,0.3974472406674128,0.46552836112569296
GHG,random,0.6,2,3,13.161443634597045,10.493827160493828,162,100.0,0.6859772217075235,38,0.49226522523189264,0.646448511099955
GHG,random,0.6,2,4,19.77708982361603,10.493827160493828,162,100.0,0.7487179145485261,38,0.3569613382298839,0.5122153699310225
GHG,random,0.6,2,5,14.970928075254482,6.790123456790123,162,100.0,0.6319484474278045,38,0.44312548754346076,0.5200312786547231
GHG,random,0.6,2,6,5.900340302653826,3.7037037037037037,162,100.0,0.6790724433132898,38,0.48992086300139165,0.6021217755936518
GHG,random,0.6,2,7,18.408186339112344,4.320987654320987,162,94.73684210526315,0.6610704962341557,38,0.39799044192327654,0.4676984828763571
GHG,random,0.6,2,8,16.114051870141953,3.0864197530864197,162,94.73684210526315,0.7571662872805045,38,0.4027991014671728,0.5307535326703493
GHG,random,0.6,2,9,14.875242724135948,0.6172839506172839,162,100.0,0.5832632715780257,38,0.4651769985833156,0.5994233510471124
GHG,random,0.6,3,0,12.747723836212534,6.172839506172839,162,100.0,0.7421752024538703,38,0.4352877990645153,0.5082327009522181
GHG,random,0.6,3,1,16.76582271630188,9.876543209876543,162,100.0,0.755042065724076,38,0.41646269937717556,0.48326007885681715
GHG,random,0.6,3,2,12.67295365123039,4.938271604938271,162,94.73684210526315,0.7314118004971507,38,0.516391625977624,0.6754777460307675
GHG,random,0.6,3,3,7.747164536963122,4.938271604938271,162,94.73684210526315,0.5774504367894797,38,0.5223354807955568,0.4758504242564915
GHG,random,0.6,3,4,10.131552976631655,6.172839506172839,162,100.0,0.7960362792877413,38,0.48260367076380123,0.6052989760130547
GHG,random,0.6,3,5,5.195365866740286,1.2345679012345678,162,100.0,0.7402474853562578,38,0.5329776146227677,0.6013694157931503
GHG,random,0.6,3,6,8.730429129830393,4.938271604938271,162,100.0,0.7371906406516507,38,0.4983524650786998,0.624177745691496
GHG,random,0.6,3,7,5.350335973470053,3.0864197530864197,162,94.73684210526315,0.6364668214226711,38,0.5155452900666605,0.6243148701849826
GHG,random,0.6,3,8,16.092586103337045,4.938271604938271,162,94.73684210526315,0.6846300127842541,38,0.4810579776167208,0.6111382564004787
GHG,random,0.6,3,9,4.899028060443929,0.6172839506172839,162,100.0,0.5339683578229943,38,0.6228932236009966,0.6972090117637988
GHG,random,0.6,0,0,12.512410298292433,5.555555555555555,162,100.0,0.6968771203088748,38,0.5278823392232299,0.6138122954380469
GHG,random,0.6,0,1,4.307955839095882,3.7037037037037037,162,100.0,0.6383721258014725,38,0.5791897534907154,0.5871631684581803
GHG,random,0.6,0,2,6.07287894312748,0.6172839506172839,162,100.0,0.8232641331294809,38,0.49106688499491635,0.5446565546573469
GHG,random,0.6,0,3,11.156677506888936,8.024691358024691,162,100.0,0.7037592149698847,38,0.4706696556224795,0.44977474583143456
GHG,random,0.6,0,4,10.121812098783442,6.172839506172839,162,100.0,0.6505018836080894,38,0.5495039931776422,0.6230020836228992
GHG,random,0.6,0,5,7.113149312228995,4.320987654320987,162,84.21052631578947,0.570257065996571,38,0.6563429700639398,0.7002308208409027
GHG,random,0.6,0,6,8.18240730752328,3.0864197530864197,162,78.94736842105263,0.7022152663313697,38,0.5247398268531495,0.6100608042838852
GHG,random,0.6,0,7,6.114033204990231,4.938271604938271,162,100.0,0.7829231067721327,38,0.5435231004715423,0.5818866631088583
GHG,random,0.6,0,8,15.544146989053747,4.320987654320987,162,100.0,0.7582456131491193,38,0.4811113180117958,0.636657678968721
GHG,random,0.6,0,9,16.42965654903717,4.320987654320987,162,94.73684210526315,0.5227472916274101,38,0.5705270498771119,0.6870387667097626
GHG,random,0.8,1,0,11.551499831890377,4.320987654320987,162,100.0,0.5626349341707448,51,0.4246213294839519,0.7845501224465082
GHG,random,0.8,1,1,14.97065214903298,5.555555555555555,162,94.73684210526315,0.5924581410008815,51,0.39328823584905875,0.7945624324776941
GHG,random,0.8,1,2,8.907980415061933,4.320987654320987,162,100.0,0.6660405795891793,51,0.43830490537322647,0.7952576617386565
GHG,random,0.8,1,3,8.147813226996488,1.8518518518518519,162,94.73684210526315,0.7175708580147002,51,0.4413554246577602,0.8024552361159645
GHG,random,0.8,1,4,9.582117445018461,3.7037037037037037,162,100.0,0.49431731979305427,51,0.4655542952818566,0.8283097845973713
GHG,random,0.8,1,5,14.354922487784167,1.8518518518518519,162,100.0,0.42930503898217165,51,0.460162141316012,0.8363001302715253
GHG,random,0.8,1,6,12.4519357425178,4.320987654320987,162,100.0,0.5745724338055064,51,0.4372830355254327,0.7941345804952608
GHG,random,0.8,1,7,11.857913621269656,4.938271604938271,162,100.0,0.5743662541615263,51,0.4252029516400441,0.8800103232064156
GHG,random,0.8,1,8,11.401995677448562,5.555555555555555,162,94.73684210526315,0.7045165633971142,51,0.4064399667416957,0.7872851269705744
GHG,random,0.8,1,9,13.523776245317517,4.320987654320987,162,100.0,0.5971980291747527,51,0.4181600903510758,0.8511820864617883
GHG,random,0.8,2,0,7.015425109502324,4.320987654320987,162,100.0,0.46767579933922543,51,0.5824956023779714,0.7643671834095049
GHG,random,0.8,2,1,7.866908527675124,1.2345679012345678,162,100.0,0.2977490707787719,51,0.6262112332615435,0.809694049314289
GHG,random,0.8,2,2,9.936050101636724,0.6172839506172839,162,100.0,0.6014530877412768,51,0.5700684271558369,0.8496412376837881
GHG,random,0.8,2,3,18.539026639067306,3.0864197530864197,162,100.0,0.4727918729244179,51,0.510369290533164,0.7177678333098302
GHG,random,0.8,2,4,10.273452228284127,3.7037037037037037,162,100.0,0.2982254581348436,51,0.6534138191039006,0.7781614739087046
GHG,random,0.8,2,5,6.869447930318621,2.4691358024691357,162,100.0,0.4499632389286785,51,0.6044531288760152,0.8272227354003143
GHG,random,0.8,2,6,3.615522989870132,0.6172839506172839,162,89.47368421052632,0.4719481969350753,51,0.6136893321137642,0.8910977633600884
GHG,random,0.8,2,7,5.340404943800124,4.320987654320987,162,100.0,0.6277221805649559,51,0.548580973531954,0.8260279523044629
GHG,random,0.8,2,8,16.41463818060097,2.4691358024691357,162,100.0,0.641323374229226,51,0.48306630666328365,0.7194449169787523
GHG,random,0.8,2,9,17.13037856220658,2.4691358024691357,162,100.0,0.6353866273382552,51,0.5423389818750921,0.7607134365515403
GHG,random,0.8,3,0,14.640630574787869,0.0,162,94.73684210526315,0.24361754232434052,51,0.7300304541531737,0.815941685275463
GHG,random,0.8,3,1,3.2894869031716136,0.0,162,100.0,0.413528873215364,51,0.6895166699761153,0.8243946265687658
GHG,random,0.8,3,2,9.501507282211225,0.6172839506172839,162,100.0,0.25568776317009956,51,0.7209518805753843,0.8178851194947131
GHG,random,0.8,3,3,5.117452326357244,0.6172839506172839,162,100.0,0.2686849392318845,51,0.6999929250668009,0.7943566486068052
GHG,random,0.8,3,4,4.769573193098718,2.4691358024691357,162,100.0,0.3935836953337884,51,0.6832864257877782,0.7680255828260344
GHG,random,0.8,3,5,5.151797057362719,1.2345679012345678,162,100.0,0.575909091144519,51,0.6516265132619261,0.8354939823688677
GHG,random,0.8,3,6,3.54000646079465,1.2345679012345678,162,100.0,0.42065805687180385,51,0.6933608855870536,0.8509810762771097
GHG,random,0.8,3,7,11.521400664208238,3.7037037037037037,162,100.0,0.44407938192603197,51,0.6678617012821456,0.8434928241188983
GHG,random,0.8,3,8,3.8988754987746956,2.4691358024691357,162,100.0,0.361045106887333,51,0.7043159585461042,0.8313304521035538
GHG,random,0.8,3,9,13.83283711039959,0.6172839506172839,162,100.0,0.4517460838246839,51,0.6256788709462174,0.7738801750048107
GHG,random,0.8,0,0,1.0217764823664968,1.2345679012345678,162,89.47368421052632,0.2616796469769896,51,0.84914727235848,0.8030638956773664
GHG,random,0.8,0,1,22.885299866948056,2.4691358024691357,162,47.368421052631575,0.2981938989683607,51,0.7274903064706264,0.7994993644723842
GHG,random,0.8,0,2,21.67756390753047,6.172839506172839,162,100.0,0.5526549081896243,51,0.6211367960557068,0.8108563884846156
GHG,random,0.8,0,3,10.255487816053789,6.790123456790123,162,100.0,0.5698295848071265,51,0.6755448235563106,0.8131707926869759
GHG,random,0.8,0,4,4.589744273407384,0.0,162,100.0,0.653587615867352,51,0.664247822898471,0.7436941522065105
GHG,random,0.8,0,5,8.070065497180888,3.7037037037037037,162,100.0,0.5651163071507045,51,0.7411609108250248,0.869764656767042
GHG,random,0.8,0,6,6.289329138680959,3.0864197530864197,162,84.21052631578947,0.47454028760463673,51,0.7508659530173647,0.8386949026665491
GHG,random,0.8,0,7,13.447075084236806,2.4691358024691357,162,100.0,0.6216814447600704,51,0.6845399581554165,0.7049164958183135
GHG,random,0.8,0,8,5.60574083385237,2.4691358024691357,162,68.42105263157895,0.37809683692240875,51,0.8032098667957696,0.8593592595303404
GHG,random,0.8,0,9,4.6780223780491434,6.790123456790123,162,100.0,0.35744595316447764,51,0.7554964609962681,0.8386009350389158
GHG,random,1.0,1,0,10.475388827091264,1.8518518518518519,162,100.0,0.4449781604115817,64,0.5030903516034123,1.0
GHG,random,1.0,1,1,10.475388827091264,1.8518518518518519,162,100.0,0.4381499683964171,64,0.5030903516034123,1.0
GHG,random,1.0,1,2,10.475388827091264,1.8518518518518519,162,100.0,0.44848108481619253,64,0.5030903516034123,1.0
GHG,random,1.0,1,3,10.475388827091264,1.8518518518518519,162,100.0,0.41439588485232354,64,0.5030903516034123,1.0
GHG,random,1.0,1,4,10.475388827091264,1.8518518518518519,162,100.0,0.4569040625134379,64,0.5030903516034123,1.0
GHG,random,1.0,1,5,10.475388827091264,1.8518518518518519,162,100.0,0.4607456425998289,64,0.5030903516034123,1.0
GHG,random,1.0,1,6,10.475388827091264,1.8518518518518519,162,100.0,0.4039389295787651,64,0.5030903516034123,1.0
GHG,random,1.0,1,7,10.475388827091264,1.8518518518518519,162,100.0,0.42321107707103695,64,0.5030903516034123,1.0
GHG,random,1.0,1,8,10.475388827091264,1.8518518518518519,162,100.0,0.42398034270039325,64,0.5030903516034123,1.0
GHG,random,1.0,1,9,10.475388827091264,1.8518518518518519,162,100.0,0.46122742949113266,64,0.5030903516034123,1.0
GHG,random,1.0,2,0,7.609617825772734,0.0,162,100.0,0.23741471781856616,64,0.7165777265714892,1.0
GHG,random,1.0,2,1,7.609617825772734,0.0,162,100.0,0.2389379507532636,64,0.7165777265714892,1.0
GHG,random,1.0,2,2,7.609617825772734,0.0,162,100.0,0.22102745458775,64,0.7165777265714892,1.0
GHG,random,1.0,2,3,7.609617825772734,0.0,162,100.0,0.21894549796322013,64,0.7165777265714892,1.0
GHG,random,1.0,2,4,7.609617825772734,0.0,162,100.0,0.24181671888343856,64,0.7165777265714892,1.0
GHG,random,1.0,2,5,7.609617825772734,0.0,162,100.0,0.2238919616563758,64,0.7165777265714892,1.0
GHG,random,1.0,2,6,7.609617825772734,0.0,162,100.0,0.2341421138435798,64,0.7165777265714892,1.0
GHG,random,1.0,2,7,7.609617825772734,0.0,162,100.0,0.22720167529062313,64,0.7165777265714892,1.0
GHG,random,1.0,2,8,7.609617825772734,0.0,162,100.0,0.22675132464750297,64,0.7165777265714892,1.0
GHG,random,1.0,2,9,7.609617825772734,0.0,162,100.0,0.253545634148568,64,0.7165777265714892,1.0
GHG,random,1.0,3,0,5.380949239375774,0.0,162,100.0,0.12904266623193733,64,0.8420324535045424,1.0
GHG,random,1.0,3,1,5.380949239375774,0.0,162,100.0,0.13161375107752177,64,0.8420324535045424,1.0
GHG,random,1.0,3,2,5.380949239375774,0.0,162,100.0,0.1318155614215478,64,0.8420324535045424,1.0
GHG,random,1.0,3,3,5.380949239375774,0.0,162,100.0,0.12433116580068163,64,0.8420324535045424,1.0
GHG,random,1.0,3,4,5.380949239375774,0.0,162,100.0,0.12688218244387564,64,0.8420324535045424,1.0
GHG,random,1.0,3,5,5.380949239375774,0.0,162,100.0,0.12626847065768101,64,0.8420324535045424,1.0
GHG,random,1.0,3,6,5.380949239375774,0.0,162,100.0,0.12215552609106389,64,0.8420324535045424,1.0
GHG,random,1.0,3,7,5.380949239375774,0.0,162,100.0,0.13654829353722325,64,0.8420324535045424,1.0
GHG,random,1.0,3,8,5.380949239375774,0.0,162,100.0,0.13587570893530515,64,0.8420324535045424,1.0
GHG,random,1.0,3,9,5.380949239375774,0.0,162,100.0,0.11921185718732887,64,0.8420324535045424,1.0
GHG,random,1.0,0,0,2.139553471676458e-10,0.0,162,100.0,1.5769570686849834e-12,64,0.9999999999941762,1.0
GHG,random,1.0,0,1,2.139553471676458e-10,0.0,162,100.0,1.646648941443097e-12,64,0.9999999999941762,1.0
GHG,random,1.0,0,2,2.139553471676458e-10,0.0,162,100.0,2.7565277046225866e-12,64,0.9999999999941762,1.0
GHG,random,1.0,0,3,2.139553471676458e-10,0.0,162,100.0,9.257209094667094e-13,64,0.9999999999941762,1.0
GHG,random,1.0,0,4,2.139553471676458e-10,0.0,162,100.0,1.5463289830780659e-12,64,0.9999999999941762,1.0
GHG,random,1.0,0,5,2.139553471676458e-10,0.0,162,100.0,2.5401844050177914e-12,64,0.9999999999941762,1.0
GHG,random,1.0,0,6,2.139553471676458e-10,0.0,162,100.0,1.6338007190910425e-12,64,0.9999999999941762,1.0
GHG,random,1.0,0,7,2.139553471676458e-10,0.0,162,100.0,1.6044704337217061e-12,64,0.9999999999941762,1.0
GHG,random,1.0,0,8,2.139553471676458e-10,0.0,162,100.0,1.6864914087368414e-12,64,0.9999999999941762,1.0
GHG,random,1.0,0,9,2.139553471676458e-10,0.0,162,100.0,1.708813572823239e-12,64,0.9999999999941762,1.0
GHG,flow,0.0,1,0,15.544150384097586,9.876543209876543,162,94.73684210526315,0.9627101506063266,0,0.20086052855262304,0.0
GHG,flow,0.0,1,1,15.544150384097586,9.876543209876543,162,89.47368421052632,0.9966848376837342,0,0.20086052855262304,0.0
GHG,flow,0.0,1,2,15.544150384097586,9.876543209876543,162,100.0,1.030164988447714,0,0.20086052855262304,0.0
GHG,flow,0.0,1,3,15.544150384097586,9.876543209876543,162,89.47368421052632,0.9572665937320339,0,0.20086052855262304,0.0
GHG,flow,0.0,1,4,15.544150384097586,9.876543209876543,162,89.47368421052632,1.0170063269124057,0,0.20086052855262304,0.0
GHG,flow,0.0,1,5,15.544150384097586,9.876543209876543,162,100.0,1.0546754750695129,0,0.20086052855262304,0.0
GHG,flow,0.0,1,6,15.544150384097586,9.876543209876543,162,100.0,1.0331791968216157,0,0.20086052855262304,0.0
GHG,flow,0.0,1,7,15.544150384097586,9.876543209876543,162,100.0,0.9898547526024524,0,0.20086052855262304,0.0
GHG,flow,0.0,1,8,15.544150384097586,9.876543209876543,162,94.73684210526315,1.0147808220374586,0,0.20086052855262304,0.0
GHG,flow,0.0,1,9,15.544150384097586,9.876543209876543,162,100.0,1.004337812228109,0,0.20086052855262304,0.0
GHG,flow,0.0,2,0,15.544150384097586,9.876543209876543,162,89.47368421052632,0.9540085355453616,0,0.20086052855262304,0.0
GHG,flow,0.0,2,1,15.544150384097586,9.876543209876543,162,89.47368421052632,1.0840142805784707,0,0.20086052855262304,0.0
GHG,flow,0.0,2,2,15.544150384097586,9.876543209876543,162,100.0,0.9674473438950352,0,0.20086052855262304,0.0
GHG,flow,0.0,2,3,15.544150384097586,9.876543209876543,162,94.73684210526315,1.001370617171038,0,0.20086052855262304,0.0
GHG,flow,0.0,2,4,15.544150384097586,9.876543209876543,162,94.73684210526315,1.030152678802862,0,0.20086052855262304,0.0
GHG,flow,0.0,2,5,15.544150384097586,9.876543209876543,162,100.0,1.018284776447858,0,0.20086052855262304,0.0
GHG,flow,0.0,2,6,15.544150384097586,9.876543209876543,162,94.73684210526315,0.9988246987129887,0,0.20086052855262304,0.0
GHG,flow,0.0,2,7,15.544150384097586,9.876543209876543,162,100.0,0.9721705712290829,0,0.20086052855262304,0.0
GHG,flow,0.0,2,8,15.544150384097586,9.876543209876543,162,100.0,0.9717433474017313,0,0.20086052855262304,0.0
GHG,flow,0.0,2,9,15.544150384097586,9.876543209876543,162,100.0,0.9978866031527982,0,0.20086052855262304,0.0
GHG,flow,0.0,3,0,15.544150384097586,9.876543209876543,162,100.0,1.0178166733355967,0,0.20086052855262304,0.0
GHG,flow,0.0,3,1,15.544150384097586,9.876543209876543,162,89.47368421052632,0.9370546192992993,0,0.20086052855262304,0.0
GHG,flow,0.0,3,2,15.544150384097586,9.876543209876543,162,100.0,1.027174292263678,0,0.20086052855262304,0.0
GHG,flow,0.0,3,3,15.544150384097586,9.876543209876543,162,94.73684210526315,1.0259396489817516,0,0.20086052855262304,0.0
GHG,flow,0.0,3,4,15.544150384097586,9.876543209876543,162,100.0,1.0806454899398048,0,0.20086052855262304,0.0
GHG,flow,0.0,3,5,15.544150384097586,9.876543209876543,162,94.73684210526315,1.0177043698433026,0,0.20086052855262304,0.0
GHG,flow,0.0,3,6,15.544150384097586,9.876543209876543,162,100.0,1.0781633042615317,0,0.20086052855262304,0.0
GHG,flow,0.0,3,7,15.544150384097586,9.876543209876543,162,84.21052631578947,1.0491504672050715,0,0.20086052855262304,0.0
GHG,flow,0.0,3,8,15.544150384097586,9.876543209876543,162,94.73684210526315,0.9827865141834514,0,0.20086052855262304,0.0
GHG,flow,0.0,3,9,15.544150384097586,9.876543209876543,162,94.73684210526315,0.9691214753397046,0,0.20086052855262304,0.0
GHG,flow,0.0,0,0,15.544150384097586,9.876543209876543,162,100.0,1.021626958574717,0,0.20086052855262304,0.0
GHG,flow,0.0,0,1,15.544150384097586,9.876543209876543,162,100.0,1.0408410398249444,0,0.20086052855262304,0.0
GHG,flow,0.0,0,2,15.544150384097586,9.876543209876543,162,100.0,1.0253888117242058,0,0.20086052855262304,0.0
GHG,flow,0.0,0,3,15.544150384097586,9.876543209876543,162,94.73684210526315,0.9958073171947314,0,0.20086052855262304,0.0
GHG,flow,0.0,0,4,15.544150384097586,9.876543209876543,162,100.0,1.0217526649150168,0,0.20086052855262304,0.0
GHG,flow,0.0,0,5,15.544150384097586,9.876543209876543,162,84.21052631578947,1.0518668822668122,0,0.20086052855262304,0.0
GHG,flow,0.0,0,6,15.544150384097586,9.876543209876543,162,89.47368421052632,1.0111643595935997,0,0.20086052855262304,0.0
GHG,flow,0.0,0,7,15.544150384097586,9.876543209876543,162,94.73684210526315,1.0237741230747164,0,0.20086052855262304,0.0
GHG,flow,0.0,0,8,15.544150384097586,9.876543209876543,162,100.0,0.9525804107492325,0,0.20086052855262304,0.0
GHG,flow,0.0,0,9,15.544150384097586,9.876543209876543,162,100.0,1.0645828152641255,0,0.20086052855262304,0.0
GHG,flow,0.05,1,0,14.361588133454434,9.876543209876543,162,94.73684210526315,0.9402899275632098,3,0.23113092989539497,0.09963807665219514
GHG,flow,0.05,1,1,15.648216230985176,9.876543209876543,162,89.47368421052632,1.0406272507578842,3,0.20220511551847858,0.07067920088531683
GHG,flow,0.05,1,2,15.555877938306967,9.876543209876543,162,94.73684210526315,0.9995795838153986,3,0.20738099811948638,0.09669388868417599
GHG,flow,0.05,1,3,14.16407370762354,8.641975308641975,162,100.0,1.0670649254070665,3,0.22641880559548666,0.11231432698919991
GHG,flow,0.05,1,4,15.777769048676463,8.641975308641975,162,94.73684210526315,0.9527760952608241,3,0.20470431901043962,0.06127193829773282
GHG,flow,0.05,1,5,15.365459577207163,9.25925925925926,162,100.0,0.9224108015952057,3,0.2153685908851067,0.07990138328765092
GHG,flow,0.05,1,6,16.60946435871353,9.25925925925926,162,100.0,1.0040503081736531,3,0.21416166432315045,0.07052847238600551
GHG,flow,0.05,1,7,15.6697082829513,10.493827160493828,162,94.73684210526315,1.0497377939359753,3,0.2048034245806565,0.08440218548233575
GHG,flow,0.05,1,8,15.524278280240233,9.876543209876543,162,89.47368421052632,0.9484425531908052,3,0.20229528985343725,0.033794327363141814
GHG,flow,0.05,1,9,15.620484229484541,7.407407407407407,162,100.0,1.0382639266158258,3,0.2062220428957284,0.03665284666130166
GHG,flow,0.05,2,0,15.696627684077594,10.493827160493828,162,94.73684210526315,0.97459305805906,3,0.2044622210615151,0.06550978837244005
GHG,flow,0.05,2,1,14.055454073003135,10.493827160493828,162,84.21052631578947,1.040996835468785,3,0.25913615176560806,0.1431489300497409
GHG,flow,0.05,2,2,13.849371449667142,7.407407407407407,162,100.0,1.0322657213627466,3,0.2412046253780126,0.04828213362420849
GHG,flow,0.05,2,3,15.58664586812785,9.876543209876543,162,100.0,0.9789485925807961,3,0.20539030135099257,0.09353522593671694
GHG,flow,0.05,2,4,9.09504262251995,8.024691358024691,162,94.73684210526315,0.8870985681569282,3,0.2825361751804444,0.09357575398985275
GHG,flow,0.05,2,5,13.407377907824165,9.876543209876543,162,100.0,0.9221390830714141,3,0.23298289326116187,0.08066119529512285
GHG,flow,0.05,2,6,13.231854843757002,10.493827160493828,162,100.0,1.0144188802013283,3,0.22639323218518675,0.08672166047645152
GHG,flow,0.05,2,7,15.818855885056744,9.876543209876543,162,100.0,1.068950037088234,3,0.2045823653256508,0.11439353215763608
GHG,flow,0.05,2,8,13.170226929452328,10.493827160493828,162,100.0,0.980071875280214,3,0.22706467439402292,0.08546515084682145
GHG,flow,0.05,2,9,15.43031144294997,9.876543209876543,162,100.0,1.007055685822082,3,0.20707041505608204,0.07901724746483169
GHG,flow,0.05,3,0,15.553773166154505,9.876543209876543,162,100.0,0.9598722394636391,3,0.20229319018805017,0.12283269689535545
GHG,flow,0.05,3,1,12.557409170284306,8.024691358024691,162,94.73684210526315,0.9102733924820854,3,0.26761881351011446,0.08652849444952034
GHG,flow,0.05,3,2,15.880176851017296,10.493827160493828,162,94.73684210526315,0.9748699496512109,3,0.23945241000366158,0.07155410586739254
GHG,flow,0.05,3,3,16.132474880138503,9.25925925925926,162,100.0,0.9926610646823754,3,0.21296281784327326,0.05941059091245299
GHG,flow,0.05,3,4,14.181298158435984,9.25925925925926,162,100.0,0.9407897210919136,3,0.23200467967401267,0.030214724908027523
GHG,flow,0.05,3,5,13.260737849727352,8.024691358024691,162,78.94736842105263,0.9340515814718906,3,0.27440678036912497,0.06993289232486972
GHG,flow,0.05,3,6,17.560796159908463,9.876543209876543,162,94.73684210526315,1.0161798289669701,3,0.21486963744651663,0.08888163321596647
GHG,flow,0.05,3,7,16.119740737560058,9.876543209876543,162,89.47368421052632,0.9596618580087585,3,0.22529699647260812,0.07977642983709073
GHG,flow,0.05,3,8,15.643568045239222,8.641975308641975,162,94.73684210526315,1.0099931580107098,3,0.255432997092997,0.10632349534864735
GHG,flow,0.05,3,9,16.236865128951916,8.641975308641975,162,94.73684210526315,0.9216503713150186,3,0.23217500316587947,0.0881863433911813
GHG,flow,0.05,0,0,15.698100406297435,9.876543209876543,162,100.0,1.0499025209711499,3,0.2170966907146962,0.034418391847057306
GHG,flow,0.05,0,1,13.163829420644142,10.493827160493828,162,94.73684210526315,1.1242591864772526,3,0.2322267202449658,0.11007325986250659
GHG,flow,0.05,0,2,13.851795888469018,9.25925925925926,162,94.73684210526315,0.9411396381569472,3,0.23507223956747525,0.13095508598681815
GHG,flow,0.05,0,3,16.568430928659605,8.641975308641975,162,84.21052631578947,0.9570234710664388,3,0.25250588486693565,0.04983688694171956
GHG,flow,0.05,0,4,16.26771428407109,9.25925925925926,162,94.73684210526315,0.9133085097871653,3,0.25037238762793634,0.09007601864747285
GHG,flow,0.05,0,5,13.480143995631156,8.641975308641975,162,78.94736842105263,1.038662483041502,3,0.32758156024134033,0.11192465992559376
GHG,flow,0.05,0,6,13.15574167452634,7.407407407407407,162,84.21052631578947,1.0255158451870707,3,0.26572624881070206,0.10666371490783969
GHG,flow,0.05,0,7,15.603140864480602,10.493827160493828,162,100.0,0.9580909648353318,3,0.20692188133793993,0.06765944926411274
GHG,flow,0.05,0,8,14.719847166156482,8.024691358024691,162,84.21052631578947,0.9078540370076694,3,0.25788117033451474,0.0829098483262821
GHG,flow,0.05,0,9,14.079007416353864,9.25925925925926,162,84.21052631578947,1.0169286506607438,3,0.2291188059776312,0.04703650091431317
GHG,flow,0.1,1,0,15.734673659240576,10.493827160493828,162,100.0,0.9435262987397295,6,0.20650741002532644,0.16862424215760202
GHG,flow,0.1,1,1,13.590628545811976,8.024691358024691,162,84.21052631578947,0.9823329701846387,6,0.26415471379718863,0.17622977215888744
GHG,flow,0.1,1,2,10.584063553812502,6.172839506172839,162,89.47368421052632,0.9160945897384477,6,0.28762087113772844,0.2033118002013839
GHG,flow,0.1,1,3,15.204071452450552,8.641975308641975,162,100.0,0.9677900139653991,6,0.23139306701834506,0.1751229928682085
GHG,flow,0.1,1,4,14.998684245629518,9.876543209876543,162,94.73684210526315,0.9674968293041972,6,0.24984979097777144,0.23216386995293942
GHG,flow,0.1,1,5,14.24500963055261,9.25925925925926,162,94.73684210526315,1.037154653816808,6,0.2831439030228349,0.19104740671270656
GHG,flow,0.1,1,6,15.498371639912435,8.641975308641975,162,100.0,0.9061756144241483,6,0.2486612942285698,0.1601916137418749
GHG,flow,0.1,1,7,12.728682512212671,6.790123456790123,162,89.47368421052632,0.8881772877640394,6,0.27778827045633775,0.20193453487973176
GHG,flow,0.1,1,8,12.473992997128471,7.407407407407407,162,100.0,1.006599415715202,6,0.25875994225242893,0.15853776486929325
GHG,flow,0.1,1,9,13.374943701650102,10.493827160493828,162,94.73684210526315,0.9705364686453788,6,0.23766832795009965,0.20287766043717392
GHG,flow,0.1,2,0,15.59623454535098,8.641975308641975,162,94.73684210526315,0.8735995055538688,6,0.2619407827132518,0.12547375664606095
GHG,flow,0.1,2,1,12.330710643468644,7.407407407407407,162,94.73684210526315,0.9746256352290118,6,0.26645170223857295,0.1614772162892953
GHG,flow,0.1,2,2,15.823404272706007,11.11111111111111,162,100.0,0.9750156230219095,6,0.2078007795218404,0.12824121309464748
GHG,flow,0.1,2,3,15.28811167125426,8.024691358024691,162,100.0,0.8979155902221101,6,0.22074255865142114,0.20214388573123235
GHG,flow,0.1,2,4,13.057105661896351,8.641975308641975,162,73.68421052631578,0.9491677045704028,6,0.31180754417477646,0.16884369402627916
GHG,flow,0.1,2,5,11.330904780568096,7.407407407407407,162,94.73684210526315,0.9898097915854285,6,0.2593948744283719,0.15722948002757486
GHG,flow,0.1,2,6,15.120447228673065,9.876543209876543,162,84.21052631578947,1.0209556192228568,6,0.22868644558135956,0.06718084936914907
GHG,flow,0.1,2,7,16.916632503551504,8.024691358024691,162,100.0,0.949136714500762,6,0.21864112582118683,0.20625358618534226
GHG,flow,0.1,2,8,14.089889507868689,9.25925925925926,162,84.21052631578947,1.0043885373456973,6,0.29872387928465116,0.23391202298232008
GHG,flow,0.1,2,9,12.137614095655023,9.25925925925926,162,94.73684210526315,0.8858874552480703,6,0.28619736345482594,0.19572209906937055
GHG,flow,0.1,3,0,17.18771075614396,9.876543209876543,162,94.73684210526315,0.8685402442701984,6,0.2874679719413959,0.16415585589195814
GHG,flow,0.1,3,1,12.333062095098182,9.25925925925926,162,94.73684210526315,0.959029272366163,6,0.27974232968769314,0.21366865896236825
GHG,flow,0.1,3,2,14.283713701852966,8.024691358024691,162,89.47368421052632,0.9399756071370082,6,0.2940509605222489,0.19707620787056615
GHG,flow,0.1,3,3,10.88069356504616,4.938271604938271,162,78.94736842105263,0.8595141582697667,6,0.35979172676097493,0.16550003279759512
GHG,flow,0.1,3,4,12.906259939722991,8.024691358024691,162,84.21052631578947,1.0618726633145932,6,0.28439009136588284,0.19822724103218783
GHG,flow,0.1,3,5,14.255525509782979,9.876543209876543,162,94.73684210526315,1.041645328826567,6,0.22283836161052617,0.15143945973952846
GHG,flow,0.1,3,6,15.232601529574405,9.25925925925926,162,94.73684210526315,0.9523662817920051,6,0.2515426335040942,0.1886758639718119
GHG,flow,0.1,3,7,15.528906714541101,8.641975308641975,162,100.0,1.0124313719578084,6,0.24690992260133285,0.1865411412041328
GHG,flow,0.1,3,8,12.112427544940193,8.024691358024691,162,94.73684210526315,0.9745845889343818,6,0.24222588255283412,0.13426689178749943
GHG,flow,0.1,3,9,15.385279440022028,8.024691358024691,162,100.0,0.9483323733445519,6,0.2566132204200134,0.21514758865934236
GHG,flow,0.1,0,0,15.055065962801331,8.024691358024691,162,100.0,0.9198841516829874,6,0.27417015577262993,0.21533454118088324
GHG,flow,0.1,0,1,15.913933364464716,8.024691358024691,162,94.73684210526315,0.973168790016512,6,0.24669691463137142,0.1429252158592054
GHG,flow,0.1,0,2,15.769240610624152,7.407407407407407,162,89.47368421052632,0.8644047623597091,6,0.33188287534615535,0.13674361274814378
GHG,flow,0.1,0,3,15.447156555529428,9.876543209876543,162,100.0,0.9609631021735459,6,0.22419328352096232,0.1377166682611139
GHG,flow,0.1,0,4,13.080967481810319,8.641975308641975,162,89.47368421052632,0.9647474321564203,6,0.26618216221808205,0.17178079888383174
GHG,flow,0.1,0,5,12.95461615955404,9.25925925925926,162,100.0,0.9630933840639819,6,0.2690056056759009,0.18736943489703678
GHG,flow,0.1,0,6,16.93861278476457,10.493827160493828,162,94.73684210526315,1.0117901263763305,6,0.2095554462166241,0.13098928169234575
GHG,flow,0.1,0,7,15.164731657838578,8.641975308641975,162,100.0,1.0157348141444562,6,0.22040067623899093,0.17193488981801408
GHG,flow,0.1,0,8,18.376021426466078,8.024691358024691,162,100.0,0.7991287111629526,6,0.21640514335318092,0.14997120641604617
GHG,flow,0.1,0,9,15.717371178444466,8.641975308641975,162,89.47368421052632,1.0391597166797442,6,0.2649462162514394,0.13276595685405604
GHG,flow,0.2,1,0,8.320787301612143,8.024691358024691,162,89.47368421052632,0.8447561633671287,13,0.2912416332112724,0.3088867044190985
GHG,flow,0.2,1,1,11.590579664425666,7.407407407407407,162,100.0,0.8530117086433797,13,0.2868232824902169,0.4228261313198936
GHG,flow,0.2,1,2,15.501228628170496,9.876543209876543,162,94.73684210526315,0.8549847483584367,13,0.2982853053934232,0.4459221508029873
GHG,flow,0.2,1,3,10.899333012509846,8.024691358024691,162,100.0,0.9806280120521539,13,0.2763109031195457,0.3709796498962415
GHG,flow,0.2,1,4,15.709964572460988,8.024691358024691,162,78.94736842105263,0.8961811315905087,13,0.30501431139436225,0.4272310358436155
GHG,flow,0.2,1,5,13.496051550271249,9.876543209876543,162,84.21052631578947,1.0525034278298824,13,0.2976601044933835,0.39149185386817525
GHG,flow,0.2,1,6,10.980091511723122,9.25925925925926,162,100.0,0.8359264097335788,13,0.3039903277561522,0.34662202428070554
GHG,flow,0.2,1,7,16.614777622112296,8.024691358024691,162,94.73684210526315,0.8939684672590541,13,0.3075082949062981,0.30670553891250885
GHG,flow,0.2,1,8,11.124756077600198,5.555555555555555,162,84.21052631578947,0.8290240097682152,13,0.33232886154927416,0.34085045024751226
GHG,flow,0.2,1,9,12.526277211604594,7.407407407407407,162,100.0,0.7695174176474311,13,0.3214728150846688,0.3444601089280111
GHG,flow,0.2,2,0,8.945551180037704,6.790123456790123,162,94.73684210526315,0.9839478068720883,13,0.3033705421446761,0.4068647438330214
GHG,flow,0.2,2,1,11.38751771701283,8.641975308641975,162,100.0,0.8806486229041686,13,0.36453316590493623,0.3618472047956641
GHG,flow,0.2,2,2,12.161357197596866,8.024691358024691,162,84.21052631578947,0.8914424914731535,13,0.35944515163959667,0.39446266820660364
GHG,flow,0.2,2,3,12.010640117507977,9.876543209876543,162,100.0,0.8656993583014874,13,0.32012084218941467,0.3198199999310482
GHG,flow,0.2,2,4,11.418512109290923,7.407407407407407,162,89.47368421052632,0.7795820129653475,13,0.33595448631207225,0.3005850167020221
GHG,flow,0.2,2,5,16.666432035158106,10.493827160493828,162,94.73684210526315,0.9478437907577587,13,0.2777177588259927,0.397037693964483
GHG,flow,0.2,2,6,11.854597674221859,6.790123456790123,162,89.47368421052632,0.8589951977408458,13,0.3745291584714575,0.30250947101915177
GHG,flow,0.2,2,7,10.63594435199998,4.938271604938271,162,84.21052631578947,0.9702170753590691,13,0.3509789323945094,0.3166850022116132
GHG,flow,0.2,2,8,14.625650347909705,6.790123456790123,162,94.73684210526315,0.8596583159274742,13,0.3689985033161644,0.39263983598439145
GHG,flow,0.2,2,9,10.080838505691126,9.25925925925926,162,84.21052631578947,0.905600722507823,13,0.3518812289713857,0.2916369747288659
GHG,flow,0.2,3,0,13.779760363675337,8.024691358024691,162,100.0,0.8367795186702127,13,0.32248405880825853,0.3463421971371231
GHG,flow,0.2,3,1,12.699070036969184,6.790123456790123,162,63.1578947368421,0.8982445534278177,13,0.4082592153914893,0.444691730468358
GHG,flow,0.2,3,2,11.606576342851046,9.25925925925926,162,94.73684210526315,0.9711289102934014,13,0.3571802628627074,0.37973072917641415
GHG,flow,0.2,3,3,11.620437931568791,7.407407407407407,162,84.21052631578947,0.9085970176921282,13,0.36432304588014053,0.40124903651099914
GHG,flow,0.2,3,4,11.353980923355275,8.024691358024691,162,100.0,0.8346351818742654,13,0.38663738401973285,0.4299550977419127
GHG,flow,0.2,3,5,11.10816814748666,5.555555555555555,162,84.21052631578947,0.8797076487477377,13,0.376849011314687,0.3818724739193803
GHG,flow,0.2,3,6,7.523131568013238,7.407407407407407,162,84.21052631578947,0.9190345247791327,13,0.37134812565837066,0.4299331393567025
GHG,flow,0.2,3,7,8.654640046298624,8.641975308641975,162,100.0,0.9622211198120438,13,0.38522572081603057,0.3617964888791155
GHG,flow,0.2,3,8,10.428997964207074,4.938271604938271,162,100.0,0.8063324446195027,13,0.3703485137642906,0.4158076510224587
GHG,flow,0.2,3,9,17.057852979432052,8.641975308641975,162,100.0,0.9772752450339737,13,0.2840686997267899,0.3475644196441349
GHG,flow,0.2,0,0,13.983429004319358,9.876543209876543,162,100.0,0.8859965292978215,13,0.3030663574429856,0.3607959545313644
GHG,flow,0.2,0,1,15.009925529520052,11.11111111111111,162,100.0,0.877268591977576,13,0.3043025127322469,0.4065285032027062
GHG,flow,0.2,0,2,11.953644441388802,8.641975308641975,162,94.73684210526315,0.8965534711175858,13,0.2837427022546933,0.35365047018375134
GHG,flow,0.2,0,3,13.299250744542377,9.876543209876543,162,100.0,0.7902656085676196,13,0.3133276997179165,0.37688395126085394
GHG,flow,0.2,0,4,14.247313366115758,9.25925925925926,162,89.47368421052632,0.9648605819327323,13,0.35895339754406635,0.3925974887311488
GHG,flow,0.2,0,5,16.232449062177754,11.728395061728396,162,94.73684210526315,0.9691394713876172,13,0.31198504494351725,0.3058126579022409
GHG,flow,0.2,0,6,11.239486911034497,6.172839506172839,162,68.42105263157895,0.9563492636104105,13,0.41029597328514245,0.40221279947668936
GHG,flow,0.2,0,7,6.9574476626272865,5.555555555555555,162,100.0,0.7440242191525401,13,0.4585304174791951,0.3744023903366086
GHG,flow,0.2,0,8,11.51024933847275,6.172839506172839,162,68.42105263157895,0.8971907319460544,13,0.3817049238138986,0.39587532965445676
GHG,flow,0.2,0,9,16.54118618871786,9.25925925925926,162,68.42105263157895,0.9427240050081581,13,0.34010611899583687,0.3150817835520576
GHG,flow,0.4,1,0,12.011671634421077,4.320987654320987,162,100.0,0.5578574088091963,26,0.3858546960834666,0.6458951228830068
GHG,flow,0.4,1,1,11.71566948466424,9.876543209876543,162,94.73684210526315,0.7458647920521255,26,0.35116027683607315,0.6204882776053006
GHG,flow,0.4,1,2,9.787153258516996,6.172839506172839,162,100.0,0.8266093943231889,26,0.3638552716840101,0.6799297326416779
GHG,flow,0.4,1,3,12.735670506162522,4.320987654320987,162,89.47368421052632,0.8222823244573264,26,0.39161471916156293,0.6152095399648927
GHG,flow,0.4,1,4,11.759590483899087,6.172839506172839,162,100.0,0.6222876604532972,26,0.3962850080572206,0.6453446668692467
GHG,flow,0.4,1,5,10.442787964131986,4.938271604938271,162,100.0,0.6130723317464902,26,0.37474571458811806,0.5863323756505557
GHG,flow,0.4,1,6,9.456805901278587,5.555555555555555,162,100.0,0.5966257160053979,26,0.3912404422506932,0.676821449852959
GHG,flow,0.4,1,7,10.869990754043684,4.938271604938271,162,100.0,0.6067768272351686,26,0.4196114314355084,0.7302624401728407
GHG,flow,0.4,1,8,9.7904182932133,2.4691358024691357,162,94.73684210526315,0.8310654681092917,26,0.37711937293396103,0.6273099746157926
GHG,flow,0.4,1,9,11.499322685686444,8.641975308641975,162,100.0,0.7431621805539377,26,0.34388897258943024,0.685839088800055
GHG,flow,0.4,2,0,15.087685250576946,6.790123456790123,162,100.0,0.7020164963988018,26,0.41094357708233037,0.6091264050591162
GHG,flow,0.4,2,1,9.434815297331419,7.407407407407407,162,100.0,0.7546951993194565,26,0.46291705820384865,0.6670804640331975
GHG,flow,0.4,2,2,5.359757630922232,3.7037037037037037,162,100.0,0.8301706775151203,26,0.50037229807991,0.6699661787731569
GHG,flow,0.4,2,3,7.3382696105094904,4.320987654320987,162,78.94736842105263,0.7532522456390166,26,0.500826050887439,0.6619967567570164
GHG,flow,0.4,2,4,5.79997866414011,3.0864197530864197,162,100.0,0.5972102741877833,26,0.5012905074356909,0.660004978323367
GHG,flow,0.4,2,5,9.012353014463082,7.407407407407407,162,94.73684210526315,0.8269814050966101,26,0.42827171233370437,0.681231663424229
GHG,flow,0.4,2,6,9.661281627058413,5.555555555555555,162,100.0,0.6883647726649332,26,0.4427592611042914,0.6587276021714049
GHG,flow,0.4,2,7,7.861128564093306,3.7037037037037037,162,94.73684210526315,0.7481837725500364,26,0.5149165360377904,0.6707714473576724
GHG,flow,0.4,2,8,7.801632924636323,7.407407407407407,162,84.21052631578947,0.5881038864997724,26,0.5238774099034508,0.6637378409598509
GHG,flow,0.4,2,9,10.270973445637441,9.876543209876543,162,100.0,0.9752377669249364,26,0.3908559732226106,0.635376997517569
GHG,flow,0.4,3,0,6.041879015483047,4.938271604938271,162,94.73684210526315,0.757003119522889,26,0.516104203367743,0.6947035618396561
GHG,flow,0.4,3,1,12.590473251860018,9.876543209876543,162,89.47368421052632,0.8369649867126848,26,0.5117079551423287,0.6420579573454175
GHG,flow,0.4,3,2,2.8778388278946894,1.2345679012345678,162,100.0,0.5832232228497345,26,0.5217025862733015,0.6326295894083519
GHG,flow,0.4,3,3,9.3561903484117,4.938271604938271,162,73.68421052631578,0.8559793828848596,26,0.5414333389226346,0.6620959608698822
GHG,flow,0.4,3,4,3.030870928532104,4.320987654320987,162,84.21052631578947,0.5759121605741561,26,0.5912542207596175,0.6950133120824848
GHG,flow,0.4,3,5,6.929003611402183,3.0864197530864197,162,100.0,0.5169614470278455,26,0.5178786418428869,0.6385568393195392
GHG,flow,0.4,3,6,8.387658105095046,2.4691358024691357,162,100.0,0.6585505560255207,26,0.5035322492098224,0.6498169126501928
GHG,flow,0.4,3,7,7.931442807066196,8.641975308641975,162,100.0,0.6411875823924663,26,0.5145788414732781,0.6936088816009447
GHG,flow,0.4,3,8,6.569324537673453,4.938271604938271,162,73.68421052631578,0.7127847972338522,26,0.5233195205335551,0.6200304111065301
GHG,flow,0.4,3,9,4.823000063431084,2.4691358024691357,162,100.0,0.5535263470272828,26,0.5806000775651254,0.6395081524201763
GHG,flow,0.4,0,0,9.18750071959273,3.0864197530864197,162,52.63157894736842,0.5761435833601285,26,0.5909576270138853,0.6799569229412661
GHG,flow,0.4,0,1,9.55850954057344,4.320987654320987,162,84.21052631578947,0.7183664241205503,26,0.49267608310074024,0.5451661946541343
GHG,flow,0.4,0,2,7.108499599258983,2.4691358024691357,162,47.368421052631575,0.5511926624722789,26,0.6349008469459281,0.6681752254045772
GHG,flow,0.4,0,3,7.463296553777345,4.320987654320987,162,100.0,0.7314940218917546,26,0.4543416047198281,0.6353115725911108
GHG,flow,0.4,0,4,7.348286666384171,3.7037037037037037,162,73.68421052631578,0.5953129902027956,26,0.6053569031206498,0.6464052993838466
GHG,flow,0.4,0,5,14.328958118493954,6.790123456790123,162,89.47368421052632,0.5647528975947745,26,0.5266190008703028,0.6743531609762272
GHG,flow,0.4,0,6,7.933691103823874,7.407407407407407,162,94.73684210526315,0.6031396641696551,26,0.6054306213418128,0.7203410575796625
GHG,flow,0.4,0,7,5.107626221660612,6.790123456790123,162,94.73684210526315,0.4864388729435423,26,0.6305717973184288,0.6334929506972867
GHG,flow,0.4,0,8,9.082400891386373,8.024691358024691,162,94.73684210526315,0.7502349858755232,26,0.5569427425822437,0.6565065890976491
GHG,flow,0.4,0,9,3.669395522730148,6.172839506172839,162,84.21052631578947,0.6466010012279811,26,0.5511568588082895,0.6521748296737038
GHG,flow,0.6,1,0,10.583521208581177,1.8518518518518519,162,100.0,0.5411241820500711,38,0.4302411466254534,0.8105624728246261
GHG,flow,0.6,1,1,9.583608759912046,4.938271604938271,162,100.0,0.4432988153456533,38,0.4521177237710167,0.8489962084041669
GHG,flow,0.6,1,2,7.633511830046018,1.8518518518518519,162,100.0,0.46108981286093287,38,0.45484771951489505,0.8051048273666678
GHG,flow,0.6,1,3,9.90360213135063,4.320987654320987,162,100.0,0.5349134898118637,38,0.42279492969833193,0.805645486896435
GHG,flow,0.6,1,4,6.780771695914588,4.938271604938271,162,100.0,0.573208921922978,38,0.4606159413764061,0.8128646134242556
GHG,flow,0.6,1,5,9.770173279213898,3.0864197530864197,162,94.73684210526315,0.5441572902235969,38,0.4446316555759082,0.7908737105835021
GHG,flow,0.6,1,6,11.266585041255299,4.938271604938271,162,100.0,0.5202220417543556,38,0.45369057021029996,0.8264691648947159
GHG,flow,0.6,1,7,9.903247386245361,8.641975308641975,162,100.0,0.6242694400588551,38,0.4142747351247566,0.8315494240325033
GHG,flow,0.6,1,8,9.221131085748459,4.938271604938271,162,100.0,0.6036723603282219,38,0.4419445606506835,0.8387788458388187
GHG,flow,0.6,1,9,6.176915373819971,4.320987654320987,162,100.0,0.6482658248534574,38,0.4484639796952431,0.8380135739455987
GHG,flow,0.6,2,0,6.133797642694502,4.938271604938271,162,100.0,0.2979407419579459,38,0.6231679502206385,0.8420998059184299
GHG,flow,0.6,2,1,4.859796951829813,4.938271604938271,162,100.0,0.4859049563996476,38,0.5927150742817225,0.8317640679335613
GHG,flow,0.6,2,2,3.239394181109557,2.4691358024691357,162,100.0,0.5593422180189251,38,0.5677757437320721,0.7972484322988792
GHG,flow,0.6,2,3,5.773711808198005,3.0864197530864197,162,100.0,0.34071117317045774,38,0.5928805901808802,0.8310210601014489
GHG,flow,0.6,2,4,4.44338617317124,4.320987654320987,162,94.73684210526315,0.3298743425171023,38,0.6053081309556626,0.8653492164236044
GHG,flow,0.6,2,5,5.518615403525639,1.2345679012345678,162,100.0,0.4603173230305151,38,0.588419009945716,0.8370020712610222
GHG,flow,0.6,2,6,6.169267184723751,1.8518518518518519,162,100.0,0.33149056926458553,38,0.6004104043463814,0.842258452851875
GHG,flow,0.6,2,7,6.3110297528260055,3.7037037037037037,162,100.0,0.4342235037593857,38,0.5719658706445061,0.7985740738179995
GHG,flow,0.6,2,8,6.51408182541347,0.6172839506172839,162,100.0,0.378635435556871,38,0.5997993799826324,0.845871454541113
GHG,flow,0.6,2,9,8.650383363148931,2.4691358024691357,162,100.0,0.31265689046992734,38,0.6086761480770687,0.820784392531951
GHG,flow,0.6,3,0,3.8322974109887005,3.0864197530864197,162,63.1578947368421,0.43496319366937786,38,0.6606932955835703,0.8199674471281562
GHG,flow,0.6,3,1,4.385828571602373,8.641975308641975,162,94.73684210526315,0.6940004477252137,38,0.5779678085376672,0.7917703499789155
GHG,flow,0.6,3,2,4.75012349702157,1.2345679012345678,162,73.68421052631578,0.36159016428963076,38,0.6825885334416663,0.8628404823404754
GHG,flow,0.6,3,3,4.158621796106922,4.320987654320987,162,89.47368421052632,0.4027621917051893,38,0.6554794503197285,0.8434324814113305
GHG,flow,0.6,3,4,4.915309127327541,1.8518518518518519,162,100.0,0.30456279507986384,38,0.6895744506140314,0.8442163326855419
GHG,flow,0.6,3,5,2.446066865112186,3.0864197530864197,162,89.47368421052632,0.45930184330430807,38,0.6544228613735009,0.8301267964076826
GHG,flow,0.6,3,6,2.673153964067041,1.2345679012345678,162,100.0,0.36533201721956116,38,0.6944791816465186,0.8468762980619815
GHG,flow,0.6,3,7,11.030487000924333,0.6172839506172839,162,100.0,0.4092277027783861,38,0.6263156937737782,0.805325049424335
GHG,flow,0.6,3,8,5.380023430448269,0.6172839506172839,162,100.0,0.2003017473773228,38,0.729520057597153,0.8327175933277955
GHG,flow,0.6,3,9,1.8015159735548303,4.938271604938271,162,100.0,0.34892471878038933,38,0.6647709599294963,0.8106882987370468
GHG,flow,0.6,0,0,7.879942034426575,3.7037037037037037,162,100.0,0.5809381545780267,38,0.6333546435810223,0.7654579875635656
GHG,flow,0.6,0,1,2.9417793077573013,3.7037037037037037,162,100.0,0.2396195808857271,38,0.770178905820563,0.8368572060253722
GHG,flow,0.6,0,2,3.1489470663433607,1.2345679012345678,162,100.0,0.4493479797594043,38,0.6948290124588135,0.8053030447592227
GHG,flow,0.6,0,3,1.530218150438929,3.7037037037037037,162,100.0,0.5761827355244019,38,0.7073905399951347,0.825716759957026
GHG,flow,0.6,0,4,5.131405108194531,3.7037037037037037,162,100.0,0.19497032842280157,38,0.7815661103505878,0.8809027899829898
GHG,flow,0.6,0,5,3.7599305929982862,3.7037037037037037,162,94.73684210526315,0.1835654901720002,38,0.8003950715026438,0.870055185995172
GHG,flow,0.6,0,6,5.5605630743962315,4.320987654320987,162,15.789473684210526,0.2646043750828652,38,0.7906228521268204,0.8589199432733629
GHG,flow,0.6,0,7,3.7311014389921584,3.7037037037037037,162,94.73684210526315,0.22722634266998443,38,0.817211646596283,0.8591821697701822
GHG,flow,0.6,0,8,7.3996490657062886,3.7037037037037037,162,42.10526315789473,0.3059694305554933,38,0.7534044541387007,0.8178544479180352
GHG,flow,0.6,0,9,8.970209111415693,4.938271604938271,162,57.89473684210527,0.6585045485157648,38,0.6679566853272155,0.8199311242611971
GHG,flow,0.8,1,0,10.43205209954841,3.7037037037037037,162,100.0,0.43876105392215925,51,0.4833576341195702,0.9666047168085526
GHG,flow,0.8,1,1,9.586086438461471,3.0864197530864197,162,100.0,0.43655308552260674,51,0.49344261151275737,0.9628826413887831
GHG,flow,0.8,1,2,9.503588304643445,4.938271604938271,162,100.0,0.43323943695242617,51,0.48529774374676937,0.9617906762376683
GHG,flow,0.8,1,3,9.209379049948703,3.0864197530864197,162,100.0,0.44875249267482886,51,0.489625796956008,0.9654880164780946
GHG,flow,0.8,1,4,9.801125637629653,2.4691358024691357,162,100.0,0.47858202349964335,51,0.48561647294458876,0.9564380313074893
GHG,flow,0.8,1,5,8.771444528977055,1.2345679012345678,162,100.0,0.4273252114906403,51,0.49652412108093186,0.9605425889788849
GHG,flow,0.8,1,6,10.483439934111523,2.4691358024691357,162,100.0,0.4452603942815291,51,0.4808229906638547,0.9680886595902434
GHG,flow,0.8,1,7,9.446114439190147,3.0864197530864197,162,100.0,0.4322349935692959,51,0.49130829365042167,0.9688698431994739
GHG,flow,0.8,1,8,8.858454930228806,1.2345679012345678,162,100.0,0.46859709264935895,51,0.48445387690723246,0.9527743902635161
GHG,flow,0.8,1,9,9.702808243702865,4.320987654320987,162,100.0,0.44407813534940904,51,0.4937337450370604,0.9581293983254922
GHG,flow,0.8,2,0,8.646219043288202,0.0,162,100.0,0.25676772864379777,51,0.7001173684792851,0.9655963400171245
GHG,flow,0.8,2,1,5.718896088783646,1.2345679012345678,162,100.0,0.25496312272623367,51,0.6615929990378212,0.9581166165021278
GHG,flow,0.8,2,2,6.313375862657263,3.0864197530864197,162,100.0,0.26096830751861577,51,0.6667193161189635,0.9519644845470698
GHG,flow,0.8,2,3,6.243749915295696,1.2345679012345678,162,100.0,0.25315362385997847,51,0.6801130783938626,0.9666987044336747
GHG,flow,0.8,2,4,6.597736195325117,0.0,162,100.0,0.22531539624717023,51,0.7027471227470468,0.9529574135642231
GHG,flow,0.8,2,5,10.196720964591599,2.4691358024691357,162,100.0,0.2634053303590716,51,0.6575572741192309,0.9479770773061778
GHG,flow,0.8,2,6,6.469837717253501,3.0864197530864197,162,100.0,0.23659471754406533,51,0.6817697132233489,0.94618801227188
GHG,flow,0.8,2,7,9.412494993974342,1.2345679012345678,162,100.0,0.25807918232790233,51,0.6675625307821863,0.9569332554004152
GHG,flow,0.8,2,8,8.40950453647642,1.2345679012345678,162,100.0,0.28157694837652325,51,0.6585995081524354,0.9395566330745839
GHG,flow,0.8,2,9,8.265062467550825,4.320987654320987,162,100.0,0.24789797349277057,51,0.6604793202808082,0.9604084503961265
GHG,flow,0.8,3,0,3.8843760652800636,0.0,162,100.0,0.1450624023196854,51,0.806266932897027,0.9691392173700802
GHG,flow,0.8,3,1,5.280881121835101,0.6172839506172839,162,100.0,0.141346289627419,51,0.8162562879685219,0.9610847985996979
GHG,flow,0.8,3,2,3.804222025855905,0.0,162,100.0,0.15959372581522072,51,0.7881496281293853,0.9564148199367783
GHG,flow,0.8,3,3,2.983280374081466,3.0864197530864197,162,100.0,0.15001329074804767,51,0.7740507583796569,0.9551637244843508
GHG,flow,0.8,3,4,3.8381104999090283,4.320987654320987,162,100.0,0.1647221981357223,51,0.788761041867327,0.968766612735115
GHG,flow,0.8,3,5,3.673935674173148,0.0,162,100.0,0.19103832335041782,51,0.7811298810876648,0.9598423374914966
GHG,flow,0.8,3,6,4.673474108608431,1.2345679012345678,162,94.73684210526315,0.1569613825619606,51,0.7959987104793275,0.9649795826155481
GHG,flow,0.8,3,7,2.696070268202609,0.6172839506172839,162,100.0,0.13397979041467875,51,0.799931190382817,0.9620979679321111
GHG,flow,0.8,3,8,4.373864886174675,1.2345679012345678,162,94.73684210526315,0.17064062254709864,51,0.7705627095455433,0.9611668225844184
GHG,flow,0.8,3,9,4.777042109696597,0.6172839506172839,162,100.0,0.13227289280038534,51,0.8120141297505077,0.9706545099289906
GHG,flow,0.8,0,0,0.4512279635131941,0.0,162,100.0,0.10073538229303866,51,0.9487584165263707,0.9594040125385983
GHG,flow,0.8,0,1,0.2694660583482442,0.0,162,100.0,0.08574672629196455,51,0.9489664018065328,0.9515137902904295
GHG,flow,0.8,0,2,0.8065393354913507,3.7037037037037037,162,89.47368421052632,0.09943486816583039,51,0.9053973571150218,0.9577523788163982
GHG,flow,0.8,0,3,2.4204940865558258,1.2345679012345678,162,10.526315789473683,0.08921461773776115,51,0.9063045235994484,0.9667262398327802
GHG,flow,0.8,0,4,0.472802506443536,0.0,162,100.0,0.07489277296566896,51,0.9461857623918635,0.953032882943533
GHG,flow,0.8,0,5,0.3666709389933656,0.0,162,100.0,0.11317819619386846,51,0.9095964624884827,0.9603864662998594
GHG,flow,0.8,0,6,0.16555170941520964,0.0,162,100.0,0.04888824751967994,51,0.970889824220943,0.9684210989836519
GHG,flow,0.8,0,7,0.8423983384159152,1.8518518518518519,162,94.73684210526315,0.08062009891269512,51,0.9095278344902357,0.9506448862690079
GHG,flow,0.8,0,8,1.0661227652198273,4.320987654320987,162,100.0,0.08461262891639658,51,0.8861918181347037,0.961675512986176
GHG,flow,0.8,0,9,1.368804930269717,2.4691358024691357,162,94.73684210526315,0.11565908250842026,51,0.8811367451037098,0.9448179626154761
GHG,flow,1.0,1,0,10.475388827091264,1.8518518518518519,162,100.0,0.4293269208283394,64,0.5030903516034123,1.0
GHG,flow,1.0,1,1,10.475388827091264,1.8518518518518519,162,100.0,0.4186465587105739,64,0.5030903516034123,1.0
GHG,flow,1.0,1,2,10.475388827091264,1.8518518518518519,162,100.0,0.4194055214663902,64,0.5030903516034123,1.0
GHG,flow,1.0,1,3,10.475388827091264,1.8518518518518519,162,100.0,0.41705369798362746,64,0.5030903516034123,1.0
GHG,flow,1.0,1,4,10.475388827091264,1.8518518518518519,162,100.0,0.44161543613467513,64,0.5030903516034123,1.0
GHG,flow,1.0,1,5,10.475388827091264,1.8518518518518519,162,100.0,0.4372019978355039,64,0.5030903516034123,1.0
GHG,flow,1.0,1,6,10.475388827091264,1.8518518518518519,162,100.0,0.39490209704864376,64,0.5030903516034123,1.0
GHG,flow,1.0,1,7,10.475388827091264,1.8518518518518519,162,100.0,0.44964053152443845,64,0.5030903516034123,1.0
GHG,flow,1.0,1,8,10.475388827091264,1.8518518518518519,162,100.0,0.39782179214515456,64,0.5030903516034123,1.0
GHG,flow,1.0,1,9,10.475388827091264,1.8518518518518519,162,100.0,0.414984497142145,64,0.5030903516034123,1.0
GHG,flow,1.0,2,0,7.609617825772734,0.0,162,100.0,0.24466096693833064,64,0.7165777265714892,1.0
GHG,flow,1.0,2,1,7.609617825772734,0.0,162,100.0,0.20889043724228698,64,0.7165777265714892,1.0
GHG,flow,1.0,2,2,7.609617825772734,0.0,162,100.0,0.2809390396769841,64,0.7165777265714892,1.0
GHG,flow,1.0,2,3,7.609617825772734,0.0,162,100.0,0.22433540299568816,64,0.7165777265714892,1.0
GHG,flow,1.0,2,4,7.609617825772734,0.0,162,100.0,0.23885498562941937,64,0.7165777265714892,1.0
GHG,flow,1.0,2,5,7.609617825772734,0.0,162,100.0,0.2425832393300174,64,0.7165777265714892,1.0
GHG,flow,1.0,2,6,7.609617825772734,0.0,162,100.0,0.20775669663539187,64,0.7165777265714892,1.0
GHG,flow,1.0,2,7,7.609617825772734,0.0,162,100.0,0.2534490966803255,64,0.7165777265714892,1.0
GHG,flow,1.0,2,8,7.609617825772734,0.0,162,100.0,0.22754072431057173,64,0.7165777265714892,1.0
GHG,flow,1.0,2,9,7.609617825772734,0.0,162,100.0,0.2137957418966345,64,0.7165777265714892,1.0
GHG,flow,1.0,3,0,5.380949239375774,0.0,162,100.0,0.12952048976575442,64,0.8420324535045424,1.0
GHG,flow,1.0,3,1,5.380949239375774,0.0,162,100.0,0.13134643864530857,64,0.8420324535045424,1.0
GHG,flow,1.0,3,2,5.380949239375774,0.0,162,100.0,0.12592784591505216,64,0.8420324535045424,1.0
GHG,flow,1.0,3,3,5.380949239375774,0.0,162,100.0,0.13657082988245914,64,0.8420324535045424,1.0
GHG,flow,1.0,3,4,5.380949239375774,0.0,162,100.0,0.1366791012263203,64,0.8420324535045424,1.0
GHG,flow,1.0,3,5,5.380949239375774,0.0,162,100.0,0.1432504894874106,64,0.8420324535045424,1.0
GHG,flow,1.0,3,6,5.380949239375774,0.0,162,100.0,0.12912117986165553,64,0.8420324535045424,1.0
GHG,flow,1.0,3,7,5.380949239375774,0.0,162,100.0,0.13300897405086687,64,0.8420324535045424,1.0
GHG,flow,1.0,3,8,5.380949239375774,0.0,162,100.0,0.13050722406958803,64,0.8420324535045424,1.0
GHG,flow,1.0,3,9,5.380949239375774,0.0,162,100.0,0.13171706348269435,64,0.8420324535045424,1.0
GHG,flow,1.0,0,0,2.139553471676458e-10,0.0,162,100.0,1.702584131682849e-12,64,0.9999999999941762,1.0
GHG,flow,1.0,0,1,2.139553471676458e-10,0.0,162,100.0,1.675719666764917e-12,64,0.9999999999941762,1.0
GHG,flow,1.0,0,2,2.139553471676458e-10,0.0,162,100.0,1.5552838047173765e-12,64,0.9999999999941762,1.0
GHG,flow,1.0,0,3,2.139553471676458e-10,0.0,162,100.0,1.764618983039233e-12,64,0.9999999999941762,1.0
GHG,flow,1.0,0,4,2.139553471676458e-10,0.0,162,100.0,1.6197844765251649e-12,64,0.9999999999941762,1.0
GHG,flow,1.0,0,5,2.139553471676458e-10,0.0,162,100.0,9.165065277798825e-13,64,0.9999999999941762,1.0
GHG,flow,1.0,0,6,2.139553471676458e-10,0.0,162,100.0,2.6698346487521585e-12,64,0.9999999999941762,1.0
GHG,flow,1.0,0,7,2.139553471676458e-10,0.0,162,100.0,1.6528783825834868e-12,64,0.9999999999941762,1.0
GHG,flow,1.0,0,8,2.139553471676458e-10,0.0,162,100.0,1.7289294765057485e-12,64,0.9999999999941762,1.0
GHG,flow,1.0,0,9,2.139553471676458e-10,0.0,162,100.0,5.745361651772218e-13,64,0.9999999999941762,1.0
GHG,cluster,0.0,1,0,15.544150384097586,9.876543209876543,162,100.0,1.0013892319606887,0,0.20086052855262304,0.0
GHG,cluster,0.0,1,1,15.544150384097586,9.876543209876543,162,100.0,0.943869689019892,0,0.20086052855262304,0.0
GHG,cluster,0.0,1,2,15.544150384097586,9.876543209876543,162,94.73684210526315,0.9162153625731666,0,0.20086052855262304,0.0
GHG,cluster,0.0,1,3,15.544150384097586,9.876543209876543,162,84.21052631578947,1.006559801863943,0,0.20086052855262304,0.0
GHG,cluster,0.0,1,4,15.544150384097586,9.876543209876543,162,89.47368421052632,0.9965219022041287,0,0.20086052855262304,0.0
GHG,cluster,0.0,1,5,15.544150384097586,9.876543209876543,162,89.47368421052632,0.9602447620679346,0,0.20086052855262304,0.0
GHG,cluster,0.0,1,6,15.544150384097586,9.876543209876543,162,100.0,1.077136119753877,0,0.20086052855262304,0.0
GHG,cluster,0.0,1,7,15.544150384097586,9.876543209876543,162,94.73684210526315,1.0312936894982097,0,0.20086052855262304,0.0
GHG,cluster,0.0,1,8,15.544150384097586,9.876543209876543,162,94.73684210526315,1.039351824272818,0,0.20086052855262304,0.0
GHG,cluster,0.0,1,9,15.544150384097586,9.876543209876543,162,100.0,1.0175936353351533,0,0.20086052855262304,0.0
GHG,cluster,0.0,2,0,15.544150384097586,9.876543209876543,162,94.73684210526315,1.0410314485161964,0,0.20086052855262304,0.0
GHG,cluster,0.0,2,1,15.544150384097586,9.876543209876543,162,94.73684210526315,0.9582192453605737,0,0.20086052855262304,0.0
GHG,cluster,0.0,2,2,15.544150384097586,9.876543209876543,162,84.21052631578947,1.0284020064053112,0,0.20086052855262304,0.0
GHG,cluster,0.0,2,3,15.544150384097586,9.876543209876543,162,89.47368421052632,1.0153050154164838,0,0.20086052855262304,0.0
GHG,cluster,0.0,2,4,15.544150384097586,9.876543209876543,162,94.73684210526315,1.0429579029196292,0,0.20086052855262304,0.0
GHG,cluster,0.0,2,5,15.544150384097586,9.876543209876543,162,94.73684210526315,0.9346664592336068,0,0.20086052855262304,0.0
GHG,cluster,0.0,2,6,15.544150384097586,9.876543209876543,162,100.0,0.9546401788380211,0,0.20086052855262304,0.0
GHG,cluster,0.0,2,7,15.544150384097586,9.876543209876543,162,94.73684210526315,1.0137956796781487,0,0.20086052855262304,0.0
GHG,cluster,0.0,2,8,15.544150384097586,9.876543209876543,162,94.73684210526315,0.9796497089657886,0,0.20086052855262304,0.0
GHG,cluster,0.0,2,9,15.544150384097586,9.876543209876543,162,89.47368421052632,1.0045512321902537,0,0.20086052855262304,0.0
GHG,cluster,0.0,3,0,15.544150384097586,9.876543209876543,162,94.73684210526315,0.9652494400081792,0,0.20086052855262304,0.0
GHG,cluster,0.0,3,1,15.544150384097586,9.876543209876543,162,100.0,0.938899107405817,0,0.20086052855262304,0.0
GHG,cluster,0.0,3,2,15.544150384097586,9.876543209876543,162,84.21052631578947,1.0077316267820402,0,0.20086052855262304,0.0
GHG,cluster,0.0,3,3,15.544150384097586,9.876543209876543,162,100.0,0.9635875356438686,0,0.20086052855262304,0.0
GHG,cluster,0.0,3,4,15.544150384097586,9.876543209876543,162,100.0,0.9731104482093719,0,0.20086052855262304,0.0
GHG,cluster,0.0,3,5,15.544150384097586,9.876543209876543,162,100.0,1.0447382667547076,0,0.20086052855262304,0.0
GHG,cluster,0.0,3,6,15.544150384097586,9.876543209876543,162,100.0,1.059726501595892,0,0.20086052855262304,0.0
GHG,cluster,0.0,3,7,15.544150384097586,9.876543209876543,162,94.73684210526315,0.9682726022096341,0,0.20086052855262304,0.0
GHG,cluster,0.0,3,8,15.544150384097586,9.876543209876543,162,94.73684210526315,1.002092799166814,0,0.20086052855262304,0.0
GHG,cluster,0.0,3,9,15.544150384097586,9.876543209876543,162,94.73684210526315,1.05593072338187,0,0.20086052855262304,0.0
GHG,cluster,0.0,0,0,15.544150384097586,9.876543209876543,162,100.0,1.0434012909565342,0,0.20086052855262304,0.0
GHG,cluster,0.0,0,1,15.544150384097586,9.876543209876543,162,89.47368421052632,0.9928848029612217,0,0.20086052855262304,0.0
GHG,cluster,0.0,0,2,15.544150384097586,9.876543209876543,162,84.21052631578947,1.032342693866539,0,0.20086052855262304,0.0
GHG,cluster,0.0,0,3,15.544150384097586,9.876543209876543,162,94.73684210526315,1.0462100218215735,0,0.20086052855262304,0.0
GHG,cluster,0.0,0,4,15.544150384097586,9.876543209876543,162,100.0,1.0089632743076935,0,0.20086052855262304,0.0
GHG,cluster,0.0,0,5,15.544150384097586,9.876543209876543,162,100.0,1.016776826233305,0,0.20086052855262304,0.0
GHG,cluster,0.0,0,6,15.544150384097586,9.876543209876543,162,100.0,0.9892341311779058,0,0.20086052855262304,0.0
GHG,cluster,0.0,0,7,15.544150384097586,9.876543209876543,162,94.73684210526315,0.9931398065298417,0,0.20086052855262304,0.0
GHG,cluster,0.0,0,8,15.544150384097586,9.876543209876543,162,89.47368421052632,1.0300826574061372,0,0.20086052855262304,0.0
GHG,cluster,0.0,0,9,15.544150384097586,9.876543209876543,162,100.0,1.014464937552396,0,0.20086052855262304,0.0
GHG,cluster,0.05,1,0,15.557290401812491,9.876543209876543,162,89.47368421052632,1.0280500509163175,3,0.20118083263299272,0.06313224010003665
GHG,cluster,0.05,1,1,15.561145967176312,9.876543209876543,162,84.21052631578947,0.9220971158713316,3,0.20204771024275123,0.07077335763205693
GHG,cluster,0.05,1,2,15.96607559067287,11.11111111111111,162,89.47368421052632,1.0107412461440672,3,0.22971063303286243,0.04094095328167629
GHG,cluster,0.05,1,3,15.57150945328444,9.876543209876543,162,94.73684210526315,0.9970311319281482,3,0.2039801949612338,0.03130089878644012
GHG,cluster,0.05,1,4,15.56481388894417,9.876543209876543,162,94.73684210526315,1.0223134290491278,3,0.2022070167324477,0.07113570926893198
GHG,cluster,0.05,1,5,15.32877226243438,9.876543209876543,162,100.0,0.9717413446921492,3,0.21476150366671673,0.023622443657752977
GHG,cluster,0.05,1,6,15.536019697811051,9.876543209876543,162,89.47368421052632,1.032491549908651,3,0.20093002797424503,0.0229084304700583
GHG,cluster,0.05,1,7,15.566139433301226,9.876543209876543,162,94.73684210526315,0.9603764875529754,3,0.20226502594318835,0.07363727796621261
GHG,cluster,0.05,1,8,16.162481239837774,9.876543209876543,162,100.0,0.9912891354672294,3,0.20991045636691122,0.045593277590291935
GHG,cluster,0.05,1,9,15.541705039991474,9.876543209876543,162,89.47368421052632,0.998280061039279,3,0.20121498529446705,0.04337701363440316
GHG,cluster,0.05,2,0,15.208404367881187,8.641975308641975,162,100.0,0.9485015579889953,3,0.21650877177325292,0.01945086983116223
GHG,cluster,0.05,2,1,15.534564521304112,9.876543209876543,162,100.0,1.005218801467813,3,0.20094216445538904,0.0229084304700583
GHG,cluster,0.05,2,2,15.547144090346569,9.876543209876543,162,89.47368421052632,1.0652897845219746,3,0.2010466056725414,0.005829982697933032
GHG,cluster,0.05,2,3,15.128918316980878,9.876543209876543,162,100.0,1.0228083759386315,3,0.22144632301148878,0.03034450860912288
GHG,cluster,0.05,2,4,15.38687664768828,8.024691358024691,162,100.0,0.9128263741636888,3,0.2510015535959191,0.04224077290078658
GHG,cluster,0.05,2,5,14.75849700561143,6.172839506172839,162,100.0,0.9187509600909408,3,0.20862997129843783,0.052902364820385094
GHG,cluster,0.05,2,6,15.57779701821644,9.876543209876543,162,84.21052631578947,0.9582549045105299,3,0.20147733764170048,0.05136154860972332
GHG,cluster,0.05,2,7,15.547144090346569,9.876543209876543,162,100.0,1.0203845425223443,3,0.2010466056725414,0.005829982697933032
GHG,cluster,0.05,2,8,15.540055094097935,9.876543209876543,162,94.73684210526315,1.0303635034783025,3,0.2009366867924385,0.02442179698513687
GHG,cluster,0.05,2,9,15.545445317181608,9.876543209876543,162,100.0,1.023838768516766,3,0.20095815593931365,0.006052842138669757
GHG,cluster,0.05,3,0,16.36810705541655,11.11111111111111,162,94.73684210526315,1.026729869301323,3,0.2152325012404712,0.04440777904272496
GHG,cluster,0.05,3,1,16.04861610146405,9.876543209876543,162,100.0,0.956960505860941,3,0.2316635012698964,0.04699663220694478
GHG,cluster,0.05,3,2,14.905965886743534,7.407407407407407,162,84.21052631578947,0.9722824648774128,3,0.2574488782396922,0.06633098409960021
GHG,cluster,0.05,3,3,15.537943085329244,9.876543209876543,162,84.21052631578947,0.9187847240033998,3,0.20152902280751891,0.02740866987827788
GHG,cluster,0.05,3,4,14.41991280668603,7.407407407407407,162,84.21052631578947,0.9841566971137572,3,0.2586004097366992,0.09130569393281218
GHG,cluster,0.05,3,5,15.547150436114487,9.876543209876543,162,94.73684210526315,1.015264518215555,3,0.20104705461650058,0.005829982697933032
GHG,cluster,0.05,3,6,15.573452179962672,9.876543209876543,162,89.47368421052632,0.9779447471338639,3,0.20138386861562116,0.03329406847394016
GHG,cluster,0.05,3,7,15.547150436114487,9.876543209876543,162,100.0,0.9886276294033473,3,0.20104705461650058,0.005829982697933032
GHG,cluster,0.05,3,8,15.55200966811769,9.876543209876543,162,89.47368421052632,1.0338108088133495,3,0.20123709588240016,0.05182427906908105
GHG,cluster,0.05,3,9,15.532588536265497,9.25925925925926,162,94.73684210526315,0.9883404794711633,3,0.2010375703614087,0.038901664243224374
GHG,cluster,0.05,0,0,14.774114884070647,7.407407407407407,162,94.73684210526315,0.9338112077798104,3,0.2843498779278459,0.08858007394447351
GHG,cluster,0.05,0,1,15.585351319043871,9.876543209876543,162,100.0,1.0321063088612548,3,0.20147212417078203,0.04616273978858612
GHG,cluster,0.05,0,2,15.551848076596364,9.876543209876543,162,100.0,0.9984514316997188,3,0.20124842994514283,0.05186801014853576
GHG,cluster,0.05,0,3,15.401960136539191,10.493827160493828,162,100.0,1.0403047094257794,3,0.2150819271138793,0.016955305522676715
GHG,cluster,0.05,0,4,15.534233590770432,9.876543209876543,162,94.73684210526315,0.9555274261109763,3,0.20094501075899074,0.0229084304700583
GHG,cluster,0.05,0,5,15.68543220353611,9.876543209876543,162,94.73684210526315,1.0227532818015375,3,0.20317184175136507,0.04679931584409124
GHG,cluster,0.05,0,6,15.547150998303913,9.876543209876543,162,100.0,1.0480147385413618,3,0.20104708790766912,0.005829982697933032
GHG,cluster,0.05,0,7,15.535292707371715,9.876543209876543,162,94.73684210526315,0.9574501630851789,3,0.20092696210599628,0.018005046833621353
GHG,cluster,0.05,0,8,15.55784936069253,9.876543209876543,162,94.73684210526315,0.9646342768715156,3,0.20130251478108044,0.06313224010003665
GHG,cluster,0.05,0,9,15.547150998303913,9.876543209876543,162,100.0,1.0010127842166852,3,0.20104708790766912,0.005829982697933032
GHG,cluster,0.1,1,0,15.371800216144301,9.876543209876543,162,100.0,1.0196964607215384,6,0.21620698461337576,0.06082428594478913
GHG,cluster,0.1,1,1,15.69797723742574,10.493827160493828,162,100.0,0.9858267566218851,6,0.20408693762645744,0.0699499039027542
GHG,cluster,0.1,1,2,17.21353579110392,10.493827160493828,162,94.73684210526315,0.9085549705115539,6,0.23399786202718875,0.12932390626732787
GHG,cluster,0.1,1,3,12.775879183925094,8.641975308641975,162,100.0,0.8363136404069668,6,0.241783873260496,0.06901118807722952
GHG,cluster,0.1,1,4,15.673722964061959,9.876543209876543,162,100.0,1.0334844734848443,6,0.20326050294511927,0.09400967720982907
GHG,cluster,0.1,1,5,15.028932254055166,8.641975308641975,162,84.21052631578947,0.9538051984275705,6,0.2586465685393051,0.13137749750963543
GHG,cluster,0.1,1,6,16.58120352991212,10.493827160493828,162,94.73684210526315,0.9753904034779073,6,0.23932779516720395,0.1765051410052229
GHG,cluster,0.1,1,7,16.01514263877491,11.11111111111111,162,84.21052631578947,1.0696804591518734,6,0.23549520566197246,0.04892729660132402
GHG,cluster,0.1,1,8,15.548893324207736,9.876543209876543,162,94.73684210526315,0.987517186017747,6,0.20129225529634664,0.060882322084883624
GHG,cluster,0.1,1,9,15.487552267906052,9.876543209876543,162,84.21052631578947,1.0452371874088224,6,0.20957273283882372,0.11028036299628725
GHG,cluster,0.1,2,0,16.514551247199417,10.493827160493828,162,89.47368421052632,0.9251633308148859,6,0.260439740673232,0.09014305194337269
GHG,cluster,0.1,2,1,15.613258476704866,9.876543209876543,162,94.73684210526315,1.0721996446227156,6,0.21147629836782222,0.12394910297705261
GHG,cluster,0.1,2,2,15.146821484977263,8.641975308641975,162,94.73684210526315,1.0006653748784788,6,0.21628748366997974,0.05351585691774972
GHG,cluster,0.1,2,3,15.304550004496534,7.407407407407407,162,84.21052631578947,1.0361388441812478,6,0.2543786930504308,0.1367341745048755
GHG,cluster,0.1,2,4,17.124759787662875,9.25925925925926,162,100.0,0.8277064670992902,6,0.22328235657385706,0.0788351566184511
GHG,cluster,0.1,2,5,13.798253943069499,6.790123456790123,162,100.0,1.0233338214989443,6,0.27643730587087634,0.09144028331609971
GHG,cluster,0.1,2,6,13.986330526827325,3.7037037037037037,162,100.0,0.8294156913403778,6,0.2982479709862395,0.09873091857777168
GHG,cluster,0.1,2,7,13.960237780609393,8.641975308641975,162,94.73684210526315,1.0253744897923185,6,0.29821602190059116,0.1305935079670742
GHG,cluster,0.1,2,8,15.607030150488239,10.493827160493828,162,100.0,1.001936697847839,6,0.20365681124728424,0.10226121236817881
GHG,cluster,0.1,2,9,12.966001195051993,8.024691358024691,162,94.73684210526315,1.0278658564939835,6,0.2479518767887143,0.045523181821850625
GHG,cluster,0.1,3,0,14.179180210115364,8.641975308641975,162,89.47368421052632,0.9828956410753097,6,0.30483944756486375,0.1305935079670742
GHG,cluster,0.1,3,1,15.578517112703686,9.876543209876543,162,89.47368421052632,1.0302493923610139,6,0.20994723734098236,0.1256835851518609
GHG,cluster,0.1,3,2,10.642596045561733,10.493827160493828,162,100.0,1.094990825924868,6,0.26063853376336366,0.10943391958271859
GHG,cluster,0.1,3,3,15.552464994684263,9.876543209876543,162,94.73684210526315,0.9861596194738408,6,0.20137476571258783,0.0637717626426498
GHG,cluster,0.1,3,4,13.334724076118205,11.728395061728396,162,94.73684210526315,0.9620837193632994,6,0.27688637924660325,0.10399551627966007
GHG,cluster,0.1,3,5,15.491480657236304,9.876543209876543,162,94.73684210526315,1.1314221854927948,6,0.21069196611105112,0.1675826203983909
GHG,cluster,0.1,3,6,15.551133676207634,9.876543209876543,162,100.0,1.1012984085625757,6,0.20132119115405403,0.06481264278071183
GHG,cluster,0.1,3,7,14.958479451127635,7.407407407407407,162,78.94736842105263,1.0160863962779443,6,0.2577709248244284,0.1001278054352504
GHG,cluster,0.1,3,8,16.438909634180185,7.407407407407407,162,100.0,0.7991226418240925,6,0.25538655985821057,0.08238227800984728
GHG,cluster,0.1,3,9,13.480383753139805,10.493827160493828,162,89.47368421052632,0.9847679266402496,6,0.22738494018429106,0.10338730923285748
GHG,cluster,0.1,0,0,17.517292902802776,11.11111111111111,162,94.73684210526315,0.9317957952705815,6,0.24492398399884754,0.13779582632003773
GHG,cluster,0.1,0,1,14.721466266147148,9.25925925925926,162,89.47368421052632,0.883100982236696,6,0.2890891205952297,0.08818783063297742
GHG,cluster,0.1,0,2,12.393378812167684,9.876543209876543,162,94.73684210526315,1.0072040066060233,6,0.23418838135108067,0.03515239680979652
GHG,cluster,0.1,0,3,15.688684091417027,10.493827160493828,162,100.0,0.8569010162369497,6,0.22265184694180126,0.08865240371807159
GHG,cluster,0.1,0,4,15.72244058237438,9.876543209876543,162,94.73684210526315,0.9838379857414643,6,0.20312389700281308,0.11387512297641304
GHG,cluster,0.1,0,5,18.067375073852183,11.11111111111111,162,94.73684210526315,0.9586198261321301,6,0.2506360253347268,0.09335872010322745
GHG,cluster,0.1,0,6,14.102236991005526,9.25925925925926,162,94.73684210526315,0.9897583212249459,6,0.23013582800212,0.10546525513086788
GHG,cluster,0.1,0,7,15.738298256578483,9.876543209876543,162,100.0,0.9923944230860162,6,0.20463050321673473,0.1689305208364075
GHG,cluster,0.1,0,8,15.727034219995998,10.493827160493828,162,100.0,1.0247517592218482,6,0.2046286645589528,0.06639800082615233
GHG,cluster,0.1,0,9,17.712925493357805,11.11111111111111,162,94.73684210526315,1.110193772195497,6,0.24942412806650383,0.11723701105893222
GHG,cluster,0.2,1,0,14.134256779969418,6.790123456790123,162,100.0,0.7755872759470467,13,0.25673555428811945,0.15527023807925522
GHG,cluster,0.2,1,1,14.852174015884966,8.024691358024691,162,100.0,0.8159447852681468,13,0.25510000646208936,0.1508808630338331
GHG,cluster,0.2,1,2,16.242543346029215,10.493827160493828,162,84.21052631578947,0.9683466017811869,13,0.25225257520064165,0.13826346187767413
GHG,cluster,0.2,1,3,13.948450743298944,8.024691358024691,162,100.0,1.036278913702849,13,0.23939736972287962,0.11109842483130382
GHG,cluster,0.2,1,4,15.40993515488847,9.876543209876543,162,100.0,0.967568145579391,13,0.21704995514218312,0.13553817784714414
GHG,cluster,0.2,1,5,12.997084240792637,5.555555555555555,162,100.0,0.8973439642351172,13,0.2959703493335989,0.17805314431329244
GHG,cluster,0.2,1,6,15.656769951540001,10.493827160493828,162,100.0,1.0065673736312042,13,0.21161803265889886,0.27578032837377797
GHG,cluster,0.2,1,7,15.048220409429272,5.555555555555555,162,100.0,0.7438898772574343,13,0.267576025538453,0.18327800471988046
GHG,cluster,0.2,1,8,16.315184888094883,10.493827160493828,162,94.73684210526315,0.9884367828686961,13,0.2530838887734691,0.11953257077073826
GHG,cluster,0.2,1,9,15.160601842952135,9.876543209876543,162,94.73684210526315,0.9747178344651422,13,0.2228491255467108,0.22091333770978172
GHG,cluster,0.2,2,0,17.073875455569155,8.641975308641975,162,100.0,0.7320924740068239,13,0.32651698981377475,0.21293744564903994
GHG,cluster,0.2,2,1,17.29440061338356,9.876543209876543,162,94.73684210526315,1.0757250272309524,13,0.24387388258192236,0.22628182179365539
GHG,cluster,0.2,2,2,17.79940257003246,11.11111111111111,162,89.47368421052632,1.0054955311650489,13,0.25194059495285503,0.15572726868300157
GHG,cluster,0.2,2,3,14.20133289547004,8.641975308641975,162,89.47368421052632,0.9552091221235399,13,0.30133707092446804,0.2539711855638077
GHG,cluster,0.2,2,4,17.958919046335577,11.11111111111111,162,94.73684210526315,1.061321073920943,13,0.24516482570780232,0.19079749124123432
GHG,cluster,0.2,2,5,11.995644024813144,10.493827160493828,162,100.0,0.8132844069635464,13,0.30956971458036475,0.22370617839905618
GHG,cluster,0.2,2,6,13.579972709033639,2.4691358024691357,162,100.0,0.8390701954869076,13,0.30781580650872165,0.1916386381771047
GHG,cluster,0.2,2,7,13.221528971713573,2.4691358024691357,162,100.0,0.9146341499452458,13,0.2946948165212348,0.1811353469487199
GHG,cluster,0.2,2,8,15.905457143409413,9.876543209876543,162,100.0,0.7858355194323813,13,0.27187094501753756,0.16079686630257453
GHG,cluster,0.2,2,9,13.870202799392395,8.024691358024691,162,84.21052631578947,1.0305117675084234,13,0.28519608858702,0.2531261356895169
GHG,cluster,0.2,3,0,11.558655546718878,8.024691358024691,162,78.94736842105263,1.0316087085004133,13,0.3005655487034908,0.2910534223000953
GHG,cluster,0.2,3,1,15.925275227207072,6.172839506172839,162,100.0,0.8124805165611462,13,0.2339571558314582,0.21950364674602274
GHG,cluster,0.2,3,2,13.235710495839681,9.876543209876543,162,100.0,0.9969340548681789,13,0.24679690908422997,0.21827131293741162
GHG,cluster,0.2,3,3,12.872561921020187,6.172839506172839,162,100.0,0.9430958938746026,13,0.2925933081909811,0.20914879687560878
GHG,cluster,0.2,3,4,15.22549544614903,9.876543209876543,162,94.73684210526315,1.0177956305688012,13,0.23056276318453894,0.2239898593443727
GHG,cluster,0.2,3,5,15.24861652593923,8.024691358024691,162,84.21052631578947,0.9977384486144929,13,0.2589812652889024,0.1983784928943444
GHG,cluster,0.2,3,6,13.863534691327192,11.11111111111111,162,100.0,0.9899927123707003,13,0.232043038696279,0.1934618120706937
GHG,cluster,0.2,3,7,15.456463806808651,5.555555555555555,162,100.0,0.8550871858603979,13,0.29313105576600684,0.22182372452158103
GHG,cluster,0.2,3,8,13.452267597183146,11.728395061728396,162,94.73684210526315,1.0021053066698653,13,0.2850746556535432,0.18564127764219862
GHG,cluster,0.2,3,9,15.18214895625451,8.641975308641975,162,89.47368421052632,0.9518120472353,13,0.21785021964279336,0.1340057982912496
GHG,cluster,0.2,0,0,17.880028419391596,9.876543209876543,162,94.73684210526315,0.9835828217014609,13,0.24216833257669715,0.15439686319073684
GHG,cluster,0.2,0,1,7.270578645773024,1.8518518518518519,162,100.0,0.8269982888473278,13,0.38904602331980087,0.2090976313012447
GHG,cluster,0.2,0,2,10.465097901329624,6.172839506172839,162,89.47368421052632,0.9372283912196998,13,0.3094779158705052,0.18333817487768836
GHG,cluster,0.2,0,3,15.368250242213314,9.25925925925926,162,100.0,0.9766506020927733,13,0.223568210963987,0.17387678708742565
GHG,cluster,0.2,0,4,15.226194216392697,3.0864197530864197,162,100.0,0.8049801694674401,13,0.3310941959026916,0.1956940345938521
GHG,cluster,0.2,0,5,15.736772594239387,9.876543209876543,162,100.0,1.0164036085044315,13,0.20477970106546772,0.21361116161175303
GHG,cluster,0.2,0,6,15.89097308320234,8.024691358024691,162,78.94736842105263,1.002882936949003,13,0.2720954672643303,0.22309429295706257
GHG,cluster,0.2,0,7,13.238556364216233,9.876543209876543,162,100.0,0.793891071431341,13,0.3873467644727318,0.2202493096732661
GHG,cluster,0.2,0,8,16.29015376550549,7.407407407407407,162,100.0,0.8368194005145002,13,0.3368016106909589,0.20355998103355902
GHG,cluster,0.2,0,9,18.096321160740043,11.11111111111111,162,94.73684210526315,0.9764258196873816,13,0.2534903385948576,0.24618332703170553
GHG,cluster,0.4,1,0,13.851502982205838,3.0864197530864197,162,100.0,0.5463155528636079,26,0.35316827627495584,0.35655881693860936
GHG,cluster,0.4,1,1,11.49229073926191,8.024691358024691,162,94.73684210526315,1.0134179850814093,26,0.33972147442993744,0.4647578041819104
GHG,cluster,0.4,1,2,12.328063036022447,4.938271604938271,162,100.0,0.6779666425446368,26,0.3352749136298594,0.3852200346583446
GHG,cluster,0.4,1,3,16.36341505866811,8.641975308641975,162,89.47368421052632,0.6343046165662826,26,0.36348182739742674,0.3861009760251972
GHG,cluster,0.4,1,4,16.36123864503959,9.876543209876543,162,94.73684210526315,1.081109476356471,26,0.27301960230770134,0.316915615535721
GHG,cluster,0.4,1,5,13.627164285479124,8.641975308641975,162,89.47368421052632,1.0040452185451996,26,0.2837584265959856,0.3794420637142225
GHG,cluster,0.4,1,6,14.344207419891507,8.024691358024691,162,100.0,0.9640136717228774,26,0.25728926131264407,0.384098802896967
GHG,cluster,0.4,1,7,9.57815767109647,3.7037037037037037,162,100.0,0.8331268409584764,26,0.34803210205686047,0.43192740662064977
GHG,cluster,0.4,1,8,7.385908452660464,2.4691358024691357,162,100.0,0.543564154590437,26,0.42699905792740844,0.405326774693382
GHG,cluster,0.4,1,9,12.616042404141984,4.320987654320987,162,100.0,0.5722570338009244,26,0.33761994052430905,0.41571784572924153
GHG,cluster,0.4,2,0,12.414464263267956,9.876543209876543,162,94.73684210526315,0.9328234814083648,26,0.3470170284379865,0.38336185544661777
GHG,cluster,0.4,2,1,14.366644465627346,1.8518518518518519,162,100.0,0.6193723354402316,26,0.4342078656268577,0.4064401548693735
GHG,cluster,0.4,2,2,17.508761150034804,0.0,162,100.0,0.6292987546339175,26,0.3897610240154671,0.32658818651879795
GHG,cluster,0.4,2,3,14.750592393018113,11.11111111111111,162,94.73684210526315,0.9417677082615418,26,0.3142459131933797,0.4651139097460566
GHG,cluster,0.4,2,4,11.562681217547919,3.0864197530864197,162,100.0,0.5510422805083489,26,0.5089163742888341,0.44843410391042676
GHG,cluster,0.4,2,5,3.9115124460987962,1.8518518518518519,162,94.73684210526315,0.4837862005417275,26,0.5307041198239153,0.37830045794008954
GHG,cluster,0.4,2,6,12.751595170338023,8.641975308641975,162,94.73684210526315,1.0319274559277776,26,0.26630955498540054,0.38422832548799674
GHG,cluster,0.4,2,7,15.411567654333972,11.728395061728396,162,94.73684210526315,1.0178362176881948,26,0.2848897758314706,0.43552976107559377
GHG,cluster,0.4,2,8,12.778934042418694,9.876543209876543,162,94.73684210526315,0.9214527459160982,26,0.3410050616339369,0.42993678347048525
GHG,cluster,0.4,2,9,6.010224790279257,5.555555555555555,162,94.73684210526315,0.7242317406251457,26,0.44655734455597257,0.4477211717298308
GHG,cluster,0.4,3,0,13.184742879190306,8.641975308641975,162,94.73684210526315,0.9649366011163633,26,0.3458440796840379,0.39873540589994505
GHG,cluster,0.4,3,1,12.47719595373188,9.876543209876543,162,100.0,0.939483247070682,26,0.33281032902538105,0.36146218971926675
GHG,cluster,0.4,3,2,12.28314398839479,1.8518518518518519,162,100.0,0.5096083948592741,26,0.5051141491595454,0.3571604385267334
GHG,cluster,0.4,3,3,10.355145904688955,6.790123456790123,162,94.73684210526315,0.9943831169156357,26,0.3298538700561478,0.44206106084137964
GHG,cluster,0.4,3,4,13.443761261305232,10.493827160493828,162,94.73684210526315,0.9122190772024836,26,0.3274316388809458,0.43557187521525503
GHG,cluster,0.4,3,5,3.191695628056121,1.8518518518518519,162,100.0,0.5148468688377872,26,0.5504574250293338,0.3918992889860928
GHG,cluster,0.4,3,6,9.651481948713004,1.8518518518518519,162,100.0,0.7313952441826178,26,0.3921470940593257,0.3312065082404905
GHG,cluster,0.4,3,7,17.447166834421534,1.8518518518518519,162,100.0,0.7116153925156832,26,0.3504449476763246,0.3023273396064377
GHG,cluster,0.4,3,8,12.972932199357611,0.0,162,100.0,0.516776218500118,26,0.49628344743747443,0.36222122353875325
GHG,cluster,0.4,3,9,2.485788109296719,0.6172839506172839,162,100.0,0.5064373650303091,26,0.5755365898728019,0.4356734253192135
GHG,cluster,0.4,0,0,10.145968524642843,6.790123456790123,162,89.47368421052632,0.9543970295486837,26,0.33277342720355435,0.4477769595808484
GHG,cluster,0.4,0,1,7.941788908040261,3.0864197530864197,162,100.0,0.841236095752724,26,0.38817074517223477,0.41067339752270443
GHG,cluster,0.4,0,2,11.647322025384124,6.172839506172839,162,94.73684210526315,0.992026894291515,26,0.3904537110817177,0.4505574589628649
GHG,cluster,0.4,0,3,10.504431300253406,4.938271604938271,162,100.0,0.3989914589702225,26,0.6235495947302394,0.5170304326592526
GHG,cluster,0.4,0,4,16.0237763260347,2.4691358024691357,162,100.0,0.495103161464473,26,0.46843320560981555,0.38961971583804084
GHG,cluster,0.4,0,5,19.976952717781675,2.4691358024691357,162,94.73684210526315,0.39985833035997187,26,0.568992177358474,0.37961657665513276
GHG,cluster,0.4,0,6,17.02647047693825,10.493827160493828,162,94.73684210526315,1.0462137871560762,26,0.28408112326589563,0.44887132843009436
GHG,cluster,0.4,0,7,3.083926549741564,1.8518518518518519,162,100.0,0.5712265814772967,26,0.5534581637712502,0.3502669990974518
GHG,cluster,0.4,0,8,14.35346825774753,1.8518518518518519,162,100.0,0.5954364704152122,26,0.472881612063976,0.3466553955183461
GHG,cluster,0.4,0,9,16.88595060075653,4.320987654320987,162,100.0,0.7021088660663202,26,0.3959847094790882,0.4064557603381299
GHG,cluster,0.6,1,0,12.37970876656296,3.0864197530864197,162,100.0,0.7058927287504159,38,0.36903335076707916,0.6468066484089441
GHG,cluster,0.6,1,1,11.604850195614382,8.024691358024691,162,100.0,0.9611570769575004,38,0.3442202111409685,0.683618892195192
GHG,cluster,0.6,1,2,9.138682964341841,3.7037037037037037,162,100.0,0.593443298325887,38,0.383167033024866,0.5234016776683956
GHG,cluster,0.6,1,3,17.072159242391542,3.7037037037037037,162,100.0,0.5001421334656404,38,0.3928832240081055,0.4710345062071048
GHG,cluster,0.6,1,4,12.681538175380801,3.7037037037037037,162,100.0,0.5798108525942662,38,0.4070755118408708,0.6072346586343618
GHG,cluster,0.6,1,5,14.412151003790399,3.7037037037037037,162,100.0,0.5421753756994797,38,0.39867669009670664,0.6117661335484371
GHG,cluster,0.6,1,6,10.634485498119444,6.790123456790123,162,100.0,0.7737666516229031,38,0.35208080117865875,0.6110262304692713
GHG,cluster,0.6,1,7,8.352169522922784,3.7037037037037037,162,100.0,0.5154739545472877,38,0.4123576254136903,0.7060356866931382
GHG,cluster,0.6,1,8,12.366014192209475,8.641975308641975,162,100.0,0.9401676072551212,38,0.2827435496381256,0.5788577394966627
GHG,cluster,0.6,1,9,11.528654302523922,3.7037037037037037,162,100.0,0.5485368834983956,38,0.386256845965864,0.5569805977977713
GHG,cluster,0.6,2,0,10.51966248314051,0.0,162,100.0,0.431968244658922,38,0.5484297528121796,0.6403578965620802
GHG,cluster,0.6,2,1,13.065642575102054,0.0,162,94.73684210526315,0.36642918121021995,38,0.5766210626424277,0.59953996040271
GHG,cluster,0.6,2,2,5.538723241228917,1.8518518518518519,162,94.73684210526315,0.6724923985433217,38,0.476801979938912,0.5282146755130881
GHG,cluster,0.6,2,3,13.88278386083108,0.0,162,100.0,0.4847038356155354,38,0.4946460593083826,0.5744988686203703
GHG,cluster,0.6,2,4,17.5729068498072,1.8518518518518519,162,100.0,0.5796309869831245,38,0.44336198939653515,0.4838103491796114
GHG,cluster,0.6,2,5,4.324444658537345,0.6172839506172839,162,94.73684210526315,0.42181045400135764,38,0.5959969556267201,0.5837491492082753
GHG,cluster,0.6,2,6,6.8892142249870085,2.4691358024691357,162,100.0,0.4855809746623748,38,0.5613272194156442,0.5883041194574002
GHG,cluster,0.6,2,7,4.710652960200151,1.8518518518518519,162,94.73684210526315,0.470717674951859,38,0.5442897674546793,0.7164236084102195
GHG,cluster,0.6,2,8,22.34932456658414,8.024691358024691,162,100.0,0.686725116219431,38,0.37375968535050247,0.49468595707912544
GHG,cluster,0.6,2,9,15.799356762652911,5.555555555555555,162,100.0,0.482367446337983,38,0.5374914805679656,0.6426811333694825
GHG,cluster,0.6,3,0,3.9989218339759,1.2345679012345678,162,94.73684210526315,0.48085276670767924,38,0.5934569878558658,0.6328491566911068
GHG,cluster,0.6,3,1,2.219505043859553,0.0,162,100.0,0.5159766691357374,38,0.6349736236071809,0.5337147853524369
GHG,cluster,0.6,3,2,12.98228912064508,2.4691358024691357,162,100.0,0.5555469690618967,38,0.5072872764770523,0.6504691970186821
GHG,cluster,0.6,3,3,16.616873516146548,1.8518518518518519,162,94.73684210526315,0.4170788552330971,38,0.5741404128861103,0.5832691929122268
GHG,cluster,0.6,3,4,10.754802029480553,6.790123456790123,162,100.0,1.0028806866952962,38,0.4030479303896927,0.6022697610088824
GHG,cluster,0.6,3,5,2.334428845094977,0.0,162,100.0,0.549821289506859,38,0.5892850424374596,0.6134138163382444
GHG,cluster,0.6,3,6,13.601243393689789,1.8518518518518519,162,100.0,0.45639494896455957,38,0.5443312050440281,0.6275638021673955
GHG,cluster,0.6,3,7,20.80908091005751,8.641975308641975,162,100.0,0.591824036613873,38,0.4447450491217941,0.48852286992844846
GHG,cluster,0.6,3,8,10.331086956195893,6.790123456790123,162,94.73684210526315,1.10080315860965,38,0.36671376745643425,0.625099532785875
GHG,cluster,0.6,3,9,3.994185116161481,3.7037037037037037,162,89.47368421052632,0.5414199027943699,38,0.5840505798238042,0.557230635539603
GHG,cluster,0.6,0,0,13.018681278119104,0.0,162,100.0,0.34172329014387376,38,0.7715086110386634,0.561658646875738
GHG,cluster,0.6,0,1,8.82549764786588,1.8518518518518519,162,21.052631578947366,0.49573136946340146,38,0.6530568094879207,0.5410047469844208
GHG,cluster,0.6,0,2,4.0687377458973355,3.7037037037037037,162,73.68421052631578,0.32196139605949,38,0.7584889930498533,0.681640396093479
GHG,cluster,0.6,0,3,20.04624425965742,1.8518518518518519,162,78.94736842105263,0.33831363699051425,38,0.652936865646818,0.6844314952871736
GHG,cluster,0.6,0,4,5.458665801740457,1.8518518518518519,162,84.21052631578947,0.524218332446781,38,0.6621850822634329,0.6646166774481886
GHG,cluster,0.6,0,5,2.939700405961889,3.7037037037037037,162,52.63157894736842,0.1855118088815537,38,0.8170886428588711,0.7048475861866245
GHG,cluster,0.6,0,6,16.779021557142944,1.8518518518518519,162,100.0,0.5503957944595377,38,0.5082474941279709,0.6028078694304593
GHG,cluster,0.6,0,7,12.495615097894559,0.0,162,100.0,0.5427849154189379,38,0.5748017263303992,0.5058804180782845
GHG,cluster,0.6,0,8,19.550974267512853,4.938271604938271,162,100.0,0.5826040878859988,38,0.5116589329081667,0.6050613218588856
GHG,cluster,0.6,0,9,12.780734034384283,0.0,162,100.0,0.5145832070385078,38,0.6076950129420137,0.610456828263443
GHG,cluster,0.8,1,0,13.638714395948979,2.4691358024691357,162,100.0,0.4330839341557243,51,0.4695993511530902,0.8309578691801477
GHG,cluster,0.8,1,1,9.472170575179154,1.8518518518518519,162,100.0,0.44329121453559445,51,0.4860202732211518,0.7166320170943289
GHG,cluster,0.8,1,2,9.439842304280797,1.8518518518518519,162,100.0,0.416713572461954,51,0.4981456375562146,0.8302620708477951
GHG,cluster,0.8,1,3,9.803312433699539,1.8518518518518519,162,100.0,0.49525593881043756,51,0.47556512623141806,0.75330313288987
GHG,cluster,0.8,1,4,14.373490048466678,2.4691358024691357,162,100.0,0.4346087708278312,51,0.4437405883490538,0.70579024266012
GHG,cluster,0.8,1,5,11.451457610832028,3.0864197530864197,162,100.0,0.518278972688495,51,0.4416374729576247,0.7348813892443203
GHG,cluster,0.8,1,6,11.051492194280014,1.8518518518518519,162,100.0,0.43466220476123796,51,0.47993819616260486,0.8551608347901111
GHG,cluster,0.8,1,7,13.54229832038763,5.555555555555555,162,100.0,0.53596360858546,51,0.44004167981827086,0.8378831149007461
GHG,cluster,0.8,1,8,12.171018430392797,4.320987654320987,162,100.0,0.5207965451984679,51,0.4304944348188081,0.7895076569966807
GHG,cluster,0.8,1,9,11.423513655025596,2.4691358024691357,162,100.0,0.5631682748292484,51,0.4355321186670261,0.7788022488654618
GHG,cluster,0.8,2,0,6.309632507933616,1.8518518518518519,162,94.73684210526315,0.4783130087377427,51,0.5579105062660419,0.8605276299432323
GHG,cluster,0.8,2,1,17.378177636020162,0.0,162,100.0,0.2922971833619211,51,0.6137738972885848,0.7841203004257682
GHG,cluster,0.8,2,2,9.374753891070899,1.8518518518518519,162,100.0,0.37990307342359386,51,0.6136169096680198,0.735293536913268
GHG,cluster,0.8,2,3,11.540797970506913,0.0,162,100.0,0.28597497938493194,51,0.6525849854163044,0.8279206597513848
GHG,cluster,0.8,2,4,10.356073373796262,1.8518518518518519,162,100.0,0.5326130435140808,51,0.523898356002986,0.8067696605740667
GHG,cluster,0.8,2,5,10.75733750494051,0.0,162,100.0,0.29735602594883104,51,0.6458730167071429,0.8753035028845466
GHG,cluster,0.8,2,6,5.10556536168857,3.0864197530864197,162,100.0,0.3364898763750373,51,0.6529331977581068,0.8018502372376921
GHG,cluster,0.8,2,7,8.94444672127558,1.8518518518518519,162,100.0,0.28160507443159516,51,0.6603168421963869,0.8112570958760063
GHG,cluster,0.8,2,8,6.890738731429294,0.0,162,100.0,0.22308971554827042,51,0.7031885589533806,0.8092304886734755
GHG,cluster,0.8,2,9,7.128359122232336,0.0,162,100.0,0.24228317002588715,51,0.7109447323339292,0.8661874145869406
GHG,cluster,0.8,3,0,7.401046846350881,0.0,162,100.0,0.20939102780793842,51,0.7617704460185964,0.8399547210235094
GHG,cluster,0.8,3,1,6.07585647561417,0.0,162,100.0,0.16974279623427246,51,0.7966085813390985,0.8196482740686941
GHG,cluster,0.8,3,2,19.708435420983054,0.0,162,94.73684210526315,0.2875127420489601,51,0.7114912380679809,0.8354779289563664
GHG,cluster,0.8,3,3,2.5034902702190447,3.0864197530864197,162,94.73684210526315,0.2559237643457274,51,0.7361180954356307,0.8483455032659228
GHG,cluster,0.8,3,4,8.871644048912518,2.4691358024691357,162,100.0,0.39996056878288,51,0.6883637775353147,0.8296938782043494
GHG,cluster,0.8,3,5,15.089982228775964,0.6172839506172839,162,73.68421052631578,0.30871910213633447,51,0.6745605539439944,0.7807998277135223
GHG,cluster,0.8,3,6,16.189877707812265,1.8518518518518519,162,100.0,0.37947638093537006,51,0.6684998146686887,0.7870144563913491
GHG,cluster,0.8,3,7,10.468341529468326,1.8518518518518519,162,100.0,0.34358418656046824,51,0.6848290846445407,0.7270720077009029
GHG,cluster,0.8,3,8,12.084921987466664,1.8518518518518519,162,100.0,0.3092999775387067,51,0.6509446462074738,0.8058581144792848
GHG,cluster,0.8,3,9,8.168286411651417,0.0,162,100.0,0.33598345545114555,51,0.7222882346362308,0.7411764181107923
GHG,cluster,0.8,0,0,16.503178914420157,0.0,162,36.84210526315789,0.21217841585972466,51,0.8558122155264545,0.802698051336266
GHG,cluster,0.8,0,1,4.3104267925667665,0.0,162,100.0,0.331443865083635,51,0.7991800321222141,0.7005578797671614
GHG,cluster,0.8,0,2,0.8888716317281329,1.8518518518518519,162,100.0,0.11767408174800692,51,0.9011768521988103,0.8099643239432399
GHG,cluster,0.8,0,3,2.8344885159784883,0.0,162,100.0,0.11121539104560518,51,0.9403195037434263,0.87897367339423
GHG,cluster,0.8,0,4,1.8319830024909989,0.0,162,100.0,0.6168556376167397,51,0.7262171837693167,0.7890738280505795
GHG,cluster,0.8,0,5,17.717733037378583,0.0,162,78.94736842105263,0.33954760916849525,51,0.7810575787489707,0.7412691601780522
GHG,cluster,0.8,0,6,0.9177465798696544,0.0,162,100.0,0.2558177592995152,51,0.8670189468485494,0.7379898171576711
GHG,cluster,0.8,0,7,4.581093577862825,0.0,162,100.0,0.36109857129532663,51,0.7966278493489952,0.7387391053439214
GHG,cluster,0.8,0,8,3.5412959387030756,1.8518518518518519,162,94.73684210526315,0.4009204578067692,51,0.793020063801993,0.7722570834124287
GHG,cluster,0.8,0,9,4.793162715905884,1.8518518518518519,162,100.0,0.10560887250483635,51,0.8992052901338502,0.9081138229672402
GHG,cluster,1.0,1,0,10.475388827091264,1.8518518518518519,162,100.0,0.46383438321162235,64,0.5030903516034123,1.0
GHG,cluster,1.0,1,1,10.475388827091264,1.8518518518518519,162,100.0,0.47213176604942886,64,0.5030903516034123,1.0
GHG,cluster,1.0,1,2,10.475388827091264,1.8518518518518519,162,100.0,0.4340352770981822,64,0.5030903516034123,1.0
GHG,cluster,1.0,1,3,10.475388827091264,1.8518518518518519,162,100.0,0.42981999230223633,64,0.5030903516034123,1.0
GHG,cluster,1.0,1,4,10.475388827091264,1.8518518518518519,162,100.0,0.4093000199833224,64,0.5030903516034123,1.0
GHG,cluster,1.0,1,5,10.475388827091264,1.8518518518518519,162,100.0,0.44535537411293014,64,0.5030903516034123,1.0
GHG,cluster,1.0,1,6,10.475388827091264,1.8518518518518519,162,100.0,0.435445523124825,64,0.5030903516034123,1.0
GHG,cluster,1.0,1,7,10.475388827091264,1.8518518518518519,162,100.0,0.41480257423358474,64,0.5030903516034123,1.0
GHG,cluster,1.0,1,8,10.475388827091264,1.8518518518518519,162,100.0,0.4435377833444369,64,0.5030903516034123,1.0
GHG,cluster,1.0,1,9,10.475388827091264,1.8518518518518519,162,100.0,0.47923417103202964,64,0.5030903516034123,1.0
GHG,cluster,1.0,2,0,7.609617825772734,0.0,162,100.0,0.23748253899672958,64,0.7165777265714892,1.0
GHG,cluster,1.0,2,1,7.609617825772734,0.0,162,100.0,0.2202920571348015,64,0.7165777265714892,1.0
GHG,cluster,1.0,2,2,7.609617825772734,0.0,162,100.0,0.2155712281082343,64,0.7165777265714892,1.0
GHG,cluster,1.0,2,3,7.609617825772734,0.0,162,100.0,0.2320558434567381,64,0.7165777265714892,1.0
GHG,cluster,1.0,2,4,7.609617825772734,0.0,162,100.0,0.22663753163741043,64,0.7165777265714892,1.0
GHG,cluster,1.0,2,5,7.609617825772734,0.0,162,100.0,0.2376342168337744,64,0.7165777265714892,1.0
GHG,cluster,1.0,2,6,7.609617825772734,0.0,162,100.0,0.2194755460276078,64,0.7165777265714892,1.0
GHG,cluster,1.0,2,7,7.609617825772734,0.0,162,100.0,0.21329165120103158,64,0.7165777265714892,1.0
GHG,cluster,1.0,2,8,7.609617825772734,0.0,162,100.0,0.2466280846656345,64,0.7165777265714892,1.0
GHG,cluster,1.0,2,9,7.609617825772734,0.0,162,100.0,0.22761372593355744,64,0.7165777265714892,1.0
GHG,cluster,1.0,3,0,5.380949239375774,0.0,162,100.0,0.12432395100631492,64,0.8420324535045424,1.0
GHG,cluster,1.0,3,1,5.380949239375774,0.0,162,100.0,0.13331601701913448,64,0.8420324535045424,1.0
GHG,cluster,1.0,3,2,5.380949239375774,0.0,162,100.0,0.13554643151660145,64,0.8420324535045424,1.0
GHG,cluster,1.0,3,3,5.380949239375774,0.0,162,100.0,0.13243808696281006,64,0.8420324535045424,1.0
GHG,cluster,1.0,3,4,5.380949239375774,0.0,162,100.0,0.12404803083413793,64,0.8420324535045424,1.0
GHG,cluster,1.0,3,5,5.380949239375774,0.0,162,100.0,0.12299916921664662,64,0.8420324535045424,1.0
GHG,cluster,1.0,3,6,5.380949239375774,0.0,162,100.0,0.12262232980050954,64,0.8420324535045424,1.0
GHG,cluster,1.0,3,7,5.380949239375774,0.0,162,100.0,0.12946364817539913,64,0.8420324535045424,1.0
GHG,cluster,1.0,3,8,5.380949239375774,0.0,162,100.0,0.1284783233134777,64,0.8420324535045424,1.0
GHG,cluster,1.0,3,9,5.380949239375774,0.0,162,100.0,0.12923073138051186,64,0.8420324535045424,1.0
GHG,cluster,1.0,0,0,2.139553471676458e-10,0.0,162,100.0,1.5931795716547492e-12,64,0.9999999999941762,1.0
GHG,cluster,1.0,0,1,2.139553471676458e-10,0.0,162,100.0,1.6205631566677136e-12,64,0.9999999999941762,1.0
GHG,cluster,1.0,0,2,2.139553471676458e-10,0.0,162,100.0,2.7457559626506623e-12,64,0.9999999999941762,1.0
GHG,cluster,1.0,0,3,2.139553471676458e-10,0.0,162,100.0,2.726159179063185e-12,64,0.9999999999941762,1.0
GHG,cluster,1.0,0,4,2.139553471676458e-10,0.0,162,100.0,1.5839651899679222e-12,64,0.9999999999941762,1.0
GHG,cluster,1.0,0,5,2.139553471676458e-10,0.0,162,100.0,1.6415875205165299e-12,64,0.9999999999941762,1.0
GHG,cluster,1.0,0,6,2.139553471676458e-10,0.0,162,100.0,1.522579238730329e-12,64,0.9999999999941762,1.0
GHG,cluster,1.0,0,7,2.139553471676458e-10,0.0,162,100.0,1.6162804158836955e-12,64,0.9999999999941762,1.0
GHG,cluster,1.0,0,8,2.139553471676458e-10,0.0,162,100.0,1.7125771935122247e-12,64,0.9999999999941762,1.0
GHG,cluster,1.0,0,9,2.139553471676458e-10,0.0,162,100.0,1.596034732177428e-12,64,0.9999999999941762,1.0
ACG,random,0.0,1,0,24.35413581405717,15.337423312883436,163,47.368421052631575,1.2604331390056605,0,0.12661839854943296,0.0
ACG,random,0.0,1,1,24.35413581405717,15.337423312883436,163,47.368421052631575,1.30871035292023,0,0.12661839854943296,0.0
ACG,random,0.0,1,2,24.35413581405717,15.337423312883436,163,47.368421052631575,1.3293336384044099,0,0.12661839854943296,0.0
ACG,random,0.0,1,3,24.35413581405717,15.337423312883436,163,47.368421052631575,1.3327894804750926,0,0.12661839854943296,0.0
ACG,random,0.0,1,4,24.35413581405717,15.337423312883436,163,52.63157894736842,1.362037882098059,0,0.12661839854943296,0.0
ACG,random,0.0,1,5,24.35413581405717,15.337423312883436,163,47.368421052631575,1.3205531838114521,0,0.12661839854943296,0.0
ACG,random,0.0,1,6,24.35413581405717,15.337423312883436,163,47.368421052631575,1.295594261736489,0,0.12661839854943296,0.0
ACG,random,0.0,1,7,24.35413581405717,15.337423312883436,163,47.368421052631575,1.3595725359019313,0,0.12661839854943296,0.0
ACG,random,0.0,1,8,24.35413581405717,15.337423312883436,163,47.368421052631575,1.2871011458898094,0,0.12661839854943296,0.0
ACG,random,0.0,1,9,24.35413581405717,15.337423312883436,163,47.368421052631575,1.3672499724386318,0,0.12661839854943296,0.0
ACG,random,0.0,2,0,24.35413581405717,15.337423312883436,163,52.63157894736842,1.2652658670714634,0,0.12661839854943296,0.0
ACG,random,0.0,2,1,24.35413581405717,15.337423312883436,163,47.368421052631575,1.3101441779010596,0,0.12661839854943296,0.0
ACG,random,0.0,2,2,24.35413581405717,15.337423312883436,163,42.10526315789473,1.2427757495340885,0,0.12661839854943296,0.0
ACG,random,0.0,2,3,24.35413581405717,15.337423312883436,163,47.368421052631575,1.3670485912286034,0,0.12661839854943296,0.0
ACG,random,0.0,2,4,24.35413581405717,15.337423312883436,163,47.368421052631575,1.3658261802315879,0,0.12661839854943296,0.0
ACG,random,0.0,2,5,24.35413581405717,15.337423312883436,163,47.368421052631575,1.3205311118222285,0,0.12661839854943296,0.0
ACG,random,0.0,2,6,24.35413581405717,15.337423312883436,163,47.368421052631575,1.2842947699510665,0,0.12661839854943296,0.0
ACG,random,0.0,2,7,24.35413581405717,15.337423312883436,163,47.368421052631575,1.4480591046957008,0,0.12661839854943296,0.0
ACG,random,0.0,2,8,24.35413581405717,15.337423312883436,163,42.10526315789473,1.3740220734255515,0,0.12661839854943296,0.0
ACG,random,0.0,2,9,24.35413581405717,15.337423312883436,163,47.368421052631575,1.4406244872577474,0,0.12661839854943296,0.0
ACG,random,0.0,3,0,24.35413581405717,15.337423312883436,163,47.368421052631575,1.3214640693541364,0,0.12661839854943296,0.0
ACG,random,0.0,3,1,24.35413581405717,15.337423312883436,163,42.10526315789473,1.4269409373652653,0,0.12661839854943296,0.0
ACG,random,0.0,3,2,24.35413581405717,15.337423312883436,163,47.368421052631575,1.360615105262389,0,0.12661839854943296,0.0
ACG,random,0.0,3,3,24.35413581405717,15.337423312883436,163,42.10526315789473,1.3379402565082652,0,0.12661839854943296,0.0
ACG,random,0.0,3,4,24.35413581405717,15.337423312883436,163,47.368421052631575,1.3075195477098105,0,0.12661839854943296,0.0
ACG,random,0.0,3,5,24.35413581405717,15.337423312883436,163,47.368421052631575,1.4123948368075945,0,0.12661839854943296,0.0
ACG,random,0.0,3,6,24.35413581405717,15.337423312883436,163,47.368421052631575,1.3108777168167722,0,0.12661839854943296,0.0
ACG,random,0.0,3,7,24.35413581405717,15.337423312883436,163,47.368421052631575,1.5115512511226528,0,0.12661839854943296,0.0
ACG,random,0.0,3,8,24.35413581405717,15.337423312883436,163,42.10526315789473,1.298815131925594,0,0.12661839854943296,0.0
ACG,random,0.0,3,9,24.35413581405717,15.337423312883436,163,47.368421052631575,1.3256524581951792,0,0.12661839854943296,0.0
ACG,random,0.0,0,0,24.35413581405717,15.337423312883436,163,47.368421052631575,1.3320337414767636,0,0.12661839854943296,0.0
ACG,random,0.0,0,1,24.35413581405717,15.337423312883436,163,47.368421052631575,1.3551052872474307,0,0.12661839854943296,0.0
ACG,random,0.0,0,2,24.35413581405717,15.337423312883436,163,47.368421052631575,1.386682433362756,0,0.12661839854943296,0.0
ACG,random,0.0,0,3,24.35413581405717,15.337423312883436,163,47.368421052631575,1.3150335617234243,0,0.12661839854943296,0.0
ACG,random,0.0,0,4,24.35413581405717,15.337423312883436,163,52.63157894736842,1.3472822208625959,0,0.12661839854943296,0.0
ACG,random,0.0,0,5,24.35413581405717,15.337423312883436,163,47.368421052631575,1.346342697637186,0,0.12661839854943296,0.0
ACG,random,0.0,0,6,24.35413581405717,15.337423312883436,163,47.368421052631575,1.3424259761503539,0,0.12661839854943296,0.0
ACG,random,0.0,0,7,24.35413581405717,15.337423312883436,163,42.10526315789473,1.2769736234806874,0,0.12661839854943296,0.0
ACG,random,0.0,0,8,24.35413581405717,15.337423312883436,163,52.63157894736842,1.3065244933950215,0,0.12661839854943296,0.0
ACG,random,0.0,0,9,24.35413581405717,15.337423312883436,163,47.368421052631575,1.4514877817203162,0,0.12661839854943296,0.0
ACG,random,0.05,1,0,24.7777147174527,15.337423312883436,163,42.10526315789473,1.2510193496849638,3,0.13113845393975537,0.0624381518386387
ACG,random,0.05,1,1,29.274282811572217,12.883435582822086,163,42.10526315789473,1.3716150391528097,3,0.13642857388773952,0.026278914615896758
ACG,random,0.05,1,2,25.625417362516735,15.337423312883436,163,47.368421052631575,1.223400428315176,3,0.13204670048218234,0.02792141634208283
ACG,random,0.05,1,3,27.236201646165053,13.496932515337424,163,47.368421052631575,1.419165495641182,3,0.13025841579088873,0.09494436382707654
ACG,random,0.05,1,4,25.817512361830925,15.950920245398773,163,47.368421052631575,1.3210640044271564,3,0.13663204151842445,0.018326189931390967
ACG,random,0.05,1,5,29.463240521866833,15.950920245398773,163,47.368421052631575,1.3917583331870076,3,0.15589492359251478,0.07335893406492837
ACG,random,0.05,1,6,24.315161868377604,17.177914110429448,163,42.10526315789473,1.3694300698706947,3,0.1375436829808294,0.026006930487348118
ACG,random,0.05,1,7,21.53499086155857,11.042944785276074,163,42.10526315789473,1.2845057179817874,3,0.19331788210561296,0.09041343570147535
ACG,random,0.05,1,8,24.649928854544395,12.269938650306749,163,42.10526315789473,1.3413658286687866,3,0.13156355480699963,0.028182370998626433
ACG,random,0.05,1,9,26.319066693288303,14.723926380368098,163,36.84210526315789,1.2894174119380184,3,0.14282565264161376,0.11761391801073293
ACG,random,0.05,2,0,23.715171502750934,12.883435582822086,163,52.63157894736842,1.2828181004167418,3,0.1281804497437803,0.0286114336861561
ACG,random,0.05,2,1,24.366491730381586,12.269938650306749,163,47.368421052631575,1.2285735027372164,3,0.1271912851074164,0.020683596161907018
ACG,random,0.05,2,2,20.794297427887546,9.202453987730062,163,52.63157894736842,1.2950670722944795,3,0.19738235901420417,0.04414839790285675
ACG,random,0.05,2,3,20.89241340039759,10.429447852760736,163,47.368421052631575,1.2484390398320224,3,0.20270807387932577,0.08221206681441581
ACG,random,0.05,2,4,24.43766711218872,15.950920245398773,163,42.10526315789473,1.2463141050446669,3,0.13830778554896284,0.02201767033629695
ACG,random,0.05,2,5,22.994574131073993,14.723926380368098,163,47.368421052631575,1.3230159940434465,3,0.1272066186588066,0.03277245798046851
ACG,random,0.05,2,6,24.096750759269057,15.337423312883436,163,47.368421052631575,1.3535073277276553,3,0.12739823373882944,0.022408941198489823
ACG,random,0.05,2,7,25.974186917243692,16.56441717791411,163,47.368421052631575,1.3852806333445602,3,0.12874303371720794,0.012973271892653302
ACG,random,0.05,2,8,29.202882135905888,14.110429447852761,163,36.84210526315789,1.322068010726092,3,0.17007515615669172,0.0700965569138861
ACG,random,0.05,2,9,26.094843366092178,16.56441717791411,163,42.10526315789473,1.3568558862750422,3,0.1287401846181065,0.0275980952321249
ACG,random,0.05,3,0,26.16662007708579,15.950920245398773,163,47.368421052631575,1.4378206154630087,3,0.1286433308945682,0.016553678246809814
ACG,random,0.05,3,1,23.91841971424788,15.337423312883436,163,47.368421052631575,1.2251024384053004,3,0.1437716367855549,0.041911168579906594
ACG,random,0.05,3,2,23.94595809207008,15.337423312883436,163,47.368421052631575,1.2817124238140933,3,0.12835744795215795,0.03086872848918006
ACG,random,0.05,3,3,24.332830739699183,12.269938650306749,163,47.368421052631575,1.3168166453437593,3,0.12720478656266437,0.011890301611916437
ACG,random,0.05,3,4,24.078704997294587,16.56441717791411,163,47.368421052631575,1.316646744007245,3,0.13713127644294615,0.05252014025068372
ACG,random,0.05,3,5,15.792897375814272,15.337423312883436,163,52.63157894736842,1.2077544845258594,3,0.1611710579382141,0.059490516874939565
ACG,random,0.05,3,6,24.73073764323225,14.723926380368098,163,47.368421052631575,1.2719994028572095,3,0.13394695913366844,0.029141371705242836
ACG,random,0.05,3,7,23.58849554357479,16.56441717791411,163,52.63157894736842,1.328612657209244,3,0.12970146028127316,0.03842086633858363
ACG,random,0.05,3,8,24.046918618443193,15.950920245398773,163,47.368421052631575,1.4549987969110125,3,0.12791912151934418,0.05284702262768513
ACG,random,0.05,3,9,24.277475036639053,14.110429447852761,163,42.10526315789473,1.344398026468852,3,0.12787318608211126,0.07467240625519285
ACG,random,0.05,0,0,33.20255477212831,14.723926380368098,163,42.10526315789473,1.3870318658624994,3,0.1400456483092458,0.022589028867868424
ACG,random,0.05,0,1,26.08052049497036,14.723926380368098,163,42.10526315789473,1.3658802305135698,3,0.12881051881448344,0.13593831845257132
ACG,random,0.05,0,2,20.862999424038637,14.110429447852761,163,42.10526315789473,1.3143193849604389,3,0.1394485015226425,0.035151358654458946
ACG,random,0.05,0,3,34.31047653993421,14.110429447852761,163,42.10526315789473,1.2938157739783511,3,0.13875491498429926,0.04856809599729729
ACG,random,0.05,0,4,23.899270991288596,15.950920245398773,163,47.368421052631575,1.3610410152111867,3,0.12777886894441162,0.018585176263698284
ACG,random,0.05,0,5,24.41954343910446,15.337423312883436,163,47.368421052631575,1.2346678966198064,3,0.1266865000604405,0.0343387984142385
ACG,random,0.05,0,6,24.007418809105516,11.656441717791411,163,47.368421052631575,1.3936026892914846,3,0.12942830522748516,0.014704753301456073
ACG,random,0.05,0,7,21.203268192392102,16.56441717791411,163,47.368421052631575,1.2599025385410425,3,0.1888083168003118,0.15408639075289024
ACG,random,0.05,0,8,24.450515438184837,15.950920245398773,163,42.10526315789473,1.4172881150085543,3,0.12684560046822033,0.026899670943838917
ACG,random,0.05,0,9,13.520010666346971,11.656441717791411,163,57.89473684210527,1.3328644321158434,3,0.14444243269685025,0.03740403118082933
ACG,random,0.1,1,0,24.33162997391934,14.723926380368098,163,47.368421052631575,1.23601704966522,6,0.13431469722674322,0.07364131117398753
ACG,random,0.1,1,1,24.55595733153702,12.883435582822086,163,47.368421052631575,1.376437566551539,6,0.14300616480897327,0.10826186848920832
ACG,random,0.1,1,2,24.50189402204761,11.656441717791411,163,47.368421052631575,1.3084509423298254,6,0.1491094400713365,0.0959295178206574
ACG,random,0.1,1,3,24.009801067719078,16.56441717791411,163,47.368421052631575,1.2771331667111536,6,0.1296042705487159,0.059435212963146536
ACG,random,0.1,1,4,17.028155621301977,15.337423312883436,163,52.63157894736842,1.2082773445017911,6,0.1520370770270873,0.10526255544407985
ACG,random,0.1,1,5,23.686127767499478,17.177914110429448,163,42.10526315789473,1.179017270355053,6,0.14783569765845414,0.0905719957886843
ACG,random,0.1,1,6,25.44668779684507,15.337423312883436,163,47.368421052631575,1.3527613709742146,6,0.12910750770214197,0.16811960153296696
ACG,random,0.1,1,7,25.38564639914092,12.883435582822086,163,47.368421052631575,1.3040492905964722,6,0.14553758022011312,0.15474562910520492
ACG,random,0.1,1,8,23.102474905956235,13.496932515337424,163,47.368421052631575,1.3359885941322236,6,0.14730575781322602,0.10220212893103785
ACG,random,0.1,1,9,20.599050405064922,14.110429447852761,163,52.63157894736842,1.2953878779745809,6,0.1348071293979279,0.05490180057810286
ACG,random,0.1,2,0,30.779940602697508,14.110429447852761,163,36.84210526315789,1.3085294404117782,6,0.15618486969797205,0.06139643751962329
ACG,random,0.1,2,1,19.08537653148765,15.337423312883436,163,52.63157894736842,1.315517896505841,6,0.13315314829365957,0.11881585963615093
ACG,random,0.1,2,2,26.134135937615778,12.269938650306749,163,42.10526315789473,1.3040209936173128,6,0.14400885256976537,0.04614970828229272
ACG,random,0.1,2,3,24.5306379065455,15.337423312883436,163,47.368421052631575,1.3257786666150906,6,0.13482073319446947,0.07258079921567616
ACG,random,0.1,2,4,25.782228858963315,14.110429447852761,163,47.368421052631575,1.4116373642451316,6,0.12990983020483812,0.1128682637086923
ACG,random,0.1,2,5,31.187501077170452,12.269938650306749,163,31.57894736842105,1.3381796476655925,6,0.1802070425916726,0.12608403828946785
ACG,random,0.1,2,6,18.416572767909415,14.723926380368098,163,52.63157894736842,1.2933689493710239,6,0.14698088282311011,0.08823879280431442
ACG,random,0.1,2,7,25.941216800088284,13.496932515337424,163,42.10526315789473,1.2127415972211104,6,0.15816097792085734,0.09802607795242517
ACG,random,0.1,2,8,26.796582611597653,15.337423312883436,163,42.10526315789473,1.3293250521699806,6,0.15660832550198528,0.1396955665980264
ACG,random,0.1,2,9,27.615354104741485,14.723926380368098,163,42.10526315789473,1.299511286532692,6,0.1536884022800764,0.08513922035027816
ACG,random,0.1,3,0,26.240773790316645,14.723926380368098,163,47.368421052631575,1.3581157702582303,6,0.13701413162628906,0.11395862106172266
ACG,random,0.1,3,1,25.173205405709293,15.950920245398773,163,47.368421052631575,1.2579177241105537,6,0.13338649331351435,0.11646732943379477
ACG,random,0.1,3,2,27.475580954885608,16.56441717791411,163,47.368421052631575,1.3474069530098542,6,0.15788239176013125,0.12412000494287628
ACG,random,0.1,3,3,24.160410861816345,15.337423312883436,163,47.368421052631575,1.2643316405032925,6,0.15412198232823282,0.09890107606566212
ACG,random,0.1,3,4,13.914530851800036,12.269938650306749,163,57.89473684210527,1.2823840338153571,6,0.1405634058390811,0.03230427449164472
ACG,random,0.1,3,5,20.660268753365184,12.883435582822086,163,47.368421052631575,1.2770634197618274,6,0.13055250281339892,0.04574900260497245
ACG,random,0.1,3,6,28.058239456873757,13.496932515337424,163,42.10526315789473,1.5010844710216908,6,0.15583037173788422,0.13893838797412636
ACG,random,0.1,3,7,21.681921137835793,15.337423312883436,163,42.10526315789473,1.2675588244120097,6,0.16113912009857748,0.12548949638366946
ACG,random,0.1,3,8,24.06491891124669,12.883435582822086,163,47.368421052631575,1.269698669558908,6,0.1291302074432882,0.08640858093744748
ACG,random,0.1,3,9,16.784996316080218,15.950920245398773,163,57.89473684210527,1.2966506192919942,6,0.13567030220019563,0.1589262080865963
ACG,random,0.1,0,0,27.081430186906896,14.110429447852761,163,47.368421052631575,1.3140378187506914,6,0.15836980416946264,0.13259418414044255
ACG,random,0.1,0,1,15.538759449146845,9.815950920245399,163,52.63157894736842,1.2383723877253427,6,0.15409322999494518,0.08608519183602827
ACG,random,0.1,0,2,15.448516598763137,11.042944785276074,163,52.63157894736842,1.0993778391634428,6,0.1522180591845564,0.04354448174575378
ACG,random,0.1,0,3,18.106048583091468,15.950920245398773,163,52.63157894736842,1.30893195786812,6,0.1518280567909559,0.13330068284327345
ACG,random,0.1,0,4,24.43486944720357,14.723926380368098,163,47.368421052631575,1.322240323606643,6,0.1712288655412814,0.10041993331975688
ACG,random,0.1,0,5,24.261923441575565,18.404907975460123,163,42.10526315789473,1.3214252514732507,6,0.14370129276273377,0.1043652984119467
ACG,random,0.1,0,6,24.025754773572068,14.723926380368098,163,47.368421052631575,1.2645048026075132,6,0.12884279123730016,0.08089227998860449
ACG,random,0.1,0,7,15.252848587948636,17.177914110429448,163,78.94736842105263,1.1277294799194597,6,0.17590090031011563,0.13091418026682616
ACG,random,0.1,0,8,23.604251683842715,19.01840490797546,163,47.368421052631575,1.2903165691031355,6,0.1302623489368866,0.10263743426315552
ACG,random,0.1,0,9,23.514052531728215,12.883435582822086,163,47.368421052631575,1.2711346697817447,6,0.12981627687526404,0.122828967078051
ACG,random,0.2,1,0,22.290211196290613,15.337423312883436,163,47.368421052631575,1.2765087821199637,13,0.1754471413171733,0.2863087067373057
ACG,random,0.2,1,1,19.47633957884605,6.748466257668712,163,52.63157894736842,1.22857153696717,13,0.2251676468699338,0.13983391893731423
ACG,random,0.2,1,2,25.458404605562123,12.269938650306749,163,52.63157894736842,1.3404407810216472,13,0.17235441652622902,0.16879771065825028
ACG,random,0.2,1,3,28.743156983257123,9.815950920245399,163,36.84210526315789,1.2403306164171455,13,0.17501877346253733,0.1862022746178847
ACG,random,0.2,1,4,28.257485359769934,14.723926380368098,163,36.84210526315789,1.3191250589080077,13,0.18929348315948777,0.34291480128140694
ACG,random,0.2,1,5,11.283721691250102,9.815950920245399,163,57.89473684210527,1.22140460177074,13,0.22966337403649276,0.3149916685834446
ACG,random,0.2,1,6,23.249320962804184,15.950920245398773,163,52.63157894736842,1.2947976769469947,13,0.1436506295579882,0.1865709083229682
ACG,random,0.2,1,7,27.03949476325473,14.110429447852761,163,36.84210526315789,1.245507222447032,13,0.19130753636946593,0.225378588940568
ACG,random,0.2,1,8,23.06152253577987,9.202453987730062,163,36.84210526315789,1.1849061943066255,13,0.21011543132797678,0.18558999665375744
ACG,random,0.2,1,9,28.792232638526944,14.723926380368098,163,31.57894736842105,1.4551093840451248,13,0.17471601403134424,0.3682217642457049
ACG,random,0.2,2,0,22.919950108396765,12.883435582822086,163,47.368421052631575,1.1910524310297452,13,0.1995244005182973,0.16076141875425998
ACG,random,0.2,2,1,20.2783675548304,12.883435582822086,163,47.368421052631575,1.3441088674193735,13,0.21349539031262713,0.2479622207719381
ACG,random,0.2,2,2,23.247263154009307,9.815950920245399,163,52.63157894736842,1.2789085349896265,13,0.2048017454405944,0.20022249160121763
ACG,random,0.2,2,3,16.551974154215383,9.202453987730062,163,47.368421052631575,1.0923433159752274,13,0.27838903924268005,0.26490627227938035
ACG,random,0.2,2,4,28.808625328798353,12.883435582822086,163,42.10526315789473,1.3548866459234152,13,0.17613997747298582,0.19879134104675014
ACG,random,0.2,2,5,20.20430966209739,9.202453987730062,163,47.368421052631575,1.2705374600245416,13,0.20481953089315405,0.2069371711943645
ACG,random,0.2,2,6,23.31854395165285,15.950920245398773,163,47.368421052631575,1.2212579763899019,13,0.14790471303195785,0.18740684734144708
ACG,random,0.2,2,7,21.433007532578067,7.361963190184049,163,47.368421052631575,1.1955489953403244,13,0.2281239036990097,0.16798239419274216
ACG,random,0.2,2,8,23.830831597042724,11.656441717791411,163,42.10526315789473,1.2990433270744763,13,0.14284442762244595,0.18439596317805063
ACG,random,0.2,2,9,20.98986940710557,8.588957055214724,163,47.368421052631575,1.3721441912921855,13,0.2355429606501492,0.14905270119522732
ACG,random,0.2,3,0,25.004536492975266,7.975460122699387,163,47.368421052631575,1.332834889802213,13,0.24875987607700498,0.22965329781492905
ACG,random,0.2,3,1,36.08807304595666,3.6809815950920246,163,26.31578947368421,1.2816449259796299,13,0.2862154182895807,0.22044372468620038
ACG,random,0.2,3,2,26.886897355928923,13.496932515337424,163,31.57894736842105,1.2641156100456377,13,0.1848660198548389,0.24646601038801866
ACG,random,0.2,3,3,28.381114575854593,11.042944785276074,163,42.10526315789473,1.3335000436553923,13,0.25271245835596795,0.23986503023019765
ACG,random,0.2,3,4,12.253264833607075,11.042944785276074,163,57.89473684210527,1.2685566115855968,13,0.20397628135126275,0.20679524444682681
ACG,random,0.2,3,5,17.0198567518705,10.429447852760736,163,52.63157894736842,1.296393036254681,13,0.19770910516511864,0.22544704091544554
ACG,random,0.2,3,6,30.285513259307905,14.110429447852761,163,42.10526315789473,1.3352831112131147,13,0.18324414185472787,0.1872255084006382
ACG,random,0.2,3,7,35.16026169924938,12.269938650306749,163,36.84210526315789,1.32132361622138,13,0.18470857144007577,0.19699456040998886
ACG,random,0.2,3,8,20.628729517922057,14.723926380368098,163,52.63157894736842,1.1977463743243495,13,0.1827391634004765,0.19116786472782707
ACG,random,0.2,3,9,15.273007871647087,12.269938650306749,163,57.89473684210527,1.2800715468927788,13,0.14493481543900985,0.1578187425963799
ACG,random,0.2,0,0,14.666593552329058,12.269938650306749,163,47.368421052631575,1.244938269363308,13,0.17874699861929244,0.19023886939583853
ACG,random,0.2,0,1,23.94270506894932,12.883435582822086,163,47.368421052631575,1.1912249068935001,13,0.13127564591366217,0.19772722439827717
ACG,random,0.2,0,2,10.901621146836483,3.067484662576687,163,78.94736842105263,1.1404654970233123,13,0.20423350537915555,0.25555042894858737
ACG,random,0.2,0,3,21.47194783508482,16.56441717791411,163,47.368421052631575,1.3064795035051082,13,0.20582169801029188,0.2110584044858357
ACG,random,0.2,0,4,25.85282705230487,12.883435582822086,163,42.10526315789473,1.3135536017184417,13,0.1439110757695121,0.1128976171651918
ACG,random,0.2,0,5,26.05926863710747,12.883435582822086,163,47.368421052631575,1.2204580466771753,13,0.17155818518174093,0.19951175685894176
ACG,random,0.2,0,6,16.412483366347875,9.815950920245399,163,63.1578947368421,1.286293884652341,13,0.21480026293861604,0.19991521990426325
ACG,random,0.2,0,7,36.74168909323765,14.110429447852761,163,31.57894736842105,1.3220535427207136,13,0.18160292098772113,0.2664358384743055
ACG,random,0.2,0,8,20.748157690267014,14.723926380368098,163,57.89473684210527,1.1717216244055175,13,0.1670956386530144,0.12298269234387046
ACG,random,0.2,0,9,9.934570525437723,9.815950920245399,163,57.89473684210527,1.172561589763017,13,0.17229531603689846,0.1574875521889746
ACG,random,0.4,1,0,22.25618198965577,9.815950920245399,163,47.368421052631575,1.3312901935038224,26,0.17508793341607323,0.3751311868106
ACG,random,0.4,1,1,28.56840635896667,12.883435582822086,163,42.10526315789473,1.3954596611950822,26,0.19581330350329615,0.4527677162445312
ACG,random,0.4,1,2,20.949472444571533,6.748466257668712,163,42.10526315789473,1.270498573254068,26,0.28090449507040555,0.5214265120055712
ACG,random,0.4,1,3,22.10861357528499,9.815950920245399,163,42.10526315789473,1.1444089818575158,26,0.2801265384252432,0.3368574082856867
ACG,random,0.4,1,4,16.504109182616087,8.588957055214724,163,52.63157894736842,1.064505104241238,26,0.3061122016781335,0.4394753438547311
ACG,random,0.4,1,5,27.19155605054855,9.815950920245399,163,42.10526315789473,1.3005031062223351,26,0.17316440882447426,0.3754332357348856
ACG,random,0.4,1,6,25.315476650092965,12.269938650306749,163,47.368421052631575,1.22125165799888,26,0.22191502355891532,0.3862913304052295
ACG,random,0.4,1,7,26.459490558636418,12.269938650306749,163,42.10526315789473,1.347753449893049,26,0.18400176227717044,0.2552202812673746
ACG,random,0.4,1,8,20.155817815549877,7.975460122699387,163,47.368421052631575,1.2231561584717296,26,0.262306440584565,0.3720192530518171
ACG,random,0.4,1,9,15.420195574862309,17.177914110429448,163,57.89473684210527,1.1435533035019478,26,0.19911884225731513,0.3303931715263551
ACG,random,0.4,2,0,22.033983551207513,5.521472392638037,163,31.57894736842105,1.0883533218864132,26,0.39717892165101515,0.42290367186766786
ACG,random,0.4,2,1,10.264385474244659,8.588957055214724,163,84.21052631578947,1.0342443419598113,26,0.3467481857131771,0.4830647571006128
ACG,random,0.4,2,2,20.706113839419956,4.294478527607362,163,47.368421052631575,1.403297734508319,26,0.309879010851143,0.5007404904339741
ACG,random,0.4,2,3,17.06797179410745,14.110429447852761,163,68.42105263157895,1.0864888649799793,26,0.22590771343747748,0.4297242393057317
ACG,random,0.4,2,4,30.172933577393145,9.202453987730062,163,47.368421052631575,1.2370886556669707,26,0.22038620590257793,0.38980824359032756
ACG,random,0.4,2,5,29.445877765184704,7.361963190184049,163,31.57894736842105,1.430500917399273,26,0.2298073812704985,0.4327398823000612
ACG,random,0.4,2,6,14.152251736544372,7.361963190184049,163,68.42105263157895,1.1074265608699834,26,0.21131768300028222,0.31993039349582875
ACG,random,0.4,2,7,16.041469932786736,14.110429447852761,163,68.42105263157895,1.101708315262248,26,0.2237164772523594,0.3486127697012297
ACG,random,0.4,2,8,24.730935710883184,14.110429447852761,163,42.10526315789473,1.4854520497658237,26,0.17947351345064055,0.4063026681356646
ACG,random,0.4,2,9,15.957157300425488,15.337423312883436,163,78.94736842105263,1.2346803238537682,26,0.20055961886037132,0.33031903226571613
ACG,random,0.4,3,0,11.639788526211358,4.294478527607362,163,84.21052631578947,1.237490900006895,26,0.31684951198705913,0.34516695158764693
ACG,random,0.4,3,1,24.101946950217297,14.110429447852761,163,36.84210526315789,1.0769060162362039,26,0.2525978313066447,0.3649318077010825
ACG,random,0.4,3,2,17.8602438223463,12.883435582822086,163,57.89473684210527,1.0827264894955755,26,0.2963378689305893,0.39285249327779564
ACG,random,0.4,3,3,13.2987801205628,8.588957055214724,163,52.63157894736842,1.039125131216941,26,0.3709557061452697,0.3882617560918952
ACG,random,0.4,3,4,19.522909122847278,3.6809815950920246,163,57.89473684210527,1.263157227554239,26,0.2932013637217627,0.4563515947340677
ACG,random,0.4,3,5,27.04612644451714,3.067484662576687,163,36.84210526315789,1.2885670411917052,26,0.30897372257050704,0.3660165040507651
ACG,random,0.4,3,6,15.829718679626978,13.496932515337424,163,47.368421052631575,1.2336018840295289,26,0.27548007975137273,0.4459069995629016
ACG,random,0.4,3,7,45.621484134733244,9.202453987730062,163,31.57894736842105,1.3603566074185647,26,0.2596367167448805,0.3894395458932805
ACG,random,0.4,3,8,22.628953355992333,9.815950920245399,163,52.63157894736842,1.1646220945667904,26,0.315594133498683,0.4223500031145231
ACG,random,0.4,3,9,28.30249297716979,10.429447852760736,163,36.84210526315789,1.2105839124048323,26,0.24738233120702488,0.3124787127447919
ACG,random,0.4,0,0,20.016160646484536,14.723926380368098,163,63.1578947368421,1.105279517213863,26,0.2740390184836502,0.36084196989537626
ACG,random,0.4,0,1,36.65943996119785,14.723926380368098,163,36.84210526315789,1.329497225758124,26,0.21160292591032892,0.3988497138302815
ACG,random,0.4,0,2,19.178056880513335,7.361963190184049,163,42.10526315789473,1.1778976093581324,26,0.3333337541222942,0.40863312517916967
ACG,random,0.4,0,3,8.318740103759852,6.748466257668712,163,84.21052631578947,1.1442831809364447,26,0.3066942902590199,0.34870450275234993
ACG,random,0.4,0,4,52.209316360554105,4.294478527607362,163,10.526315789473683,1.442332928667569,26,0.343191215690905,0.5611525767163449
ACG,random,0.4,0,5,7.535083366349311,11.042944785276074,163,94.73684210526315,0.8519157137838724,26,0.3513798173653002,0.43989504086130826
ACG,random,0.4,0,6,25.75921534708697,4.294478527607362,163,42.10526315789473,1.341399407589883,26,0.35729448329461533,0.4018470282692624
ACG,random,0.4,0,7,16.277756844708684,15.950920245398773,163,73.68421052631578,1.1569587164777042,26,0.29660794733595447,0.3637205129645622
ACG,random,0.4,0,8,13.268590970026203,12.269938650306749,163,68.42105263157895,0.9343944681708517,26,0.31729904867949693,0.4567022238431181
ACG,random,0.4,0,9,22.586635487746282,10.429447852760736,163,47.368421052631575,1.3046654295941729,26,0.26062066246829696,0.3939216292959103
ACG,random,0.6,1,0,16.195433687232455,6.748466257668712,163,47.368421052631575,1.0223229947582828,38,0.2941849112427688,0.6659304673128436
ACG,random,0.6,1,1,9.542512371854942,3.6809815950920246,163,47.368421052631575,0.7840405102172181,38,0.3484336414710233,0.6760811239697485
ACG,random,0.6,1,2,23.380524746309735,3.6809815950920246,163,42.10526315789473,1.1573870312979941,38,0.2789354853177797,0.6693668648952193
ACG,random,0.6,1,3,15.25704964208739,7.361963190184049,163,36.84210526315789,1.0228970330605038,38,0.28433042362441796,0.5296884658554889
ACG,random,0.6,1,4,19.807725886943082,6.748466257668712,163,57.89473684210527,1.2926081097124973,38,0.23534057391872937,0.5206629896069273
ACG,random,0.6,1,5,27.956401919753866,9.202453987730062,163,31.57894736842105,1.1492630746028918,38,0.2672563235043359,0.7247906136386727
ACG,random,0.6,1,6,16.404967193303772,6.134969325153374,163,42.10526315789473,1.11126359148024,38,0.2743730614242162,0.6286075722282404
ACG,random,0.6,1,7,21.025829283372506,6.134969325153374,163,21.052631578947366,1.210599185835433,38,0.3153699200563325,0.5485019071667739
ACG,random,0.6,1,8,20.820294600377665,6.748466257668712,163,36.84210526315789,1.0480945774233796,38,0.2944765400269431,0.5356651278469673
ACG,random,0.6,1,9,18.651785246577646,12.883435582822086,163,52.63157894736842,0.9648516837774234,38,0.25905993435085395,0.6861305224860289
ACG,random,0.6,2,0,8.956596425913375,2.4539877300613497,163,89.47368421052632,0.8382343421381758,38,0.3191964068949743,0.5269679440840328
ACG,random,0.6,2,1,15.90049557120207,6.134969325153374,163,47.368421052631575,1.1096175802456945,38,0.36696651375544953,0.5968481567389717
ACG,random,0.6,2,2,10.841057592916556,2.4539877300613497,163,57.89473684210527,0.806720411901623,38,0.4216208433788918,0.5993467360973833
ACG,random,0.6,2,3,29.02208353486569,4.9079754601226995,163,31.57894736842105,1.3227754827440323,38,0.335372950939703,0.635124389812773
ACG,random,0.6,2,4,29.554196318196652,5.521472392638037,163,26.31578947368421,1.0943579585877663,38,0.3394130335858481,0.5297941040174765
ACG,random,0.6,2,5,20.411224581037658,5.521472392638037,163,36.84210526315789,1.0503810113634813,38,0.3628711175362545,0.5913679404012949
ACG,random,0.6,2,6,14.85133763880102,11.656441717791411,163,47.368421052631575,0.9322399555703214,38,0.3227521638241797,0.5836119470102616
ACG,random,0.6,2,7,20.581673941862725,3.067484662576687,163,31.57894736842105,1.229856640608186,38,0.3654624418184865,0.5957860124142329
ACG,random,0.6,2,8,16.939195209515827,13.496932515337424,163,63.1578947368421,1.0650337079124061,38,0.31546556709966683,0.6376392545545538
ACG,random,0.6,2,9,12.209375303317865,11.042944785276074,163,57.89473684210527,0.8643847480665054,38,0.3269984299474285,0.559321443250932
ACG,random,0.6,3,0,14.243593077684464,4.294478527607362,163,42.10526315789473,1.0229101440655313,38,0.46334698175198963,0.6150249277208771
ACG,random,0.6,3,1,14.310044240528475,12.883435582822086,163,73.68421052631578,1.0457576629145597,38,0.26229014159124103,0.5388995233692293
ACG,random,0.6,3,2,22.517762330231182,5.521472392638037,163,42.10526315789473,1.3177615525825472,38,0.3802908020966649,0.6026453115595983
ACG,random,0.6,3,3,10.460875681373949,9.815950920245399,163,94.73684210526315,0.7029796514476817,38,0.3468875760889361,0.5138687302935251
ACG,random,0.6,3,4,23.768282430678717,14.110429447852761,163,42.10526315789473,1.3052340051381177,38,0.310723036570745,0.5937906561441924
ACG,random,0.6,3,5,14.449489736571197,3.067484662576687,163,47.368421052631575,1.1542156626522928,38,0.4048299888943756,0.5466554339135242
ACG,random,0.6,3,6,8.314138617134095,3.6809815950920246,163,84.21052631578947,1.0400764570968213,38,0.30490149523392285,0.5611575469493011
ACG,random,0.6,3,7,34.64817473463677,3.6809815950920246,163,21.052631578947366,1.2977713408279523,38,0.37514308587743983,0.5372615502171788
ACG,random,0.6,3,8,24.25032518123609,4.9079754601226995,163,36.84210526315789,1.1998712596497387,38,0.35225841044192374,0.4235763508177579
ACG,random,0.6,3,9,14.559487123459828,12.269938650306749,163,63.1578947368421,0.7138000859362188,38,0.39505650614619037,0.6269561699055514
ACG,random,0.6,0,0,17.204343047552438,9.815950920245399,163,84.21052631578947,1.3210899039122033,38,0.30155473856072207,0.6765934979089084
ACG,random,0.6,0,1,5.24994663086449,1.2269938650306749,163,94.73684210526315,0.9430311608119366,38,0.45710980556230396,0.4136997511719354
ACG,random,0.6,0,2,25.39198153567631,1.8404907975460123,163,42.10526315789473,1.2595288514411171,38,0.39163495242026336,0.578952193348948
ACG,random,0.6,0,3,17.200736927226522,9.815950920245399,163,68.42105263157895,1.386990623854282,38,0.24515756672849176,0.5691804085399392
ACG,random,0.6,0,4,15.328002641395308,2.4539877300613497,163,78.94736842105263,1.1190241128293594,38,0.4995280277481069,0.6666360649859735
ACG,random,0.6,0,5,17.552246954653985,4.294478527607362,163,68.42105263157895,1.1367586861725665,38,0.4811526255167151,0.638682088161575
ACG,random,0.6,0,6,14.580028688489127,9.202453987730062,163,78.94736842105263,0.9740361817311042,38,0.36208660071287874,0.5793596324663627
ACG,random,0.6,0,7,11.658437636308976,11.042944785276074,163,84.21052631578947,0.7144671429139869,38,0.40498474227906406,0.5501183847326366
ACG,random,0.6,0,8,32.528923535998025,5.521472392638037,163,36.84210526315789,1.4646476358043874,38,0.4014426301709405,0.582220964554135
ACG,random,0.6,0,9,39.33427929283309,4.9079754601226995,163,5.263157894736842,1.4785379579314368,38,0.41729028341339436,0.5727697280604489
ACG,random,0.8,1,0,22.0218135450123,3.067484662576687,163,26.31578947368421,1.0268751494852784,51,0.34711782451506634,0.8052069911078493
ACG,random,0.8,1,1,23.138876029038766,9.202453987730062,163,31.57894736842105,1.030799032297903,51,0.2826140233038724,0.7794381004405221
ACG,random,0.8,1,2,18.160447354027916,2.4539877300613497,163,42.10526315789473,0.9936107745725836,51,0.34503452541930485,0.8273824610554307
ACG,random,0.8,1,3,23.41884498064989,3.067484662576687,163,42.10526315789473,1.1983803131722481,51,0.320349573195272,0.7336605637047272
ACG,random,0.8,1,4,16.531077321673795,5.521472392638037,163,42.10526315789473,1.037118535845186,51,0.344923679175141,0.7807635734093815
ACG,random,0.8,1,5,20.545878464339452,2.4539877300613497,163,15.789473684210526,0.8169203075524889,51,0.3679145650521594,0.8074457168143044
ACG,random,0.8,1,6,20.005191318695807,4.294478527607362,163,42.10526315789473,0.7468554602996282,51,0.35981845220160846,0.8474370756366507
ACG,random,0.8,1,7,20.557668586297417,1.8404907975460123,163,36.84210526315789,0.8708679289627395,51,0.35217058771445503,0.739658952681905
ACG,random,0.8,1,8,14.726044056377093,6.748466257668712,163,42.10526315789473,0.9921602159061013,51,0.36386578846298345,0.7956347560954936
ACG,random,0.8,1,9,19.584712289170543,7.975460122699387,163,36.84210526315789,0.9287998585795725,51,0.31432829545183294,0.8180100106673802
ACG,random,0.8,2,0,16.7329077132477,6.134969325153374,163,36.84210526315789,1.0084447181804261,51,0.41408557546827807,0.7865984646337335
ACG,random,0.8,2,1,8.104279470253314,7.361963190184049,163,73.68421052631578,0.557178510813849,51,0.4212933636005431,0.8351998478792183
ACG,random,0.8,2,2,9.922712390008929,6.134969325153374,163,52.63157894736842,0.8357358688180547,51,0.4713218762270164,0.8766466153524325
ACG,random,0.8,2,3,11.299037672779322,4.294478527607362,163,36.84210526315789,0.9800703163601611,51,0.4634405759491285,0.7874845727802868
ACG,random,0.8,2,4,13.124835790587081,6.134969325153374,163,36.84210526315789,0.5817448579312696,51,0.4716087096623331,0.797436408120481
ACG,random,0.8,2,5,5.7349803503232,1.8404907975460123,163,84.21052631578947,0.6613430151599399,51,0.5295751819221136,0.8675599582158529
ACG,random,0.8,2,6,8.908200439770424,1.2269938650306749,163,31.57894736842105,0.5099711987929054,51,0.5500288440743011,0.8117383257264009
ACG,random,0.8,2,7,20.017527198440224,3.067484662576687,163,21.052631578947366,1.1942779424171008,51,0.4296168371567799,0.8397871757789885
ACG,random,0.8,2,8,18.585238361377176,2.4539877300613497,163,36.84210526315789,1.076753764156659,51,0.44418395812770656,0.8266290996664285
ACG,random,0.8,2,9,16.886894224929293,3.067484662576687,163,52.63157894736842,1.0949819520179551,51,0.4170921842399459,0.8108322680852078
ACG,random,0.8,3,0,23.785249294739693,1.8404907975460123,163,26.31578947368421,1.3313944258101003,51,0.4981653514433862,0.7332929150187971
ACG,random,0.8,3,1,6.783722033136437,1.8404907975460123,163,73.68421052631578,0.5560214170920801,51,0.5775666650542464,0.7725684477382668
ACG,random,0.8,3,2,25.781558051068842,1.2269938650306749,163,15.789473684210526,1.219305872750744,51,0.5556975208961178,0.8179503718714126
ACG,random,0.8,3,3,7.710655407204204,7.361963190184049,163,57.89473684210527,0.7135489819221444,51,0.5597945491231121,0.8596321275478855
ACG,random,0.8,3,4,31.049631580976378,1.8404907975460123,163,5.263157894736842,1.338757466930002,51,0.5259534628074997,0.7505321397425831
ACG,random,0.8,3,5,23.456601537946277,4.9079754601226995,163,26.31578947368421,0.9194154911096888,51,0.5205904883434364,0.8159483512954527
ACG,random,0.8,3,6,14.49749483601849,5.521472392638037,163,36.84210526315789,0.7759874362096842,51,0.5453772936504475,0.8224514466032994
ACG,random,0.8,3,7,17.91078958110919,6.134969325153374,163,68.42105263157895,1.391250434938788,51,0.4193983630971081,0.7715105583077477
ACG,random,0.8,3,8,3.1559686927066726,0.6134969325153374,163,94.73684210526315,0.5444417023648577,51,0.6428090080170572,0.7931439540460821
ACG,random,0.8,3,9,6.496976481734963,5.521472392638037,163,89.47368421052632,0.4000640221622709,51,0.5525060893507906,0.8387604687181415
ACG,random,0.8,0,0,8.31027078077736,4.9079754601226995,163,89.47368421052632,0.341445270090295,51,0.7093595800174575,0.8038454563820965
ACG,random,0.8,0,1,8.14895424667944,2.4539877300613497,163,100.0,0.4169003130619357,51,0.703287396135364,0.8650427006317205
ACG,random,0.8,0,2,4.673868888608111,6.748466257668712,163,78.94736842105263,0.5368240728615666,51,0.7161440392378637,0.796317281237619
ACG,random,0.8,0,3,9.100610307885484,7.361963190184049,163,94.73684210526315,0.7674689649550308,51,0.5622798254991546,0.7689939989216464
ACG,random,0.8,0,4,13.60664194642032,11.656441717791411,163,89.47368421052632,0.5011130053870633,51,0.5227161925356921,0.6907032316502674
ACG,random,0.8,0,5,7.418733109331753,1.8404907975460123,163,100.0,0.7781472391127001,51,0.604479995094991,0.7325986719197016
ACG,random,0.8,0,6,12.850231340983825,6.134969325153374,163,42.10526315789473,0.7149340014752247,51,0.6776583409102931,0.8489274113297726
ACG,random,0.8,0,7,4.378632300728993,9.202453987730062,163,89.47368421052632,0.567750201684789,51,0.6650258349053682,0.8256353616080216
ACG,random,0.8,0,8,14.465481798759475,14.110429447852761,163,78.94736842105263,0.5837809903921541,51,0.6335765588380191,0.7633693372955802
ACG,random,0.8,0,9,9.485221865700053,6.748466257668712,163,89.47368421052632,0.6406361696954461,51,0.5435820961825966,0.7076122304169561
ACG,random,1.0,1,0,16.540566227305813,1.8404907975460123,163,36.84210526315789,0.8358530001031622,64,0.39089183186759097,1.0
ACG,random,1.0,1,1,16.540566227305813,1.8404907975460123,163,42.10526315789473,0.8245177743037543,64,0.39089183186759097,1.0
ACG,random,1.0,1,2,16.540566227305813,1.8404907975460123,163,36.84210526315789,0.8132927135460591,64,0.39089183186759097,1.0
ACG,random,1.0,1,3,16.540566227305813,1.8404907975460123,163,31.57894736842105,0.7824129033223673,64,0.39089183186759097,1.0
ACG,random,1.0,1,4,16.540566227305813,1.8404907975460123,163,31.57894736842105,0.7835019636442342,64,0.39089183186759097,1.0
ACG,random,1.0,1,5,16.540566227305813,1.8404907975460123,163,36.84210526315789,0.7382683586264316,64,0.39089183186759097,1.0
ACG,random,1.0,1,6,16.540566227305813,1.8404907975460123,163,31.57894736842105,0.8133625793835809,64,0.39089183186759097,1.0
ACG,random,1.0,1,7,16.540566227305813,1.8404907975460123,163,31.57894736842105,0.7704843625500556,64,0.39089183186759097,1.0
ACG,random,1.0,1,8,16.540566227305813,1.8404907975460123,163,31.57894736842105,0.8606667095418843,64,0.39089183186759097,1.0
ACG,random,1.0,1,9,16.540566227305813,1.8404907975460123,163,31.57894736842105,0.7338662745512009,64,0.39089183186759097,1.0
ACG,random,1.0,2,0,7.529952729792816,0.0,163,31.57894736842105,0.5427802709555346,64,0.6069963199361993,1.0
ACG,random,1.0,2,1,7.529952729792816,0.0,163,31.57894736842105,0.4937380053551084,64,0.6069963199361993,1.0
ACG,random,1.0,2,2,7.529952729792816,0.0,163,36.84210526315789,0.5269498744733925,64,0.6069963199361993,1.0
ACG,random,1.0,2,3,7.529952729792816,0.0,163,47.368421052631575,0.5152210579912626,64,0.6069963199361993,1.0
ACG,random,1.0,2,4,7.529952729792816,0.0,163,36.84210526315789,0.5039182273071448,64,0.6069963199361993,1.0
ACG,random,1.0,2,5,7.529952729792816,0.0,163,31.57894736842105,0.47264071461888324,64,0.6069963199361993,1.0
ACG,random,1.0,2,6,7.529952729792816,0.0,163,31.57894736842105,0.46769222534559807,64,0.6069963199361993,1.0
ACG,random,1.0,2,7,7.529952729792816,0.0,163,36.84210526315789,0.5154029329418958,64,0.6069963199361993,1.0
ACG,random,1.0,2,8,7.529952729792816,0.0,163,36.84210526315789,0.4991508970667909,64,0.6069963199361993,1.0
ACG,random,1.0,2,9,7.529952729792816,0.0,163,31.57894736842105,0.4596142953431053,64,0.6069963199361993,1.0
ACG,random,1.0,3,0,3.967109127884564,0.0,163,52.63157894736842,0.2691122693363243,64,0.7622556908109065,1.0
ACG,random,1.0,3,1,3.967109127884564,0.0,163,52.63157894736842,0.299867232479704,64,0.7622556908109065,1.0
ACG,random,1.0,3,2,3.967109127884564,0.0,163,26.31578947368421,0.29117584143711994,64,0.7622556908109065,1.0
ACG,random,1.0,3,3,3.967109127884564,0.0,163,26.31578947368421,0.3000778092617068,64,0.7622556908109065,1.0
ACG,random,1.0,3,4,3.967109127884564,0.0,163,26.31578947368421,0.2614143785260501,64,0.7622556908109065,1.0
ACG,random,1.0,3,5,3.967109127884564,0.0,163,68.42105263157895,0.28579761771950085,64,0.7622556908109065,1.0
ACG,random,1.0,3,6,3.967109127884564,0.0,163,26.31578947368421,0.2720387272666882,64,0.7622556908109065,1.0
ACG,random,1.0,3,7,3.967109127884564,0.0,163,68.42105263157895,0.2807542258067607,64,0.7622556908109065,1.0
ACG,random,1.0,3,8,3.967109127884564,0.0,163,26.31578947368421,0.29843279215063817,64,0.7622556908109065,1.0
ACG,random,1.0,3,9,3.967109127884564,0.0,163,42.10526315789473,0.34286075799679383,64,0.7622556908109065,1.0
ACG,random,1.0,0,0,9.150661611689785e-08,0.0,163,100.0,5.766178981202938e-10,64,0.9999999921584058,1.0
ACG,random,1.0,0,1,9.150661611689785e-08,0.0,163,100.0,5.450201931734021e-10,64,0.9999999921584058,1.0
ACG,random,1.0,0,2,9.150661611689785e-08,0.0,163,100.0,4.987355038784233e-10,64,0.9999999921584058,1.0
ACG,random,1.0,0,3,9.150661611689785e-08,0.0,163,100.0,5.768388428261966e-10,64,0.9999999921584058,1.0
ACG,random,1.0,0,4,9.150661611689785e-08,0.0,163,100.0,4.99540154382466e-10,64,0.9999999921584058,1.0
ACG,random,1.0,0,5,9.150661611689785e-08,0.0,163,0.0,5.630004520877769e-10,64,0.9999999921584058,1.0
ACG,random,1.0,0,6,9.150661611689785e-08,0.0,163,100.0,2.9949423638467384e-10,64,0.9999999921584058,1.0
ACG,random,1.0,0,7,9.150661611689785e-08,0.0,163,100.0,4.867010851789506e-10,64,0.9999999921584058,1.0
ACG,random,1.0,0,8,9.150661611689785e-08,0.0,163,100.0,5.351216245133977e-10,64,0.9999999921584058,1.0
ACG,random,1.0,0,9,9.150661611689785e-08,0.0,163,0.0,5.098575653709065e-10,64,0.9999999921584058,1.0
ACG,flow,0.0,1,0,24.35413581405717,15.337423312883436,163,47.368421052631575,1.3669661501175052,0,0.12661839854943296,0.0
ACG,flow,0.0,1,1,24.35413581405717,15.337423312883436,163,47.368421052631575,1.3852121030986209,0,0.12661839854943296,0.0
ACG,flow,0.0,1,2,24.35413581405717,15.337423312883436,163,47.368421052631575,1.4276678465086572,0,0.12661839854943296,0.0
ACG,flow,0.0,1,3,24.35413581405717,15.337423312883436,163,42.10526315789473,1.2859891745129557,0,0.12661839854943296,0.0
ACG,flow,0.0,1,4,24.35413581405717,15.337423312883436,163,47.368421052631575,1.367932661953041,0,0.12661839854943296,0.0
ACG,flow,0.0,1,5,24.35413581405717,15.337423312883436,163,42.10526315789473,1.296227388806993,0,0.12661839854943296,0.0
ACG,flow,0.0,1,6,24.35413581405717,15.337423312883436,163,47.368421052631575,1.457488748341724,0,0.12661839854943296,0.0
ACG,flow,0.0,1,7,24.35413581405717,15.337423312883436,163,47.368421052631575,1.2962001560469751,0,0.12661839854943296,0.0
ACG,flow,0.0,1,8,24.35413581405717,15.337423312883436,163,42.10526315789473,1.3279397425403887,0,0.12661839854943296,0.0
ACG,flow,0.0,1,9,24.35413581405717,15.337423312883436,163,47.368421052631575,1.2839940086802644,0,0.12661839854943296,0.0
ACG,flow,0.0,2,0,24.35413581405717,15.337423312883436,163,42.10526315789473,1.2365821839277806,0,0.12661839854943296,0.0
ACG,flow,0.0,2,1,24.35413581405717,15.337423312883436,163,42.10526315789473,1.41741616145765,0,0.12661839854943296,0.0
ACG,flow,0.0,2,2,24.35413581405717,15.337423312883436,163,47.368421052631575,1.3288114921883185,0,0.12661839854943296,0.0
ACG,flow,0.0,2,3,24.35413581405717,15.337423312883436,163,52.63157894736842,1.3364621240415548,0,0.12661839854943296,0.0
ACG,flow,0.0,2,4,24.35413581405717,15.337423312883436,163,52.63157894736842,1.4118565651247408,0,0.12661839854943296,0.0
ACG,flow,0.0,2,5,24.35413581405717,15.337423312883436,163,47.368421052631575,1.3066424127899234,0,0.12661839854943296,0.0
ACG,flow,0.0,2,6,24.35413581405717,15.337423312883436,163,47.368421052631575,1.355968959657671,0,0.12661839854943296,0.0
ACG,flow,0.0,2,7,24.35413581405717,15.337423312883436,163,47.368421052631575,1.2771527721879403,0,0.12661839854943296,0.0
ACG,flow,0.0,2,8,24.35413581405717,15.337423312883436,163,47.368421052631575,1.3817959491969893,0,0.12661839854943296,0.0
ACG,flow,0.0,2,9,24.35413581405717,15.337423312883436,163,47.368421052631575,1.2022856476678245,0,0.12661839854943296,0.0
ACG,flow,0.0,3,0,24.35413581405717,15.337423312883436,163,47.368421052631575,1.2818646487644578,0,0.12661839854943296,0.0
ACG,flow,0.0,3,1,24.35413581405717,15.337423312883436,163,42.10526315789473,1.2923671447554164,0,0.12661839854943296,0.0
ACG,flow,0.0,3,2,24.35413581405717,15.337423312883436,163,47.368421052631575,1.3133601243001631,0,0.12661839854943296,0.0
ACG,flow,0.0,3,3,24.35413581405717,15.337423312883436,163,47.368421052631575,1.3013249077937759,0,0.12661839854943296,0.0
ACG,flow,0.0,3,4,24.35413581405717,15.337423312883436,163,47.368421052631575,1.310020278021048,0,0.12661839854943296,0.0
ACG,flow,0.0,3,5,24.35413581405717,15.337423312883436,163,47.368421052631575,1.233410634066357,0,0.12661839854943296,0.0
ACG,flow,0.0,3,6,24.35413581405717,15.337423312883436,163,47.368421052631575,1.2413340475258063,0,0.12661839854943296,0.0
ACG,flow,0.0,3,7,24.35413581405717,15.337423312883436,163,47.368421052631575,1.5787443543185538,0,0.12661839854943296,0.0
ACG,flow,0.0,3,8,24.35413581405717,15.337423312883436,163,47.368421052631575,1.3617648527138937,0,0.12661839854943296,0.0
ACG,flow,0.0,3,9,24.35413581405717,15.337423312883436,163,47.368421052631575,1.3026387683016531,0,0.12661839854943296,0.0
ACG,flow,0.0,0,0,24.35413581405717,15.337423312883436,163,47.368421052631575,1.2661527368057341,0,0.12661839854943296,0.0
ACG,flow,0.0,0,1,24.35413581405717,15.337423312883436,163,47.368421052631575,1.2722599375785328,0,0.12661839854943296,0.0
ACG,flow,0.0,0,2,24.35413581405717,15.337423312883436,163,42.10526315789473,1.39963451773977,0,0.12661839854943296,0.0
ACG,flow,0.0,0,3,24.35413581405717,15.337423312883436,163,47.368421052631575,1.355786176193739,0,0.12661839854943296,0.0
ACG,flow,0.0,0,4,24.35413581405717,15.337423312883436,163,47.368421052631575,1.4168594543601933,0,0.12661839854943296,0.0
ACG,flow,0.0,0,5,24.35413581405717,15.337423312883436,163,47.368421052631575,1.292119797128063,0,0.12661839854943296,0.0
ACG,flow,0.0,0,6,24.35413581405717,15.337423312883436,163,47.368421052631575,1.4167909118319915,0,0.12661839854943296,0.0
ACG,flow,0.0,0,7,24.35413581405717,15.337423312883436,163,42.10526315789473,1.2879522917580004,0,0.12661839854943296,0.0
ACG,flow,0.0,0,8,24.35413581405717,15.337423312883436,163,47.368421052631575,1.287737790122809,0,0.12661839854943296,0.0
ACG,flow,0.0,0,9,24.35413581405717,15.337423312883436,163,47.368421052631575,1.3724441978707862,0,0.12661839854943296,0.0
ACG,flow,0.05,1,0,26.299044030192597,14.723926380368098,163,36.84210526315789,1.386934873031373,3,0.14290891451648313,0.13719528916715312
ACG,flow,0.05,1,1,24.320433849089294,14.723926380368098,163,47.368421052631575,1.4483035815354326,3,0.12757916437197445,0.0783471607606233
ACG,flow,0.05,1,2,23.612364255298264,15.337423312883436,163,47.368421052631575,1.1979930157791665,3,0.14473619080948752,0.1114997698569023
ACG,flow,0.05,1,3,23.985414423211726,15.950920245398773,163,47.368421052631575,1.3107060075243733,3,0.14149720608373859,0.11048243133379179
ACG,flow,0.05,1,4,24.355572588159795,13.496932515337424,163,42.10526315789473,1.3003449858931393,3,0.13731605788297827,0.06551969227151463
ACG,flow,0.05,1,5,22.793434995166333,14.110429447852761,163,52.63157894736842,1.3432103963479463,3,0.1282490318671307,0.049055719330479905
ACG,flow,0.05,1,6,24.020377943870088,15.950920245398773,163,42.10526315789473,1.3008711035962823,3,0.141690177271017,0.12525173310034804
ACG,flow,0.05,1,7,24.240915220996982,16.56441717791411,163,42.10526315789473,1.4607264640390218,3,0.1269791001311505,0.04745375994135008
ACG,flow,0.05,1,8,21.136437518957575,15.337423312883436,163,52.63157894736842,1.3158186909394627,3,0.1362591736787237,0.09903684644349108
ACG,flow,0.05,1,9,24.691644736995986,15.337423312883436,163,42.10526315789473,1.2683405788802204,3,0.14245105717245082,0.0694941765639084
ACG,flow,0.05,2,0,23.98503130355441,15.950920245398773,163,52.63157894736842,1.4657015661778472,3,0.14247798682311555,0.0860098492979315
ACG,flow,0.05,2,1,16.60306674741502,16.56441717791411,163,52.63157894736842,1.1665903280633478,3,0.17357870465880018,0.07878166219369875
ACG,flow,0.05,2,2,18.526359412399266,16.56441717791411,163,52.63157894736842,1.1956941032082482,3,0.1332309991715883,0.06473531706310152
ACG,flow,0.05,2,3,21.068232178196183,10.429447852760736,163,42.10526315789473,1.2639951348841416,3,0.2069268309338277,0.05208194785256721
ACG,flow,0.05,2,4,17.71526701431681,16.56441717791411,163,52.63157894736842,1.176557238523878,3,0.15758794237549623,0.1617628518462843
ACG,flow,0.05,2,5,25.818883838129832,14.723926380368098,163,47.368421052631575,1.2356934114251636,3,0.1311392723003965,0.1361748190373259
ACG,flow,0.05,2,6,21.309117761151878,11.042944785276074,163,52.63157894736842,1.3748593563016405,3,0.13825522347364425,0.08156380651199278
ACG,flow,0.05,2,7,24.586176340259268,14.723926380368098,163,42.10526315789473,1.2905478936139545,3,0.12746880766190424,0.12039891511361675
ACG,flow,0.05,2,8,27.71444781498133,13.496932515337424,163,36.84210526315789,1.3094949998019196,3,0.1540070926865218,0.10540210648997023
ACG,flow,0.05,2,9,18.868618082316154,15.950920245398773,163,52.63157894736842,1.2822162333041738,3,0.1322357542161076,0.08413876999197917
ACG,flow,0.05,3,0,22.330823179991924,14.723926380368098,163,47.368421052631575,1.2659065531458602,3,0.1279729773339086,0.053701483320117004
ACG,flow,0.05,3,1,24.419464051207164,14.110429447852761,163,47.368421052631575,1.4022643765579508,3,0.12765687375665863,0.11102419986714168
ACG,flow,0.05,3,2,22.925241601945405,14.723926380368098,163,47.368421052631575,1.3597660455447702,3,0.12728598109210543,0.05073313152957211
ACG,flow,0.05,3,3,18.29853153259027,16.56441717791411,163,52.63157894736842,1.3120404325902804,3,0.13357985356589627,0.08431668821952172
ACG,flow,0.05,3,4,23.874417387324403,16.56441717791411,163,42.10526315789473,1.193374983302979,3,0.16670008741987022,0.04907214012541489
ACG,flow,0.05,3,5,25.85749038010146,14.723926380368098,163,47.368421052631575,1.385568646058163,3,0.13118138895413206,0.10931112986042608
ACG,flow,0.05,3,6,24.756918678401988,15.337423312883436,163,42.10526315789473,1.3186571962473292,3,0.1331136038218681,0.07272693686295868
ACG,flow,0.05,3,7,18.811869197597872,15.950920245398773,163,52.63157894736842,1.3606498447381374,3,0.1320128703183003,0.07726449672714063
ACG,flow,0.05,3,8,24.357000485521034,15.337423312883436,163,47.368421052631575,1.249559536606293,3,0.1271422326390859,0.09212991670839145
ACG,flow,0.05,3,9,29.404395945331917,15.337423312883436,163,42.10526315789473,1.3583551776541385,3,0.1582035313897156,0.03249862379854479
ACG,flow,0.05,0,0,34.27735741647051,13.496932515337424,163,42.10526315789473,1.3763844456470742,3,0.14078062714011705,0.09353976593798881
ACG,flow,0.05,0,1,22.20989290327452,14.723926380368098,163,47.368421052631575,1.220815565752749,3,0.12773284910197735,0.05663227639890665
ACG,flow,0.05,0,2,19.625505214792867,15.337423312883436,163,52.63157894736842,1.3604440323982976,3,0.14702776973528564,0.11888074234498937
ACG,flow,0.05,0,3,26.02263243675578,13.496932515337424,163,36.84210526315789,1.4089987442105671,3,0.12988554980378508,0.11621739396483331
ACG,flow,0.05,0,4,23.94907389203239,16.56441717791411,163,52.63157894736842,1.334814938701074,3,0.12841623341014285,0.09277215033910347
ACG,flow,0.05,0,5,18.351424157163663,11.042944785276074,163,52.63157894736842,1.3321159014070396,3,0.1400572896389949,0.09176976193847966
ACG,flow,0.05,0,6,23.725429622796337,15.950920245398773,163,47.368421052631575,1.4429374959521577,3,0.12955076978264493,0.11870374914413435
ACG,flow,0.05,0,7,24.088653556031414,15.950920245398773,163,47.368421052631575,1.38004180365132,3,0.12819722834581282,0.08236334667305602
ACG,flow,0.05,0,8,17.31965545282469,17.177914110429448,163,52.63157894736842,1.180206129911295,3,0.16256837761914297,0.1354312569891005
ACG,flow,0.05,0,9,17.704029389810543,16.56441717791411,163,52.63157894736842,1.3681477007943805,3,0.17012509208798945,0.12028409696164222
ACG,flow,0.1,1,0,17.52688240362395,16.56441717791411,163,52.63157894736842,1.2636886924882438,6,0.1735956589913071,0.16785783326431525
ACG,flow,0.1,1,1,21.637081614277577,10.429447852760736,163,47.368421052631575,1.4843148426334116,6,0.21090228336982866,0.1460515283836575
ACG,flow,0.1,1,2,27.18507758513345,10.429447852760736,163,47.368421052631575,1.2899434519679882,6,0.1538820443352933,0.10144235120497497
ACG,flow,0.1,1,3,23.666124509880422,12.883435582822086,163,47.368421052631575,1.3776176365006727,6,0.1302348564240834,0.20390978396065093
ACG,flow,0.1,1,4,24.474374256265293,13.496932515337424,163,47.368421052631575,1.4143749848911207,6,0.1329670300570704,0.11184220799461718
ACG,flow,0.1,1,5,15.62471253675883,17.791411042944784,163,57.89473684210527,1.1512299788657783,6,0.16064101915543363,0.17911746436479206
ACG,flow,0.1,1,6,21.540279502441148,14.110429447852761,163,42.10526315789473,1.1790910269064696,6,0.174673470063078,0.13774104120023484
ACG,flow,0.1,1,7,26.09783577146258,14.110429447852761,163,47.368421052631575,1.440067532347114,6,0.13410596943868866,0.21567859225889377
ACG,flow,0.1,1,8,14.800966094324897,15.337423312883436,163,52.63157894736842,1.1731455904121961,6,0.15705986047053905,0.2393213796474905
ACG,flow,0.1,1,9,22.518864955161895,15.337423312883436,163,47.368421052631575,1.3384244816965583,6,0.16797802575517776,0.20820365785674141
ACG,flow,0.1,2,0,15.766574658418007,15.337423312883436,163,52.63157894736842,1.1979744432867971,6,0.1744929049004165,0.1414769565961947
ACG,flow,0.1,2,1,30.18476308907307,15.337423312883436,163,42.10526315789473,1.2771877094407627,6,0.17255216511509308,0.18793675907811985
ACG,flow,0.1,2,2,16.158195617063463,11.042944785276074,163,52.63157894736842,1.3536132319651009,6,0.2321588196099713,0.2195212948154014
ACG,flow,0.1,2,3,35.782513950846706,13.496932515337424,163,26.31578947368421,1.4282593998469473,6,0.19821399614993082,0.248131001289898
ACG,flow,0.1,2,4,13.962326423825614,10.429447852760736,163,57.89473684210527,1.1888596536061289,6,0.23975960054940898,0.18069718711794158
ACG,flow,0.1,2,5,26.14680374931741,12.883435582822086,163,47.368421052631575,1.3898628775735304,6,0.13541591695337554,0.17854569617038243
ACG,flow,0.1,2,6,30.69710623754191,14.110429447852761,163,42.10526315789473,1.3016194639852439,6,0.14130390688040426,0.10677066319101015
ACG,flow,0.1,2,7,29.317562627915585,13.496932515337424,163,36.84210526315789,1.350797025147864,6,0.17842409480307353,0.20172690438360874
ACG,flow,0.1,2,8,15.767479574662104,14.723926380368098,163,57.89473684210527,1.2802343713193602,6,0.15831342937984985,0.14706516508594747
ACG,flow,0.1,2,9,27.430374160550585,14.723926380368098,163,47.368421052631575,1.3190691683840123,6,0.14380193682272044,0.221002975024095
ACG,flow,0.1,3,0,32.0233778007763,14.723926380368098,163,36.84210526315789,1.49449134597221,6,0.15569292584449487,0.16924447855084024
ACG,flow,0.1,3,1,26.440032421987443,11.656441717791411,163,36.84210526315789,1.3052733202350668,6,0.13036158079156604,0.20991977090986702
ACG,flow,0.1,3,2,32.38628425363224,15.337423312883436,163,36.84210526315789,1.2662427499432392,6,0.18312360660652724,0.11707871265314582
ACG,flow,0.1,3,3,23.276331483391136,15.950920245398773,163,47.368421052631575,1.297101905492937,6,0.14615354150283624,0.13514247039926294
ACG,flow,0.1,3,4,17.291488837172754,11.656441717791411,163,52.63157894736842,1.1163748256887587,6,0.21618261132508568,0.11796777814258648
ACG,flow,0.1,3,5,19.503394034263355,15.337423312883436,163,52.63157894736842,1.43361182825928,6,0.1365877557883485,0.21573344365608751
ACG,flow,0.1,3,6,20.331521485159918,15.950920245398773,163,52.63157894736842,1.3145425975603586,6,0.16467466808986114,0.15627432855183795
ACG,flow,0.1,3,7,28.486542617925508,14.723926380368098,163,42.10526315789473,1.4513537370474814,6,0.15924218229699388,0.10714619317288086
ACG,flow,0.1,3,8,25.472839434042942,15.950920245398773,163,42.10526315789473,1.3276356978119532,6,0.1328926154051145,0.20121022869896982
ACG,flow,0.1,3,9,25.413806187805914,15.337423312883436,163,47.368421052631575,1.34619802665963,6,0.1349491651232673,0.13789028817131838
ACG,flow,0.1,0,0,16.119339473671925,15.337423312883436,163,57.89473684210527,1.1990781595215723,6,0.1571816622889291,0.14533640105016873
ACG,flow,0.1,0,1,35.294956443705885,14.723926380368098,163,36.84210526315789,1.4031494986135569,6,0.16444625586501918,0.2247755720990952
ACG,flow,0.1,0,2,31.796158864219436,12.883435582822086,163,36.84210526315789,1.2783031454658933,6,0.16527058916532034,0.159543619120372
ACG,flow,0.1,0,3,17.332692181207843,14.723926380368098,163,63.1578947368421,1.3076555999248347,6,0.14096892989656518,0.2024633501826721
ACG,flow,0.1,0,4,19.738374642229367,15.337423312883436,163,52.63157894736842,1.3411186470494418,6,0.15603754891954902,0.1344694846305626
ACG,flow,0.1,0,5,30.718714966617227,12.883435582822086,163,36.84210526315789,1.4360170842251145,6,0.20051382100749796,0.236563105474318
ACG,flow,0.1,0,6,25.79607955970267,7.975460122699387,163,47.368421052631575,1.5331066339152346,6,0.22922505649815594,0.14482177367972054
ACG,flow,0.1,0,7,24.14607544026189,15.337423312883436,163,47.368421052631575,1.300667770417643,6,0.13027776908709834,0.1853464746650722
ACG,flow,0.1,0,8,18.88759757649441,10.429447852760736,163,47.368421052631575,1.4132792011679487,6,0.24376496631812317,0.1898695609183532
ACG,flow,0.1,0,9,13.815472062282138,15.337423312883436,163,68.42105263157895,1.1238699759204003,6,0.16710958382233856,0.1707331424539142
ACG,flow,0.2,1,0,21.22373092183437,9.202453987730062,163,36.84210526315789,1.2905156454903268,13,0.24506543122395752,0.3357247762417287
ACG,flow,0.2,1,1,21.63751474410462,14.110429447852761,163,47.368421052631575,1.3244278200414465,13,0.1949736762004643,0.3984079573083367
ACG,flow,0.2,1,2,35.517702755562375,12.269938650306749,163,36.84210526315789,1.2549200540259275,13,0.17517650351014333,0.3844753013286426
ACG,flow,0.2,1,3,15.968783630722157,15.950920245398773,163,52.63157894736842,1.20969523083424,13,0.20993111430779177,0.35542520444635256
ACG,flow,0.2,1,4,22.5699035707811,11.656441717791411,163,42.10526315789473,1.1781371998798198,13,0.18884881567809292,0.41463319794488773
ACG,flow,0.2,1,5,16.431561044250827,12.883435582822086,163,52.63157894736842,1.1197020927170196,13,0.18051212083440085,0.3249382297288565
ACG,flow,0.2,1,6,19.420514290133443,15.337423312883436,163,47.368421052631575,1.200813309278814,13,0.2108734414562747,0.40072282602378984
ACG,flow,0.2,1,7,15.798050963880234,15.337423312883436,163,52.63157894736842,1.122763769761558,13,0.20118790390497243,0.41062594176815576
ACG,flow,0.2,1,8,23.588398242877524,16.56441717791411,163,42.10526315789473,1.2248406959923261,13,0.19582480420184142,0.4222826784266457
ACG,flow,0.2,1,9,22.932017762480623,13.496932515337424,163,42.10526315789473,1.1915229225947737,13,0.20798189235541434,0.43674376918563973
ACG,flow,0.2,2,0,25.036311794134043,14.723926380368098,163,42.10526315789473,1.3022195611925598,13,0.1639441166014128,0.36040679654668273
ACG,flow,0.2,2,1,20.350638912318843,7.361963190184049,163,47.368421052631575,1.3147751190983314,13,0.2443237356903657,0.35501229687283775
ACG,flow,0.2,2,2,26.77451486218222,10.429447852760736,163,42.10526315789473,1.3858482731117414,13,0.18380557264973035,0.3622241488856581
ACG,flow,0.2,2,3,34.30372971778883,14.110429447852761,163,26.31578947368421,1.3242387064358152,13,0.2105461612868387,0.37018362872181726
ACG,flow,0.2,2,4,24.842271830023982,12.883435582822086,163,47.368421052631575,1.3621173811079563,13,0.18425525945020768,0.33819247205008385
ACG,flow,0.2,2,5,16.930080194917714,14.110429447852761,163,52.63157894736842,1.204591869445828,13,0.2211692122802757,0.33531692917554656
ACG,flow,0.2,2,6,21.568602525510492,15.337423312883436,163,47.368421052631575,1.3600746563074209,13,0.18675178668360592,0.4144707034946336
ACG,flow,0.2,2,7,21.040401757327608,12.883435582822086,163,47.368421052631575,1.4140892810331782,13,0.19212785542971436,0.3679474552662658
ACG,flow,0.2,2,8,25.83524040401331,14.110429447852761,163,42.10526315789473,1.3197305424704044,13,0.17729909336903904,0.40780417214049747
ACG,flow,0.2,2,9,23.569302875076037,12.269938650306749,163,47.368421052631575,1.3475952399560907,13,0.20055466319189758,0.4014259040133544
ACG,flow,0.2,3,0,21.76308864250301,9.202453987730062,163,47.368421052631575,1.2367514610774597,13,0.2774222768753361,0.31120079666063655
ACG,flow,0.2,3,1,22.13887767926384,14.723926380368098,163,47.368421052631575,1.1279610085971998,13,0.30170488967734105,0.40863486553203493
ACG,flow,0.2,3,2,18.976325587897048,14.723926380368098,163,42.10526315789473,1.1060879905246013,13,0.21646471096098827,0.360354080309916
ACG,flow,0.2,3,3,34.74831537634144,7.361963190184049,163,26.31578947368421,1.4255929409780304,13,0.2598993322176176,0.3640885616002639
ACG,flow,0.2,3,4,29.64382770826791,12.883435582822086,163,47.368421052631575,1.356053798701,13,0.16210998757854145,0.33905292113332
ACG,flow,0.2,3,5,19.34740482752302,9.815950920245399,163,52.63157894736842,1.335224669994443,13,0.27634247586800764,0.41888443262440167
ACG,flow,0.2,3,6,10.767386544439713,11.042944785276074,163,68.42105263157895,1.2363105516866195,13,0.28579368776792535,0.2764613217082757
ACG,flow,0.2,3,7,15.891116655319493,19.01840490797546,163,63.1578947368421,1.2799472139797177,13,0.2072733199980257,0.309239828072014
ACG,flow,0.2,3,8,34.4471676254834,11.656441717791411,163,42.10526315789473,1.3137094145370252,13,0.18395437947979063,0.3317979871023895
ACG,flow,0.2,3,9,21.78762274138161,14.110429447852761,163,47.368421052631575,1.2694698321952542,13,0.21599783784392954,0.4025491920879182
ACG,flow,0.2,0,0,26.96625479259901,12.883435582822086,163,47.368421052631575,1.315606021623757,13,0.2096501933039364,0.37239041672488776
ACG,flow,0.2,0,1,31.621676296784468,12.883435582822086,163,36.84210526315789,1.3780868410225473,13,0.2115644008530431,0.3699092968881055
ACG,flow,0.2,0,2,10.067271203667701,9.202453987730062,163,68.42105263157895,1.1196132752334904,13,0.29642235128090266,0.3908249810460654
ACG,flow,0.2,0,3,15.570990721095773,9.202453987730062,163,63.1578947368421,1.08744639687184,13,0.31071005243289446,0.35833759526476416
ACG,flow,0.2,0,4,16.177254703184527,8.588957055214724,163,47.368421052631575,1.0545061787859633,13,0.3533898088668308,0.3702190059932433
ACG,flow,0.2,0,5,18.939746353250783,6.748466257668712,163,63.1578947368421,1.4285512728968226,13,0.2016933238127739,0.34803209462539136
ACG,flow,0.2,0,6,9.969677946031654,9.815950920245399,163,57.89473684210527,1.2117781158536522,13,0.22868638534194036,0.3276036618473259
ACG,flow,0.2,0,7,16.463618903591474,9.815950920245399,163,52.63157894736842,1.3579731036808622,13,0.276011662135904,0.2554145482988925
ACG,flow,0.2,0,8,30.359522765850333,13.496932515337424,163,42.10526315789473,1.4265881135885703,13,0.22280320360433942,0.31978769198844575
ACG,flow,0.2,0,9,18.099208880089794,17.791411042944784,163,52.63157894736842,1.1696243836522884,13,0.19032926093905353,0.3713722217379078
ACG,flow,0.4,1,0,18.776373672481277,7.975460122699387,163,31.57894736842105,0.984066677892641,26,0.3169572194190993,0.7367657565957758
ACG,flow,0.4,1,1,16.442392576512667,11.042944785276074,163,52.63157894736842,1.039830808160988,26,0.23892104384547688,0.6505770806129619
ACG,flow,0.4,1,2,19.850364146987324,5.521472392638037,163,42.10526315789473,1.235753452011424,26,0.28042617682954335,0.5900364836124853
ACG,flow,0.4,1,3,17.362411654948325,8.588957055214724,163,47.368421052631575,0.9676883672756887,26,0.30809776411627904,0.6697429342379252
ACG,flow,0.4,1,4,16.612235781719413,6.134969325153374,163,42.10526315789473,1.084204363857721,26,0.2769994564822082,0.6415348647523612
ACG,flow,0.4,1,5,28.70486394267944,5.521472392638037,163,26.31578947368421,1.2109922855649855,26,0.2926682368905766,0.656657788394978
ACG,flow,0.4,1,6,23.045223965390758,10.429447852760736,163,42.10526315789473,0.99716278769171,26,0.25839566911988127,0.6622641060390615
ACG,flow,0.4,1,7,18.712595427448058,9.815950920245399,163,36.84210526315789,1.0666282277390253,26,0.28916666859525597,0.6187241185860345
ACG,flow,0.4,1,8,18.30713588703483,8.588957055214724,163,52.63157894736842,1.073460307532103,26,0.2884594050497059,0.5992475217000941
ACG,flow,0.4,1,9,26.617913763569184,9.202453987730062,163,36.84210526315789,1.0224829205930566,26,0.28606797279390733,0.5996314923362298
ACG,flow,0.4,2,0,26.04259817393996,4.9079754601226995,163,21.052631578947366,0.9506602106213586,26,0.4055184291879827,0.5971539680479
ACG,flow,0.4,2,1,27.75528322004951,15.337423312883436,163,42.10526315789473,1.2143950847217717,26,0.29844125033708424,0.6396292417845797
ACG,flow,0.4,2,2,22.585992932480323,6.748466257668712,163,36.84210526315789,1.1307382921725353,26,0.3815286882365519,0.6346681848196274
ACG,flow,0.4,2,3,10.542068193490842,11.656441717791411,163,73.68421052631578,1.0384005132316392,26,0.3094808435617691,0.654857444205746
ACG,flow,0.4,2,4,9.639289045479693,7.975460122699387,163,63.1578947368421,0.8152737183666469,26,0.38847371536472053,0.6763032480742606
ACG,flow,0.4,2,5,11.786642758838504,6.748466257668712,163,47.368421052631575,0.657131044087003,26,0.43733900688550986,0.7457920773097136
ACG,flow,0.4,2,6,25.067001673729123,7.361963190184049,163,21.052631578947366,1.1421213208096868,26,0.4078247098070527,0.6514269287418062
ACG,flow,0.4,2,7,11.784943393806927,14.110429447852761,163,57.89473684210527,0.7028497903834414,26,0.32245961193058426,0.6973522714867909
ACG,flow,0.4,2,8,16.941350530902334,14.723926380368098,163,52.63157894736842,1.068870308964196,26,0.3197401113704437,0.7029173120289509
ACG,flow,0.4,2,9,7.182305490000883,4.9079754601226995,163,78.94736842105263,0.6192696571601274,26,0.4205409572036675,0.6499703408104668
ACG,flow,0.4,3,0,8.92639945686548,6.748466257668712,163,84.21052631578947,0.8375741945951954,26,0.40296482335073547,0.6182468248127556
ACG,flow,0.4,3,1,21.97120192494796,6.748466257668712,163,21.052631578947366,1.0611157924870949,26,0.4400818284229442,0.636335943373931
ACG,flow,0.4,3,2,9.33781166655208,7.975460122699387,163,84.21052631578947,0.8453939628322684,26,0.41667112763851594,0.6684336443795647
ACG,flow,0.4,3,3,7.36174528239294,5.521472392638037,163,89.47368421052632,0.9957691116068437,26,0.37445678515534747,0.6309884966480779
ACG,flow,0.4,3,4,5.980821430928196,7.975460122699387,163,84.21052631578947,0.7649945538141981,26,0.42670914445605135,0.634446592076955
ACG,flow,0.4,3,5,12.177771439569034,7.975460122699387,163,63.1578947368421,0.9936151290181305,26,0.41708551972147767,0.6473302152281583
ACG,flow,0.4,3,6,11.981542911196742,10.429447852760736,163,42.10526315789473,0.641863210020944,26,0.44861668862950593,0.6680330306906922
ACG,flow,0.4,3,7,40.13974210797395,6.134969325153374,163,5.263157894736842,1.4858779416858972,26,0.39834527906900563,0.6868690051721459
ACG,flow,0.4,3,8,10.686406926167637,9.815950920245399,163,57.89473684210527,0.887251081878324,26,0.463226361853612,0.6838750120303452
ACG,flow,0.4,3,9,8.289281667497551,3.6809815950920246,163,68.42105263157895,0.9208782045031709,26,0.4567945461820806,0.6874775687456026
ACG,flow,0.4,0,0,38.290896032222626,5.521472392638037,163,15.789473684210526,1.5640613037555535,26,0.382366678114973,0.6505810361162097
ACG,flow,0.4,0,1,14.513373757256634,13.496932515337424,163,68.42105263157895,0.6724675155092794,26,0.4673395273085889,0.6643804951091807
ACG,flow,0.4,0,2,15.768490991367337,7.975460122699387,163,26.31578947368421,0.8611351350211298,26,0.5940726005957497,0.7370112783333219
ACG,flow,0.4,0,3,7.7922808414752796,7.361963190184049,163,68.42105263157895,0.8375652306171036,26,0.46192774042193446,0.6673955975999607
ACG,flow,0.4,0,4,21.090627180203406,11.042944785276074,163,31.57894736842105,1.0977372369412204,26,0.4352382808168504,0.6309746269613329
ACG,flow,0.4,0,5,8.59412591633528,7.975460122699387,163,84.21052631578947,0.9177644716131361,26,0.4465726941975696,0.6543535434881895
ACG,flow,0.4,0,6,14.509840450333144,10.429447852760736,163,89.47368421052632,0.8634621557760175,26,0.375514410347264,0.6089639431762005
ACG,flow,0.4,0,7,9.894603806384046,9.815950920245399,163,89.47368421052632,1.1823437095757976,26,0.36208107928021815,0.5987593264387371
ACG,flow,0.4,0,8,17.103351177568,16.56441717791411,163,57.89473684210527,1.0106124249352844,26,0.3515362226130226,0.6117187349295704
ACG,flow,0.4,0,9,11.855930184011301,7.975460122699387,163,42.10526315789473,0.9059130485087067,26,0.5229406758162458,0.6568767534676467
ACG,flow,0.6,1,0,25.12535495000055,4.9079754601226995,163,31.57894736842105,1.2679231586498976,38,0.3032033186734528,0.815710032653304
ACG,flow,0.6,1,1,17.75158675041674,6.134969325153374,163,42.10526315789473,0.9115156681281302,38,0.3351239296668977,0.8465285268797323
ACG,flow,0.6,1,2,21.02724945312047,7.361963190184049,163,31.57894736842105,0.8588643509813498,38,0.34079697941674847,0.797788084526577
ACG,flow,0.6,1,3,10.526392741846525,7.975460122699387,163,52.63157894736842,0.8267891931203006,38,0.333962708209361,0.8526150453605824
ACG,flow,0.6,1,4,20.76253046442165,5.521472392638037,163,31.57894736842105,0.9540966968506953,38,0.3464214846688007,0.8359000622284126
ACG,flow,0.6,1,5,20.45604958598953,7.975460122699387,163,36.84210526315789,0.9630615606748428,38,0.32881035040111006,0.7961535475144269
ACG,flow,0.6,1,6,30.512305575859937,5.521472392638037,163,21.052631578947366,1.3155256916981388,38,0.2990784622313789,0.7829682336796627
ACG,flow,0.6,1,7,12.488898583496514,9.815950920245399,163,52.63157894736842,0.8872590524868521,38,0.24773354350514917,0.8188350287716485
ACG,flow,0.6,1,8,18.697042214122394,6.134969325153374,163,42.10526315789473,0.9933880277381539,38,0.32142210958610723,0.8116863916771165
ACG,flow,0.6,1,9,16.013170250178437,8.588957055214724,163,52.63157894736842,0.8579473831344772,38,0.33978950620153653,0.8423097761207204
ACG,flow,0.6,2,0,11.460188735374519,3.6809815950920246,163,21.052631578947366,0.5619169099561869,38,0.5221592394460401,0.8586637965844385
ACG,flow,0.6,2,1,5.716690949631091,4.294478527607362,163,68.42105263157895,0.5651479707666938,38,0.48876263371056217,0.8373263471082222
ACG,flow,0.6,2,2,6.501647624935006,4.294478527607362,163,63.1578947368421,0.6683243274308249,38,0.4821771737017362,0.8533665435550029
ACG,flow,0.6,2,3,16.03313444999192,0.0,163,26.31578947368421,0.7416457663557219,38,0.530526811801337,0.8060560050557392
ACG,flow,0.6,2,4,12.962817004124194,4.294478527607362,163,52.63157894736842,0.780533643360115,38,0.44994498914397707,0.8194563764538969
ACG,flow,0.6,2,5,10.773083993981059,4.294478527607362,163,52.63157894736842,0.6954200877800288,38,0.47671229906655804,0.8305226764053224
ACG,flow,0.6,2,6,21.652398621668272,4.9079754601226995,163,21.052631578947366,1.1579864272314024,38,0.40967188573635316,0.823334007195372
ACG,flow,0.6,2,7,12.651549849170223,4.9079754601226995,163,36.84210526315789,0.6925147761617023,38,0.49947718563308574,0.8558309729164322
ACG,flow,0.6,2,8,8.486895119137133,10.429447852760736,163,73.68421052631578,0.5234375311932525,38,0.407892044031111,0.8236990853469802
ACG,flow,0.6,2,9,8.510930724805917,6.134969325153374,163,52.63157894736842,0.6257149328376086,38,0.4906157296037764,0.8585271371754014
ACG,flow,0.6,3,0,7.024161128946263,6.748466257668712,163,73.68421052631578,0.6399551484167119,38,0.5206924672033167,0.8427391810509839
ACG,flow,0.6,3,1,5.025575796361769,4.294478527607362,163,57.89473684210527,0.44624841111253605,38,0.5904373975712788,0.8503496761430133
ACG,flow,0.6,3,2,10.849392619698413,6.134969325153374,163,31.57894736842105,0.6637867063210078,38,0.5537212425959416,0.8329724093266917
ACG,flow,0.6,3,3,15.00359858217749,4.294478527607362,163,15.789473684210526,0.5179015659738725,38,0.6116139612116595,0.8637642531857248
ACG,flow,0.6,3,4,5.820086142134842,3.067484662576687,163,78.94736842105263,0.7977740618051965,38,0.5322328925458757,0.8278248089316801
ACG,flow,0.6,3,5,10.500422104825706,13.496932515337424,163,78.94736842105263,0.7382548720344239,38,0.4528320386336751,0.8346925161639719
ACG,flow,0.6,3,6,4.803656991169052,3.6809815950920246,163,89.47368421052632,0.43585613326767675,38,0.604629899508756,0.8523655898313477
ACG,flow,0.6,3,7,3.6696872130727782,3.067484662576687,163,84.21052631578947,0.46253326487128826,38,0.5885045456100615,0.8508787622690853
ACG,flow,0.6,3,8,5.091539464164022,4.9079754601226995,163,31.57894736842105,0.3931665982495037,38,0.6299222114437419,0.811971162199884
ACG,flow,0.6,3,9,4.44958675332781,6.748466257668712,163,68.42105263157895,0.4656567781863568,38,0.5823532799475409,0.871992556975875
ACG,flow,0.6,0,0,10.621529925255924,5.521472392638037,163,10.526315789473683,0.5216106523011854,38,0.7263656776858313,0.8628546217076382
ACG,flow,0.6,0,1,11.432358854310856,12.883435582822086,163,68.42105263157895,0.5873022044007128,38,0.5636057891374279,0.8479704143715143
ACG,flow,0.6,0,2,6.3603282931871705,5.521472392638037,163,84.21052631578947,0.6502554893170035,38,0.641092993289446,0.8418237034499407
ACG,flow,0.6,0,3,19.746305820546844,6.748466257668712,163,10.526315789473683,0.6433094723064869,38,0.684531005565194,0.8610806267807588
ACG,flow,0.6,0,4,7.652340980555724,1.2269938650306749,163,36.84210526315789,0.49833095167147157,38,0.7179631981018704,0.8407092982598185
ACG,flow,0.6,0,5,31.762122028267864,7.361963190184049,163,5.263157894736842,1.1861607295037089,38,0.566938214148918,0.8096280461747306
ACG,flow,0.6,0,6,11.843675479796076,7.361963190184049,163,26.31578947368421,0.5628714228684526,38,0.6882802645522054,0.8551967879892083
ACG,flow,0.6,0,7,11.37946725655108,6.134969325153374,163,73.68421052631578,1.0581337477222856,38,0.5856570474445831,0.8142375147225359
ACG,flow,0.6,0,8,6.591652372271452,14.110429447852761,163,78.94736842105263,0.5498044690410514,38,0.581597925891723,0.8076082255484782
ACG,flow,0.6,0,9,10.704057087762536,9.202453987730062,163,68.42105263157895,0.8509530300618466,38,0.5908187243514458,0.8371826948630956
ACG,flow,0.8,1,0,14.14310789986864,1.2269938650306749,163,42.10526315789473,0.788819310220351,51,0.3791665287474959,0.9464403811495269
ACG,flow,0.8,1,1,20.605411831586675,2.4539877300613497,163,26.31578947368421,0.7794876928893654,51,0.3845673223325459,0.9641414518723173
ACG,flow,0.8,1,2,16.62860442411188,1.8404907975460123,163,21.052631578947366,0.8389066808143034,51,0.37724997792512527,0.958104565444133
ACG,flow,0.8,1,3,20.666894879486225,3.067484662576687,163,31.57894736842105,0.8190085381182599,51,0.3826495288363616,0.9610753466438662
ACG,flow,0.8,1,4,16.661178958897725,4.9079754601226995,163,36.84210526315789,0.7587604364921267,51,0.3849760526958632,0.9652299243192066
ACG,flow,0.8,1,5,17.37152342127637,6.134969325153374,163,31.57894736842105,0.8430473126444618,51,0.3823470600636665,0.947968645222265
ACG,flow,0.8,1,6,20.602325346995585,4.9079754601226995,163,26.31578947368421,0.885071162356227,51,0.37369277116086685,0.9560259070641712
ACG,flow,0.8,1,7,17.18018322210261,1.8404907975460123,163,26.31578947368421,0.8953943958430031,51,0.37641101446407105,0.9549013637186793
ACG,flow,0.8,1,8,16.940419398972416,1.8404907975460123,163,31.57894736842105,0.8227944575727071,51,0.3881621621287847,0.9669179826098792
ACG,flow,0.8,1,9,16.70967387886942,3.6809815950920246,163,42.10526315789473,0.8660360684921153,51,0.37734077905717384,0.9614000332966177
ACG,flow,0.8,2,0,9.801411602834891,0.6134969325153374,163,21.052631578947366,0.48118275103856184,51,0.5730770144800432,0.9491845828042843
ACG,flow,0.8,2,1,9.356418183107483,6.748466257668712,163,36.84210526315789,0.591570828274875,51,0.5397946168885377,0.9600492852162228
ACG,flow,0.8,2,2,3.9274500605608207,4.9079754601226995,163,73.68421052631578,0.5330217976797796,51,0.5259575728599214,0.9650635543556594
ACG,flow,0.8,2,3,5.9661135727271155,1.2269938650306749,163,42.10526315789473,0.61217344867917,51,0.5649252956277175,0.9458962786235775
ACG,flow,0.8,2,4,4.20604954777528,6.748466257668712,163,68.42105263157895,0.5419119278269728,51,0.5365824051504324,0.9520106770316943
ACG,flow,0.8,2,5,9.604637798302852,4.294478527607362,163,31.57894736842105,0.5671224942993489,51,0.5590173079760659,0.9707273053583949
ACG,flow,0.8,2,6,7.919835757494938,3.6809815950920246,163,26.31578947368421,0.5693176590497379,51,0.5795926843998489,0.9387509593980847
ACG,flow,0.8,2,7,8.91606116962669,6.134969325153374,163,36.84210526315789,0.6112297810190824,51,0.5564406616792666,0.9451752874550707
ACG,flow,0.8,2,8,7.484252767912173,0.6134969325153374,163,47.368421052631575,0.48238502185255133,51,0.5933182506261193,0.9652916937047468
ACG,flow,0.8,2,9,8.593721892619605,4.9079754601226995,163,31.57894736842105,0.5554907821310989,51,0.5576430265396018,0.9683277449932405
ACG,flow,0.8,3,0,2.458410175560951,3.067484662576687,163,100.0,0.40205200635191024,51,0.6746241465315689,0.9463212166862417
ACG,flow,0.8,3,1,6.59677922514824,4.294478527607362,163,5.263157894736842,0.3691718790100157,51,0.6764123315588574,0.9659312356734916
ACG,flow,0.8,3,2,6.191704290191943,4.294478527607362,163,10.526315789473683,0.33449000775168236,51,0.6855075376371124,0.9556338791541952
ACG,flow,0.8,3,3,2.326016889954343,0.0,163,78.94736842105263,0.2766739574285631,51,0.7341198938662509,0.9600848104690645
ACG,flow,0.8,3,4,3.333709403486123,0.6134969325153374,163,100.0,0.3069637021114967,51,0.7034571354055528,0.9597203688089512
ACG,flow,0.8,3,5,3.6688712177651177,0.0,163,100.0,0.3189626881785823,51,0.7051508260769354,0.9667870133433877
ACG,flow,0.8,3,6,4.793605537067265,0.0,163,21.052631578947366,0.3174561858372362,51,0.7129722853477979,0.968597697376946
ACG,flow,0.8,3,7,11.5435160210781,4.294478527607362,163,5.263157894736842,0.4554061242232413,51,0.6764414660463917,0.9657555983023643
ACG,flow,0.8,3,8,4.059218787445876,0.0,163,26.31578947368421,0.2977568290640404,51,0.7564804711243712,0.97340739335059
ACG,flow,0.8,3,9,5.4329573128266615,4.294478527607362,163,15.789473684210526,0.32059428906450116,51,0.701841381905155,0.9683857325680055
ACG,flow,0.8,0,0,0.6897769337771154,0.0,163,100.0,0.14158658304902516,51,0.9002020010793061,0.9591163989443071
ACG,flow,0.8,0,1,7.454911561147854,4.9079754601226995,163,84.21052631578947,0.2424361516119992,51,0.8323676215868133,0.9653176018796361
ACG,flow,0.8,0,2,2.923662621855453,1.2269938650306749,163,15.789473684210526,0.0915151753097852,51,0.9328271310053154,0.9605722406836429
ACG,flow,0.8,0,3,3.1546908012634254,6.134969325153374,163,42.10526315789473,0.19951466013440847,51,0.859232802631483,0.9635900616901606
ACG,flow,0.8,0,4,1.56574532632901,1.2269938650306749,163,100.0,0.13343307594806475,51,0.8891165680509262,0.9487101778110747
ACG,flow,0.8,0,5,4.227490323746695,4.294478527607362,163,0.0,0.15522122807361732,51,0.8706546717732561,0.9570338107721542
ACG,flow,0.8,0,6,1.2036517300407807,3.067484662576687,163,100.0,0.11548153914611964,51,0.8868926145181245,0.9540044095056595
ACG,flow,0.8,0,7,1.2028244718215957,3.6809815950920246,163,47.368421052631575,0.0661057620471696,51,0.9248612774252202,0.9629340292209491
ACG,flow,0.8,0,8,1.793858375123402,1.2269938650306749,163,15.789473684210526,0.07391568934566492,51,0.9451963520782879,0.9659221905237133
ACG,flow,0.8,0,9,2.837029341343686,4.9079754601226995,163,5.263157894736842,0.12946917442221162,51,0.8809051037526029,0.9694667013858106
ACG,flow,1.0,1,0,16.540566227305813,1.8404907975460123,163,36.84210526315789,0.8884728228781172,64,0.39089183186759097,1.0
ACG,flow,1.0,1,1,16.540566227305813,1.8404907975460123,163,42.10526315789473,0.8819588731982778,64,0.39089183186759097,1.0
ACG,flow,1.0,1,2,16.540566227305813,1.8404907975460123,163,26.31578947368421,0.7993312781429465,64,0.39089183186759097,1.0
ACG,flow,1.0,1,3,16.540566227305813,1.8404907975460123,163,42.10526315789473,0.89363648575362,64,0.39089183186759097,1.0
ACG,flow,1.0,1,4,16.540566227305813,1.8404907975460123,163,31.57894736842105,0.8041094905708682,64,0.39089183186759097,1.0
ACG,flow,1.0,1,5,16.540566227305813,1.8404907975460123,163,31.57894736842105,0.8313236788616177,64,0.39089183186759097,1.0
ACG,flow,1.0,1,6,16.540566227305813,1.8404907975460123,163,31.57894736842105,0.7853050866088731,64,0.39089183186759097,1.0
ACG,flow,1.0,1,7,16.540566227305813,1.8404907975460123,163,31.57894736842105,0.80289051841947,64,0.39089183186759097,1.0
ACG,flow,1.0,1,8,16.540566227305813,1.8404907975460123,163,36.84210526315789,0.8408015610859523,64,0.39089183186759097,1.0
ACG,flow,1.0,1,9,16.540566227305813,1.8404907975460123,163,36.84210526315789,0.8830157496430221,64,0.39089183186759097,1.0
ACG,flow,1.0,2,0,7.529952729792816,0.0,163,26.31578947368421,0.525123201858305,64,0.6069963199361993,1.0
ACG,flow,1.0,2,1,7.529952729792816,0.0,163,36.84210526315789,0.4486622240228793,64,0.6069963199361993,1.0
ACG,flow,1.0,2,2,7.529952729792816,0.0,163,26.31578947368421,0.47399146183661384,64,0.6069963199361993,1.0
ACG,flow,1.0,2,3,7.529952729792816,0.0,163,31.57894736842105,0.45234090450058373,64,0.6069963199361993,1.0
ACG,flow,1.0,2,4,7.529952729792816,0.0,163,42.10526315789473,0.4979678945857008,64,0.6069963199361993,1.0
ACG,flow,1.0,2,5,7.529952729792816,0.0,163,26.31578947368421,0.547192817229955,64,0.6069963199361993,1.0
ACG,flow,1.0,2,6,7.529952729792816,0.0,163,36.84210526315789,0.48857751507363933,64,0.6069963199361993,1.0
ACG,flow,1.0,2,7,7.529952729792816,0.0,163,36.84210526315789,0.4729967270304567,64,0.6069963199361993,1.0
ACG,flow,1.0,2,8,7.529952729792816,0.0,163,26.31578947368421,0.5374296109460831,64,0.6069963199361993,1.0
ACG,flow,1.0,2,9,7.529952729792816,0.0,163,36.84210526315789,0.48086987136478,64,0.6069963199361993,1.0
ACG,flow,1.0,3,0,3.967109127884564,0.0,163,36.84210526315789,0.3079922897854344,64,0.7622556908109065,1.0
ACG,flow,1.0,3,1,3.967109127884564,0.0,163,26.31578947368421,0.2880023530427081,64,0.7622556908109065,1.0
ACG,flow,1.0,3,2,3.967109127884564,0.0,163,26.31578947368421,0.315299398216704,64,0.7622556908109065,1.0
ACG,flow,1.0,3,3,3.967109127884564,0.0,163,36.84210526315789,0.26212989624947547,64,0.7622556908109065,1.0
ACG,flow,1.0,3,4,3.967109127884564,0.0,163,26.31578947368421,0.2602056492257702,64,0.7622556908109065,1.0
ACG,flow,1.0,3,5,3.967109127884564,0.0,163,26.31578947368421,0.2656115887369493,64,0.7622556908109065,1.0
ACG,flow,1.0,3,6,3.967109127884564,0.0,163,26.31578947368421,0.2894548464421321,64,0.7622556908109065,1.0
ACG,flow,1.0,3,7,3.967109127884564,0.0,163,31.57894736842105,0.2973579470114813,64,0.7622556908109065,1.0
ACG,flow,1.0,3,8,3.967109127884564,0.0,163,31.57894736842105,0.2758768357557306,64,0.7622556908109065,1.0
ACG,flow,1.0,3,9,3.967109127884564,0.0,163,68.42105263157895,0.2744127301391995,64,0.7622556908109065,1.0
ACG,flow,1.0,0,0,9.150661611689785e-08,0.0,163,100.0,3.133298614730892e-10,64,0.9999999921584058,1.0
ACG,flow,1.0,0,1,9.150661611689785e-08,0.0,163,100.0,5.57134815723001e-10,64,0.9999999921584058,1.0
ACG,flow,1.0,0,2,9.150661611689785e-08,0.0,163,100.0,4.815841717292404e-10,64,0.9999999921584058,1.0
ACG,flow,1.0,0,3,9.150661611689785e-08,0.0,163,100.0,5.06202297948494e-10,64,0.9999999921584058,1.0
ACG,flow,1.0,0,4,9.150661611689785e-08,0.0,163,100.0,5.525840922880698e-10,64,0.9999999921584058,1.0
ACG,flow,1.0,0,5,9.150661611689785e-08,0.0,163,0.0,4.833953651876431e-10,64,0.9999999921584058,1.0
ACG,flow,1.0,0,6,9.150661611689785e-08,0.0,163,100.0,3.71149769641756e-10,64,0.9999999921584058,1.0
ACG,flow,1.0,0,7,9.150661611689785e-08,0.0,163,0.0,2.981426017686603e-10,64,0.9999999921584058,1.0
ACG,flow,1.0,0,8,9.150661611689785e-08,0.0,163,0.0,5.074247152504156e-10,64,0.9999999921584058,1.0
ACG,flow,1.0,0,9,9.150661611689785e-08,0.0,163,0.0,5.207866459519752e-10,64,0.9999999921584058,1.0
ACG,cluster,0.0,1,0,24.35413581405717,15.337423312883436,163,47.368421052631575,1.2790563594172237,0,0.12661839854943296,0.0
ACG,cluster,0.0,1,1,24.35413581405717,15.337423312883436,163,47.368421052631575,1.3164784365764037,0,0.12661839854943296,0.0
ACG,cluster,0.0,1,2,24.35413581405717,15.337423312883436,163,47.368421052631575,1.3488102383604939,0,0.12661839854943296,0.0
ACG,cluster,0.0,1,3,24.35413581405717,15.337423312883436,163,47.368421052631575,1.3388985462815384,0,0.12661839854943296,0.0
ACG,cluster,0.0,1,4,24.35413581405717,15.337423312883436,163,47.368421052631575,1.2448469606454278,0,0.12661839854943296,0.0
ACG,cluster,0.0,1,5,24.35413581405717,15.337423312883436,163,47.368421052631575,1.4232019296749,0,0.12661839854943296,0.0
ACG,cluster,0.0,1,6,24.35413581405717,15.337423312883436,163,47.368421052631575,1.4108951576682636,0,0.12661839854943296,0.0
ACG,cluster,0.0,1,7,24.35413581405717,15.337423312883436,163,42.10526315789473,1.3104438407035146,0,0.12661839854943296,0.0
ACG,cluster,0.0,1,8,24.35413581405717,15.337423312883436,163,47.368421052631575,1.2179695795101046,0,0.12661839854943296,0.0
ACG,cluster,0.0,1,9,24.35413581405717,15.337423312883436,163,47.368421052631575,1.3081876558328804,0,0.12661839854943296,0.0
ACG,cluster,0.0,2,0,24.35413581405717,15.337423312883436,163,47.368421052631575,1.271018482049398,0,0.12661839854943296,0.0
ACG,cluster,0.0,2,1,24.35413581405717,15.337423312883436,163,47.368421052631575,1.297185081756745,0,0.12661839854943296,0.0
ACG,cluster,0.0,2,2,24.35413581405717,15.337423312883436,163,47.368421052631575,1.374359794549103,0,0.12661839854943296,0.0
ACG,cluster,0.0,2,3,24.35413581405717,15.337423312883436,163,47.368421052631575,1.3866636129133538,0,0.12661839854943296,0.0
ACG,cluster,0.0,2,4,24.35413581405717,15.337423312883436,163,47.368421052631575,1.3440643555935434,0,0.12661839854943296,0.0
ACG,cluster,0.0,2,5,24.35413581405717,15.337423312883436,163,47.368421052631575,1.4618854341130407,0,0.12661839854943296,0.0
ACG,cluster,0.0,2,6,24.35413581405717,15.337423312883436,163,42.10526315789473,1.2787511290061255,0,0.12661839854943296,0.0
ACG,cluster,0.0,2,7,24.35413581405717,15.337423312883436,163,42.10526315789473,1.2396694177218595,0,0.12661839854943296,0.0
ACG,cluster,0.0,2,8,24.35413581405717,15.337423312883436,163,47.368421052631575,1.301184868798108,0,0.12661839854943296,0.0
ACG,cluster,0.0,2,9,24.35413581405717,15.337423312883436,163,42.10526315789473,1.442183211492051,0,0.12661839854943296,0.0
ACG,cluster,0.0,3,0,24.35413581405717,15.337423312883436,163,47.368421052631575,1.3690692291303712,0,0.12661839854943296,0.0
ACG,cluster,0.0,3,1,24.35413581405717,15.337423312883436,163,52.63157894736842,1.2871697800155237,0,0.12661839854943296,0.0
ACG,cluster,0.0,3,2,24.35413581405717,15.337423312883436,163,47.368421052631575,1.2921583685645197,0,0.12661839854943296,0.0
ACG,cluster,0.0,3,3,24.35413581405717,15.337423312883436,163,47.368421052631575,1.2485411721691742,0,0.12661839854943296,0.0
ACG,cluster,0.0,3,4,24.35413581405717,15.337423312883436,163,52.63157894736842,1.4229705591206177,0,0.12661839854943296,0.0
ACG,cluster,0.0,3,5,24.35413581405717,15.337423312883436,163,52.63157894736842,1.279643874286731,0,0.12661839854943296,0.0
ACG,cluster,0.0,3,6,24.35413581405717,15.337423312883436,163,47.368421052631575,1.3382187127223901,0,0.12661839854943296,0.0
ACG,cluster,0.0,3,7,24.35413581405717,15.337423312883436,163,52.63157894736842,1.3585189398432047,0,0.12661839854943296,0.0
ACG,cluster,0.0,3,8,24.35413581405717,15.337423312883436,163,47.368421052631575,1.3455096672909201,0,0.12661839854943296,0.0
ACG,cluster,0.0,3,9,24.35413581405717,15.337423312883436,163,42.10526315789473,1.2837027878337774,0,0.12661839854943296,0.0
ACG,cluster,0.0,0,0,24.35413581405717,15.337423312883436,163,52.63157894736842,1.3358313536601722,0,0.12661839854943296,0.0
ACG,cluster,0.0,0,1,24.35413581405717,15.337423312883436,163,47.368421052631575,1.2836841484249752,0,0.12661839854943296,0.0
ACG,cluster,0.0,0,2,24.35413581405717,15.337423312883436,163,47.368421052631575,1.256133330963176,0,0.12661839854943296,0.0
ACG,cluster,0.0,0,3,24.35413581405717,15.337423312883436,163,47.368421052631575,1.2389787859218373,0,0.12661839854943296,0.0
ACG,cluster,0.0,0,4,24.35413581405717,15.337423312883436,163,47.368421052631575,1.3849688791967134,0,0.12661839854943296,0.0
ACG,cluster,0.0,0,5,24.35413581405717,15.337423312883436,163,47.368421052631575,1.2378276310221876,0,0.12661839854943296,0.0
ACG,cluster,0.0,0,6,24.35413581405717,15.337423312883436,163,47.368421052631575,1.3864045215600787,0,0.12661839854943296,0.0
ACG,cluster,0.0,0,7,24.35413581405717,15.337423312883436,163,47.368421052631575,1.2990249319177711,0,0.12661839854943296,0.0
ACG,cluster,0.0,0,8,24.35413581405717,15.337423312883436,163,47.368421052631575,1.3981265674795114,0,0.12661839854943296,0.0
ACG,cluster,0.0,0,9,24.35413581405717,15.337423312883436,163,47.368421052631575,1.4226791825028067,0,0.12661839854943296,0.0
ACG,cluster,0.05,1,0,26.749629724115387,15.950920245398773,163,47.368421052631575,1.2887237279949268,3,0.15243597585247193,0.022489457943925702
ACG,cluster,0.05,1,1,24.356353551990832,15.337423312883436,163,52.63157894736842,1.3860901518520672,3,0.12665416803276794,0.010298140420849932
ACG,cluster,0.05,1,2,24.41857313333505,15.950920245398773,163,47.368421052631575,1.3710952494412036,3,0.12715222110525728,0.07937810386091533
ACG,cluster,0.05,1,3,20.839456676288133,9.202453987730062,163,52.63157894736842,1.3065376541352558,3,0.2001117471188984,0.026073557548550546
ACG,cluster,0.05,1,4,28.230876273727233,15.337423312883436,163,47.368421052631575,1.3468653880646657,3,0.15000806186388874,0.060857231521599706
ACG,cluster,0.05,1,5,24.363280256581685,15.337423312883436,163,47.368421052631575,1.3891784305931436,3,0.12670721397195017,0.04666920132739856
ACG,cluster,0.05,1,6,24.25236761883402,16.56441717791411,163,42.10526315789473,1.391946055642893,3,0.12684362680855668,0.008213261679215976
ACG,cluster,0.05,1,7,23.998518930162792,15.950920245398773,163,47.368421052631575,1.3982329824273434,3,0.12719334810167238,0.01665347599940908
ACG,cluster,0.05,1,8,24.399047689785945,15.950920245398773,163,42.10526315789473,1.3527935401721007,3,0.12686028416173054,0.02740866987827788
ACG,cluster,0.05,1,9,24.35146249605566,15.337423312883436,163,47.368421052631575,1.3737547520095788,3,0.12673862136284847,0.06313224010003665
ACG,cluster,0.05,2,0,23.882377795478373,16.56441717791411,163,47.368421052631575,1.3357141032349396,3,0.14268193345199998,0.04583376967377355
ACG,cluster,0.05,2,1,27.847753248865548,14.723926380368098,163,47.368421052631575,1.3735030491077993,3,0.15120448775904585,0.049957943167427604
ACG,cluster,0.05,2,2,24.052672219795586,15.950920245398773,163,47.368421052631575,1.4453953251763634,3,0.12785247680481807,0.0544838439243916
ACG,cluster,0.05,2,3,24.052672219795586,15.950920245398773,163,47.368421052631575,1.398568809073994,3,0.12785247680481807,0.0544838439243916
ACG,cluster,0.05,2,4,23.213024133186654,17.791411042944784,163,47.368421052631575,1.299295583516041,3,0.13049438914008396,0.028744820363342614
ACG,cluster,0.05,2,5,24.052672219795586,15.950920245398773,163,47.368421052631575,1.3491071037636126,3,0.12785247680481807,0.0544838439243916
ACG,cluster,0.05,2,6,24.403813967134276,15.950920245398773,163,42.10526315789473,1.4545985725726331,3,0.12688601646482173,0.02740866987827788
ACG,cluster,0.05,2,7,16.217524846650726,7.975460122699387,163,52.63157894736842,1.2538894013527158,3,0.20847454647387842,0.026073557548550546
ACG,cluster,0.05,2,8,27.840866341150335,14.723926380368098,163,42.10526315789473,1.4557786894866935,3,0.15118341467974453,0.05284738372519379
ACG,cluster,0.05,2,9,23.993759539093436,15.950920245398773,163,47.368421052631575,1.2921738796707956,3,0.12720258764214695,0.01665347599940908
ACG,cluster,0.05,3,0,27.963246607412806,14.723926380368098,163,42.10526315789473,1.2209441979095017,3,0.15627384393342666,0.0513139585863232
ACG,cluster,0.05,3,1,23.991401102112523,15.950920245398773,163,47.368421052631575,1.2960450266325263,3,0.12722442096337644,0.015612595861347067
ACG,cluster,0.05,3,2,24.363947097798544,15.337423312883436,163,47.368421052631575,1.2655639157694858,3,0.1267313225883219,0.04666920132739856
ACG,cluster,0.05,3,3,20.90741439202762,11.042944785276074,163,47.368421052631575,1.2124345897274929,3,0.1971665857561086,0.05702362725105398
ACG,cluster,0.05,3,4,24.360011230425552,15.337423312883436,163,47.368421052631575,1.2957378673278543,3,0.1267103873821728,0.005829982697933032
ACG,cluster,0.05,3,5,23.993676525610162,15.950920245398773,163,47.368421052631575,1.2403369026861009,3,0.12720281404528674,0.01665347599940908
ACG,cluster,0.05,3,6,24.39171852129595,15.337423312883436,163,47.368421052631575,1.4224343019259553,3,0.12671614349946003,0.05182427906908105
ACG,cluster,0.05,3,7,24.364457981935555,15.337423312883436,163,47.368421052631575,1.261836584557008,3,0.12677547128303096,0.06313224010003665
ACG,cluster,0.05,3,8,25.48899759072809,15.337423312883436,163,47.368421052631575,1.3390000778371567,3,0.1339745674272687,0.061452811582735495
ACG,cluster,0.05,3,9,24.364457981935555,15.337423312883436,163,47.368421052631575,1.3142942680335423,3,0.12677547128303096,0.06313224010003665
ACG,cluster,0.05,0,0,23.9036873221297,15.950920245398773,163,52.63157894736842,1.3249420955858673,3,0.12870017743664147,0.060568018128219304
ACG,cluster,0.05,0,1,24.04236329819118,15.950920245398773,163,47.368421052631575,1.3017691301137448,3,0.12789451341454597,0.0544838439243916
ACG,cluster,0.05,0,2,24.365652944422013,15.337423312883436,163,47.368421052631575,1.361839681255963,3,0.12677841566723044,0.06313224010003665
ACG,cluster,0.05,0,3,24.365652944422013,15.337423312883436,163,47.368421052631575,1.2709658179337435,3,0.12677841566723044,0.06313224010003665
ACG,cluster,0.05,0,4,26.114892908099584,14.723926380368098,163,36.84210526315789,1.4009553778752382,3,0.12970912271799223,0.10445038029835423
ACG,cluster,0.05,0,5,24.887823794480077,17.791411042944784,163,36.84210526315789,1.3386986984261011,3,0.16019151259788802,0.04917750346477344
ACG,cluster,0.05,0,6,24.182691770061503,16.56441717791411,163,47.368421052631575,1.3034885178466082,3,0.12803256054853565,0.050436933299097764
ACG,cluster,0.05,0,7,15.280381474753371,12.269938650306749,163,57.89473684210527,1.277429331096927,3,0.13789213262059064,0.008540817114548405
ACG,cluster,0.05,0,8,27.811130098988045,14.723926380368098,163,42.10526315789473,1.3699584099999906,3,0.1547759585589333,0.05646745481233486
ACG,cluster,0.05,0,9,26.114892908099584,14.723926380368098,163,42.10526315789473,1.4981767971403228,3,0.12970912271799223,0.10445038029835423
ACG,cluster,0.1,1,0,24.184740294787996,15.950920245398773,163,47.368421052631575,1.3745710681921646,6,0.12825835197200605,0.13732975456601126
ACG,cluster,0.1,1,1,21.874464495549557,11.042944785276074,163,47.368421052631575,1.3363124412189342,6,0.19233725216445108,0.08671782267270856
ACG,cluster,0.1,1,2,25.237496326170277,15.337423312883436,163,47.368421052631575,1.3843074541570448,6,0.13347314774661498,0.07691887156109807
ACG,cluster,0.1,1,3,25.402931659499583,14.110429447852761,163,42.10526315789473,1.2654218464925442,6,0.13095961179675122,0.12032704585361391
ACG,cluster,0.1,1,4,24.282475002348512,16.56441717791411,163,47.368421052631575,1.3181634282595354,6,0.12697871392513038,0.07043087378579699
ACG,cluster,0.1,1,5,24.111754269597487,15.950920245398773,163,47.368421052631575,1.3458439015948749,6,0.12767231681906868,0.07791438311106644
ACG,cluster,0.1,1,6,24.521176438492382,15.950920245398773,163,47.368421052631575,1.403733098341448,6,0.12788757770197134,0.07183266574155397
ACG,cluster,0.1,1,7,16.486674767149616,8.588957055214724,163,52.63157894736842,1.309952231393127,6,0.21945171513783643,0.07599332836700089
ACG,cluster,0.1,1,8,23.639672697604258,15.950920245398773,163,47.368421052631575,1.3154550574060873,6,0.128508067327461,0.07297940629940576
ACG,cluster,0.1,1,9,23.79492165414718,16.56441717791411,163,36.84210526315789,1.2257018071099088,6,0.16176654341785254,0.09332524545000369
ACG,cluster,0.1,2,0,14.188911136882584,17.177914110429448,163,68.42105263157895,1.2140688366350787,6,0.19578384961727857,0.17861045775157575
ACG,cluster,0.1,2,1,23.967170490555205,15.950920245398773,163,47.368421052631575,1.322773846101125,6,0.12870619600007346,0.06654684099118181
ACG,cluster,0.1,2,2,24.190346874742783,15.950920245398773,163,47.368421052631575,1.389160898766246,6,0.1281629155874074,0.09710613462649632
ACG,cluster,0.1,2,3,24.40377383948342,15.337423312883436,163,47.368421052631575,1.3642031529146375,6,0.12699170357788672,0.03294305884124949
ACG,cluster,0.1,2,4,24.019519487967973,16.56441717791411,163,47.368421052631575,1.3984135363466499,6,0.12839377428157964,0.06293136304149663
ACG,cluster,0.1,2,5,20.769207909279995,14.110429447852761,163,47.368421052631575,1.2729244236714528,6,0.15137793991421825,0.07498511155548178
ACG,cluster,0.1,2,6,24.486660680277243,15.337423312883436,163,42.10526315789473,1.3705169009267493,6,0.12665919145506446,0.09123240485111787
ACG,cluster,0.1,2,7,23.27132962013224,15.950920245398773,163,47.368421052631575,1.4002265869539212,6,0.13055810551724245,0.11991921649949305
ACG,cluster,0.1,2,8,15.360891124593037,17.177914110429448,163,57.89473684210527,1.1808377062613566,6,0.20734613317658357,0.08379896638055014
ACG,cluster,0.1,2,9,24.086133437985822,15.950920245398773,163,47.368421052631575,1.1868301612132415,6,0.14244210884979833,0.13250280533054914
ACG,cluster,0.1,3,0,23.955818836087666,15.950920245398773,163,42.10526315789473,1.3798574325539679,6,0.1286844317658223,0.0699499039027542
ACG,cluster,0.1,3,1,16.354214597338686,17.177914110429448,163,57.89473684210527,1.1652036686352547,6,0.21401409854634734,0.13118908802820997
ACG,cluster,0.1,3,2,25.906208942512148,14.723926380368098,163,47.368421052631575,1.3164583774610579,6,0.13021538340238795,0.11981524898483967
ACG,cluster,0.1,3,3,27.6633833623798,14.723926380368098,163,42.10526315789473,1.3251305572678647,6,0.15501813822619948,0.10551598533133696
ACG,cluster,0.1,3,4,24.38555828764666,15.337423312883436,163,47.368421052631575,1.3925565992759128,6,0.12687239528506367,0.10203390434326104
ACG,cluster,0.1,3,5,34.02751265079016,15.337423312883436,163,36.84210526315789,1.3312071764478663,6,0.17100397569012854,0.07549948867164387
ACG,cluster,0.1,3,6,15.832661496842185,7.975460122699387,163,57.89473684210527,1.3588437264385873,6,0.21171029119576554,0.04198992897448565
ACG,cluster,0.1,3,7,25.13914325954826,15.337423312883436,163,47.368421052631575,1.3234509258542013,6,0.13471541683513572,0.10452604965255062
ACG,cluster,0.1,3,8,23.432477041075302,13.496932515337424,163,47.368421052631575,1.1829608018125717,6,0.1358841976282796,0.07597609853081234
ACG,cluster,0.1,3,9,22.112711754779237,17.791411042944784,163,52.63157894736842,1.2453361439342174,6,0.15584022170538087,0.08321469804168721
ACG,cluster,0.1,0,0,24.115564962845415,15.950920245398773,163,47.368421052631575,1.2605624906529787,6,0.12798327247747918,0.08673358869273065
ACG,cluster,0.1,0,1,17.387217428436273,17.177914110429448,163,57.89473684210527,1.2064515630814818,6,0.23688643283620178,0.11965604726392484
ACG,cluster,0.1,0,2,17.89283964335398,10.429447852760736,163,57.89473684210527,1.2753485530760431,6,0.1686162311782398,0.06556102022419509
ACG,cluster,0.1,0,3,22.21341934204188,10.429447852760736,163,42.10526315789473,1.4113337212835602,6,0.22762390668702484,0.11158227206727918
ACG,cluster,0.1,0,4,20.97257133024013,11.042944785276074,163,42.10526315789473,1.2989042856074735,6,0.1976120729917484,0.112859307690578
ACG,cluster,0.1,0,5,24.048420155148793,15.950920245398773,163,52.63157894736842,1.3287088717845146,6,0.12859780863249062,0.09636966597316024
ACG,cluster,0.1,0,6,26.189907947866413,14.723926380368098,163,42.10526315789473,1.366273743655852,6,0.12986561295838725,0.1562746593674353
ACG,cluster,0.1,0,7,29.962989451079945,13.496932515337424,163,36.84210526315789,1.4641569063241289,6,0.1572525141777387,0.15817549150830218
ACG,cluster,0.1,0,8,24.704890679686283,11.656441717791411,163,42.10526315789473,1.208953191510634,6,0.1931236118797643,0.12978587282262058
ACG,cluster,0.1,0,9,36.254120594317094,16.56441717791411,163,42.10526315789473,1.360466525119806,6,0.18020998613977832,0.07855847593686259
ACG,cluster,0.2,1,0,15.878871835970031,12.883435582822086,163,52.63157894736842,1.3130567740606662,13,0.1545661692046724,0.1972498043551415
ACG,cluster,0.2,1,1,32.044782674916014,12.883435582822086,163,36.84210526315789,1.3198332181132537,13,0.15917934731408628,0.17327088832216572
ACG,cluster,0.2,1,2,26.27050165558912,14.723926380368098,163,42.10526315789473,1.3394917848692927,13,0.1611762478572241,0.1872887164626447
ACG,cluster,0.2,1,3,15.490997316609509,16.56441717791411,163,52.63157894736842,1.2464512362726405,13,0.19260451933183367,0.23679539973018252
ACG,cluster,0.2,1,4,23.9091645574071,15.950920245398773,163,47.368421052631575,1.2989930618319332,13,0.12951902807612728,0.17413808570077335
ACG,cluster,0.2,1,5,26.7717871114232,14.723926380368098,163,42.10526315789473,1.3078918078364412,13,0.1465161024823233,0.1709178506858763
ACG,cluster,0.2,1,6,13.271372193670903,7.361963190184049,163,52.63157894736842,1.1355001648974454,13,0.287478017008986,0.17800933667202423
ACG,cluster,0.2,1,7,26.758161690208837,14.723926380368098,163,47.368421052631575,1.4264926556932873,13,0.146531757458997,0.20721397014681425
ACG,cluster,0.2,1,8,18.285216974372975,12.269938650306749,163,47.368421052631575,1.2463513496225578,13,0.17124722104856693,0.26889021366981736
ACG,cluster,0.2,1,9,25.63735185090022,14.723926380368098,163,42.10526315789473,1.337094533014283,13,0.14400790653347262,0.2793662568915757
ACG,cluster,0.2,2,0,18.172402684616134,7.361963190184049,163,57.89473684210527,1.3383919126337807,13,0.23645059790432513,0.20494708283418128
ACG,cluster,0.2,2,1,16.24323499349356,6.748466257668712,163,68.42105263157895,1.1894846068991747,13,0.17338869816521085,0.1351281647672668
ACG,cluster,0.2,2,2,24.92633130206037,15.337423312883436,163,47.368421052631575,1.295984709467225,13,0.1366677487267438,0.18631950732377003
ACG,cluster,0.2,2,3,20.661728933977212,13.496932515337424,163,47.368421052631575,1.236385052642203,13,0.17049530763585688,0.2093775744302612
ACG,cluster,0.2,2,4,15.94130551419884,17.177914110429448,163,63.1578947368421,1.203903479127683,13,0.20972420213613935,0.1670317318675204
ACG,cluster,0.2,2,5,15.180359621051917,18.404907975460123,163,52.63157894736842,1.1389314758039462,13,0.19966286074311806,0.16305035186969627
ACG,cluster,0.2,2,6,14.890415414741467,7.975460122699387,163,57.89473684210527,1.208799719636329,13,0.23347744243600652,0.2021660058104223
ACG,cluster,0.2,2,7,25.913018370423522,15.337423312883436,163,42.10526315789473,1.2782965996857194,13,0.1333905948793751,0.12187935204987603
ACG,cluster,0.2,2,8,22.76400654989732,8.588957055214724,163,42.10526315789473,1.3276821710315492,13,0.25440527316180356,0.21928592323171858
ACG,cluster,0.2,2,9,14.57125657447326,17.177914110429448,163,63.1578947368421,1.2424362437232899,13,0.1846976686390938,0.19806380841403978
ACG,cluster,0.2,3,0,15.923736167598552,17.177914110429448,163,57.89473684210527,1.3429981742138097,13,0.2137706061052523,0.21256482387337028
ACG,cluster,0.2,3,1,12.001768637534514,7.361963190184049,163,57.89473684210527,1.2241779018313934,13,0.32108341582325967,0.2684028097376528
ACG,cluster,0.2,3,2,32.14917972263672,14.723926380368098,163,36.84210526315789,1.1915085414253683,13,0.2185066915955501,0.18547428604243393
ACG,cluster,0.2,3,3,24.946122034723896,9.815950920245399,163,47.368421052631575,1.1184555800057203,13,0.22586235485304496,0.18520571462815621
ACG,cluster,0.2,3,4,26.559367988336792,5.521472392638037,163,21.052631578947366,1.2778929601136346,13,0.2814250962457521,0.19829966279423372
ACG,cluster,0.2,3,5,30.224000598616215,13.496932515337424,163,36.84210526315789,1.4364750791682632,13,0.15719805189941477,0.24960876884710573
ACG,cluster,0.2,3,6,25.206333132952448,14.723926380368098,163,47.368421052631575,1.2924217156026798,13,0.17390994287521985,0.1511729469238646
ACG,cluster,0.2,3,7,25.511376923165646,15.337423312883436,163,47.368421052631575,1.323382045007192,13,0.14726650557024895,0.3029768077571722
ACG,cluster,0.2,3,8,30.145168590687394,13.496932515337424,163,42.10526315789473,1.4961634908882797,13,0.15833141909043003,0.2901166536586047
ACG,cluster,0.2,3,9,26.025667044423578,15.950920245398773,163,36.84210526315789,1.2294332913285504,13,0.19693746890832906,0.23890301675908257
ACG,cluster,0.2,0,0,29.814221523538194,13.496932515337424,163,36.84210526315789,1.3433409292252898,13,0.1780628175781231,0.30810404270978103
ACG,cluster,0.2,0,1,15.540612925408157,7.361963190184049,163,63.1578947368421,1.3349260264227825,13,0.2653872456586079,0.18566171221877653
ACG,cluster,0.2,0,2,26.12567833089453,14.723926380368098,163,47.368421052631575,1.4876060058826786,13,0.13204725113842858,0.26860966033171985
ACG,cluster,0.2,0,3,8.377152486481807,6.748466257668712,163,68.42105263157895,1.1648103349515377,13,0.3060223115357623,0.12112840635749814
ACG,cluster,0.2,0,4,29.56259024550069,14.110429447852761,163,36.84210526315789,1.3392654139452365,13,0.1916584516023088,0.1591685376536034
ACG,cluster,0.2,0,5,17.341659622719053,7.361963190184049,163,57.89473684210527,1.2354351013874143,13,0.21684597427314656,0.15914072400372747
ACG,cluster,0.2,0,6,18.392077998007057,8.588957055214724,163,57.89473684210527,1.4075288077398005,13,0.2376060659101087,0.27018568697761697
ACG,cluster,0.2,0,7,16.127420549628358,17.177914110429448,163,52.63157894736842,1.1899977743146921,13,0.2107345319092459,0.13205878223611045
ACG,cluster,0.2,0,8,24.07887284863571,15.950920245398773,163,47.368421052631575,1.23522537965722,13,0.1434887678440631,0.20933381478296562
ACG,cluster,0.2,0,9,26.033342124434583,15.337423312883436,163,42.10526315789473,1.5256004772445606,13,0.13231428135155945,0.3302621588367446
ACG,cluster,0.4,1,0,18.512575646431678,7.975460122699387,163,52.63157894736842,1.278711257615244,26,0.2390168691718582,0.37317182316327785
ACG,cluster,0.4,1,1,9.544585540745727,7.975460122699387,163,52.63157894736842,1.1452394996105033,26,0.3061405980968705,0.3696219426898099
ACG,cluster,0.4,1,2,24.347403204996386,12.269938650306749,163,31.57894736842105,1.1752818701625494,26,0.1840364709157514,0.35273590618226
ACG,cluster,0.4,1,3,28.30480112083768,11.042944785276074,163,36.84210526315789,1.293608334329046,26,0.19200131060918535,0.4210154204325655
ACG,cluster,0.4,1,4,15.279499840618652,7.975460122699387,163,52.63157894736842,1.2664778231300822,26,0.2667133761003795,0.4165712545537723
ACG,cluster,0.4,1,5,9.46295093259555,7.975460122699387,163,57.89473684210527,1.165578341371602,26,0.31310170058223924,0.3960452106056481
ACG,cluster,0.4,1,6,17.36576564098171,8.588957055214724,163,47.368421052631575,1.2851047378583702,26,0.2398771942256028,0.40316132035655994
ACG,cluster,0.4,1,7,24.294772567013347,12.269938650306749,163,52.63157894736842,1.2043290414555436,26,0.19721800251842178,0.3570207589255589
ACG,cluster,0.4,1,8,28.786041580520656,13.496932515337424,163,47.368421052631575,1.3198220798360851,26,0.16971242089115646,0.45103080637460546
ACG,cluster,0.4,1,9,15.54380509378861,8.588957055214724,163,52.63157894736842,1.2705730984006398,26,0.23730114363076488,0.3993664895023635
ACG,cluster,0.4,2,0,21.180281302557493,7.975460122699387,163,52.63157894736842,1.4442393526475188,26,0.23882249391584315,0.4076909360755513
ACG,cluster,0.4,2,1,15.88317466536193,16.56441717791411,163,52.63157894736842,1.2027704395367491,26,0.24476101308903794,0.4837378542838926
ACG,cluster,0.4,2,2,26.138402024702234,10.429447852760736,163,31.57894736842105,1.1700385367307728,26,0.2782316295300501,0.47653840985572105
ACG,cluster,0.4,2,3,25.44531204450365,0.6134969325153374,163,31.57894736842105,1.2172247326885577,26,0.3200343847265533,0.3892007484541196
ACG,cluster,0.4,2,4,20.912083779279836,11.656441717791411,163,36.84210526315789,1.0651642730649271,26,0.217039107448424,0.3791287402058572
ACG,cluster,0.4,2,5,9.298466847997327,7.361963190184049,163,57.89473684210527,1.1684409293774265,26,0.341859242879417,0.43098555861705157
ACG,cluster,0.4,2,6,24.934985814695654,17.177914110429448,163,42.10526315789473,0.9941389925468803,26,0.31214654386599955,0.4440026655761002
ACG,cluster,0.4,2,7,20.11968848714426,11.042944785276074,163,42.10526315789473,1.2497327286460371,26,0.24009851240432215,0.3549265419280998
ACG,cluster,0.4,2,8,7.965840161555471,7.361963190184049,163,68.42105263157895,1.0299621517271258,26,0.32843332633954303,0.30477997673451074
ACG,cluster,0.4,2,9,26.68909374577761,14.110429447852761,163,47.368421052631575,1.398756592235774,26,0.13874213094971993,0.3514389462040212
ACG,cluster,0.4,3,0,21.335120811977404,10.429447852760736,163,36.84210526315789,1.1307070129379564,26,0.2696028895244807,0.42052198411512165
ACG,cluster,0.4,3,1,23.582125658865895,10.429447852760736,163,57.89473684210527,1.591999132539317,26,0.20602562713413528,0.41624992690775064
ACG,cluster,0.4,3,2,14.685324755076923,8.588957055214724,163,63.1578947368421,1.367077176746501,26,0.23357002625384668,0.3096758978795543
ACG,cluster,0.4,3,3,20.071131915455435,7.975460122699387,163,57.89473684210527,1.4348429103454508,26,0.24694710923243704,0.3299343268647132
ACG,cluster,0.4,3,4,24.840000038257827,9.815950920245399,163,42.10526315789473,1.292910914812545,26,0.24446998456695787,0.5162920779570619
ACG,cluster,0.4,3,5,6.89012218930298,6.748466257668712,163,63.1578947368421,0.9813812975265578,26,0.3784314294170162,0.37636345834131807
ACG,cluster,0.4,3,6,23.932488552902967,10.429447852760736,163,31.57894736842105,1.0528379037447357,26,0.26343599588713407,0.40114400741537953
ACG,cluster,0.4,3,7,15.967990755093611,7.975460122699387,163,63.1578947368421,1.283311472257405,26,0.26054431050620125,0.2967272771767922
ACG,cluster,0.4,3,8,13.950030920061568,12.883435582822086,163,73.68421052631578,1.1463723867257782,26,0.2668083470311832,0.3212995866883632
ACG,cluster,0.4,3,9,29.797731274108102,12.269938650306749,163,26.31578947368421,1.0142799131125892,26,0.3404978060928664,0.4251441830641777
ACG,cluster,0.4,0,0,6.101732430617964,11.656441717791411,163,84.21052631578947,0.632891909674985,26,0.4873970566566704,0.391587425865753
ACG,cluster,0.4,0,1,19.45191463626977,10.429447852760736,163,47.368421052631575,1.2503659281557904,26,0.27735606471356,0.40788877808667695
ACG,cluster,0.4,0,2,8.605917460407827,7.361963190184049,163,63.1578947368421,1.1870725696618272,26,0.339558490437769,0.35199578941564413
ACG,cluster,0.4,0,3,30.37938671353221,11.042944785276074,163,36.84210526315789,1.5633735755677676,26,0.26702471419468843,0.4635195528307404
ACG,cluster,0.4,0,4,28.894864467568986,13.496932515337424,163,36.84210526315789,1.2431010431999636,26,0.2629183679957949,0.36522370818557565
ACG,cluster,0.4,0,5,13.421736104518848,10.429447852760736,163,52.63157894736842,1.1938759886814234,26,0.3257783956743254,0.4460042136399721
ACG,cluster,0.4,0,6,26.981465872936333,0.6134969325153374,163,15.789473684210526,1.1465982910099832,26,0.39304758888887276,0.36111639657431965
ACG,cluster,0.4,0,7,6.379507069632351,7.361963190184049,163,73.68421052631578,1.1712022319677107,26,0.39038514985813694,0.4798685744936621
ACG,cluster,0.4,0,8,22.644106583767247,14.723926380368098,163,63.1578947368421,1.2509784367357493,26,0.27749552885722545,0.42568233719430015
ACG,cluster,0.4,0,9,11.319665608046787,7.975460122699387,163,84.21052631578947,0.9054459002994679,26,0.38562665478220914,0.3679180846690629
ACG,cluster,0.6,1,0,26.213023192767178,4.9079754601226995,163,36.84210526315789,1.1438813717076068,38,0.30167785076934006,0.5884173823761174
ACG,cluster,0.6,1,1,18.47227840151949,3.6809815950920246,163,52.63157894736842,0.9572953773857982,38,0.30310356565305324,0.6457254881866049
ACG,cluster,0.6,1,2,14.212470332396396,8.588957055214724,163,52.63157894736842,1.2328793081425236,38,0.30977558780927145,0.5834628257376779
ACG,cluster,0.6,1,3,20.596925974815754,4.9079754601226995,163,31.57894736842105,0.9446661996230141,38,0.3535868843447823,0.5940684989655475
ACG,cluster,0.6,1,4,12.544380921701926,8.588957055214724,163,52.63157894736842,1.2519622697170332,38,0.3122578565863246,0.6269192819666999
ACG,cluster,0.6,1,5,21.90534476296378,3.067484662576687,163,26.31578947368421,0.961088855181381,38,0.33295234003911084,0.5973062734920283
ACG,cluster,0.6,1,6,29.29969099533339,11.656441717791411,163,26.31578947368421,1.1751212123170367,38,0.23097244678902476,0.5647194899079001
ACG,cluster,0.6,1,7,15.010593636148512,7.361963190184049,163,47.368421052631575,1.1997322071094296,38,0.27590690879155827,0.5584421039685957
ACG,cluster,0.6,1,8,22.85769642543702,7.975460122699387,163,31.57894736842105,1.0678141464105175,38,0.24922209428535144,0.6033608445564277
ACG,cluster,0.6,1,9,24.520231894956083,3.067484662576687,163,31.57894736842105,1.0550574207770602,38,0.27558926947989876,0.5574464072990186
ACG,cluster,0.6,2,0,29.94487374973605,11.042944785276074,163,31.57894736842105,1.3119531901558474,38,0.24948312765302,0.6165347963895188
ACG,cluster,0.6,2,1,20.926720059226593,11.042944785276074,163,52.63157894736842,1.1990802568271484,38,0.2549025603121406,0.5460156222643614
ACG,cluster,0.6,2,2,21.095566139715938,1.2269938650306749,163,21.052631578947366,1.3125653020521406,38,0.3740540876218386,0.5810153605315168
ACG,cluster,0.6,2,3,13.29140809104822,0.6134969325153374,163,42.10526315789473,0.6656560203015615,38,0.47857183186853736,0.6026963588631014
ACG,cluster,0.6,2,4,27.19618996062325,0.0,163,21.052631578947366,1.2756016955621161,38,0.3539567467521867,0.588733616376111
ACG,cluster,0.6,2,5,18.82437483599127,9.202453987730062,163,63.1578947368421,1.2215881390673924,38,0.21886369141897913,0.6156399750514987
ACG,cluster,0.6,2,6,26.08685500965836,11.042944785276074,163,31.57894736842105,1.1223684539613576,38,0.26818172503641313,0.6530645625079079
ACG,cluster,0.6,2,7,9.022095609131636,9.202453987730062,163,63.1578947368421,0.6244787019175444,38,0.38167884309141836,0.5466601704615413
ACG,cluster,0.6,2,8,9.561808541777902,7.361963190184049,163,57.89473684210527,1.0572572858354718,38,0.38209055944363185,0.5555518720816373
ACG,cluster,0.6,2,9,24.28864922944146,11.042944785276074,163,42.10526315789473,1.1242732384338714,38,0.2883927960764434,0.5630624460079949
ACG,cluster,0.6,3,0,26.721565144425085,2.4539877300613497,163,15.789473684210526,1.0971118090887289,38,0.4433308396553893,0.5613323678515358
ACG,cluster,0.6,3,1,11.432907091533671,7.975460122699387,163,84.21052631578947,0.8928567663894513,38,0.3306334573436759,0.6620018172643496
ACG,cluster,0.6,3,2,11.34274528464044,10.429447852760736,163,84.21052631578947,0.5162795094985737,38,0.4683386955646399,0.6635370341781999
ACG,cluster,0.6,3,3,32.224164382787336,0.6134969325153374,163,5.263157894736842,1.3174260307251238,38,0.4605057025786718,0.6484819814405773
ACG,cluster,0.6,3,4,14.311527063161849,0.6134969325153374,163,78.94736842105263,1.0564101140389317,38,0.46467314564979184,0.5968732667283873
ACG,cluster,0.6,3,5,27.285423649381325,0.0,163,15.789473684210526,1.3205804273918142,38,0.3772851417528218,0.5743098449303659
ACG,cluster,0.6,3,6,5.607877705587786,9.815950920245399,163,89.47368421052632,0.5186990106783063,38,0.43104069472051415,0.6083386628449781
ACG,cluster,0.6,3,7,20.66948981737617,10.429447852760736,163,47.368421052631575,1.2830134261653863,38,0.33893402088647434,0.5975448292472553
ACG,cluster,0.6,3,8,13.46293886764897,10.429447852760736,163,57.89473684210527,1.2408140572991337,38,0.3686147904913746,0.6235930642616542
ACG,cluster,0.6,3,9,4.208299996494205,3.067484662576687,163,78.94736842105263,0.5552474015857218,38,0.5896925181245379,0.5506890587787407
ACG,cluster,0.6,0,0,26.47942224158184,11.042944785276074,163,63.1578947368421,1.5190035549713685,38,0.2832705848135289,0.6000895342415434
ACG,cluster,0.6,0,1,10.87766386259644,8.588957055214724,163,78.94736842105263,0.5603778927284825,38,0.582776332553632,0.6372922809864218
ACG,cluster,0.6,0,2,7.85250690063604,9.815950920245399,163,84.21052631578947,0.5525119366833853,38,0.5635771370071458,0.6331481871373255
ACG,cluster,0.6,0,3,2.694449721998697,0.0,163,100.0,0.4003582088340859,38,0.7290876118158319,0.5977083618528469
ACG,cluster,0.6,0,4,5.5176194855002585,9.815950920245399,163,84.21052631578947,0.5336659175236644,38,0.4794371030139951,0.5777771683432026
ACG,cluster,0.6,0,5,17.097138090994125,9.815950920245399,163,84.21052631578947,0.5740304295346674,38,0.45650921981654713,0.5212848560811657
ACG,cluster,0.6,0,6,6.979838493360188,9.202453987730062,163,73.68421052631578,0.4725983959196034,38,0.5999156666673526,0.6605064913407838
ACG,cluster,0.6,0,7,26.569592593814573,0.0,163,0.0,1.2133999669099662,38,0.5225206727771541,0.5005575311252314
ACG,cluster,0.6,0,8,8.215783093084097,9.202453987730062,163,78.94736842105263,0.5649870949980311,38,0.567188871764643,0.5907847285011878
ACG,cluster,0.6,0,9,27.779716850343288,0.6134969325153374,163,10.526315789473683,1.1357403987594912,38,0.4616347670751111,0.6191534052454374
ACG,cluster,0.8,1,0,24.813144132588697,4.294478527607362,163,42.10526315789473,1.271000735937362,51,0.312644326069737,0.7874351761266297
ACG,cluster,0.8,1,1,16.23980032775394,1.8404907975460123,163,36.84210526315789,0.7214601552310397,51,0.38259070434872333,0.7665385015813451
ACG,cluster,0.8,1,2,15.724617538407374,1.8404907975460123,163,42.10526315789473,0.9526649724533383,51,0.35533282337701105,0.8381047493524658
ACG,cluster,0.8,1,3,15.566817758985549,1.2269938650306749,163,42.10526315789473,0.8819182846519813,51,0.35828955759073206,0.8560414813368459
ACG,cluster,0.8,1,4,12.517657407568677,1.8404907975460123,163,36.84210526315789,0.7038423828665591,51,0.3929938804239805,0.7785200328790252
ACG,cluster,0.8,1,5,15.589478588181956,1.8404907975460123,163,36.84210526315789,0.7571482674092994,51,0.3711931599637783,0.8208725688868829
ACG,cluster,0.8,1,6,16.123795520130464,1.8404907975460123,163,36.84210526315789,0.7511778275921264,51,0.37070344229566976,0.847292330957289
ACG,cluster,0.8,1,7,19.87866598883167,3.6809815950920246,163,36.84210526315789,0.8037760181804847,51,0.3669898710333924,0.8300110835109328
ACG,cluster,0.8,1,8,18.61259547244699,11.042944785276074,163,31.57894736842105,0.8112911800768791,51,0.31283953972133416,0.8155157153423863
ACG,cluster,0.8,1,9,22.64131145755604,4.9079754601226995,163,36.84210526315789,1.1365400313066594,51,0.2930839682911851,0.6932497724140104
ACG,cluster,0.8,2,0,8.601845541526504,0.0,163,21.052631578947366,0.5077669887367019,51,0.5899868194625533,0.8554391141280749
ACG,cluster,0.8,2,1,9.007017697280821,0.0,163,42.10526315789473,0.5383936924909156,51,0.571393894601821,0.8599490894564648
ACG,cluster,0.8,2,2,8.535027920644104,1.8404907975460123,163,57.89473684210527,0.7655252633312778,51,0.45437539802658494,0.835979643662739
ACG,cluster,0.8,2,3,10.65613077488235,9.202453987730062,163,63.1578947368421,0.6542181752250017,51,0.4508838541826769,0.8307563453456903
ACG,cluster,0.8,2,4,28.81405236015816,11.042944785276074,163,31.57894736842105,1.287942523891067,51,0.28911870068798623,0.7855605926893156
ACG,cluster,0.8,2,5,9.434767074350823,0.0,163,31.57894736842105,0.5152858688820223,51,0.5788201240009947,0.7731204824109136
ACG,cluster,0.8,2,6,6.648903796398778,2.4539877300613497,163,89.47368421052632,1.1318763133308056,51,0.37465270426291075,0.7476107517683664
ACG,cluster,0.8,2,7,10.073550311310042,0.0,163,36.84210526315789,0.5792806403838101,51,0.5464941981636277,0.8107317807049297
ACG,cluster,0.8,2,8,21.841972682508356,1.8404907975460123,163,36.84210526315789,1.2787395217323068,51,0.37243382253783963,0.7787725074576836
ACG,cluster,0.8,2,9,4.756900305125391,1.8404907975460123,163,89.47368421052632,0.4887652155782393,51,0.5512746220462204,0.7978467165918329
ACG,cluster,0.8,3,0,33.48031414483155,4.9079754601226995,163,26.31578947368421,1.4974595798351575,51,0.4299263159395254,0.8620320021592897
ACG,cluster,0.8,3,1,23.60213137094255,11.042944785276074,163,52.63157894736842,1.2037955725550298,51,0.31198135671429683,0.7481842300337308
ACG,cluster,0.8,3,2,1.6484974246340507,0.0,163,68.42105263157895,0.31387160114110946,51,0.7127611215969564,0.7930441082995101
ACG,cluster,0.8,3,3,1.190784830092078,0.0,163,94.73684210526315,0.361053443549069,51,0.700071701436685,0.8151957006743313
ACG,cluster,0.8,3,4,29.077565483063662,0.0,163,15.789473684210526,1.1860926885576426,51,0.4809043210829962,0.8794265490911997
ACG,cluster,0.8,3,5,9.498385636436135,0.6134969325153374,163,10.526315789473683,0.3545039283927998,51,0.6862978678811102,0.8383625706882225
ACG,cluster,0.8,3,6,30.272796409936987,1.2269938650306749,163,10.526315789473683,1.2443363770832707,51,0.4741058438478861,0.8360400240798558
ACG,cluster,0.8,3,7,10.472404459293655,0.0,163,21.052631578947366,0.4291680941629778,51,0.6203558792309833,0.7645726267517305
ACG,cluster,0.8,3,8,2.052471878573093,2.4539877300613497,163,89.47368421052632,0.4346060219328894,51,0.6560215391931289,0.8081475195354523
ACG,cluster,0.8,3,9,16.555947925485263,10.429447852760736,163,68.42105263157895,1.0185545771721525,51,0.31351253650002675,0.722787968569712
ACG,cluster,0.8,0,0,13.283177604693991,0.0,163,100.0,0.3373758047924333,51,0.8092841790530914,0.862156996176184
ACG,cluster,0.8,0,1,2.061019907323454,0.0,163,100.0,0.5438204513166955,51,0.7744434380671091,0.8891080343833433
ACG,cluster,0.8,0,2,8.993534169517597,9.815950920245399,163,84.21052631578947,0.3777517313754556,51,0.706443591097472,0.7735590267648297
ACG,cluster,0.8,0,3,0.6059396087636882,0.0,163,100.0,0.3373178929619972,51,0.8381048109037806,0.7409678654447658
ACG,cluster,0.8,0,4,5.567301735730987,4.9079754601226995,163,89.47368421052632,0.28861163153986624,51,0.7633289882038784,0.8389040689697975
ACG,cluster,0.8,0,5,3.4095739631972974,0.0,163,100.0,0.27781386999741886,51,0.8681523929372833,0.8153892837917394
ACG,cluster,0.8,0,6,3.147990027251308,0.6134969325153374,163,100.0,0.3617954208353002,51,0.8189559592794219,0.8425444460782328
ACG,cluster,0.8,0,7,24.62422583642515,0.0,163,42.10526315789473,1.3034933008301126,51,0.5537364649851777,0.7623962372167784
ACG,cluster,0.8,0,8,31.305356539664437,0.0,163,10.526315789473683,1.5249591695048508,51,0.5947244646155613,0.7624997824987436
ACG,cluster,0.8,0,9,0.5508726095575112,0.0,163,100.0,0.32102322912960435,51,0.830297705452266,0.7353302523023606
ACG,cluster,1.0,1,0,16.540566227305813,1.8404907975460123,163,36.84210526315789,0.7656036422574616,64,0.39089183186759097,1.0
ACG,cluster,1.0,1,1,16.540566227305813,1.8404907975460123,163,42.10526315789473,0.7704554442017784,64,0.39089183186759097,1.0
ACG,cluster,1.0,1,2,16.540566227305813,1.8404907975460123,163,31.57894736842105,0.8534802660847783,64,0.39089183186759097,1.0
ACG,cluster,1.0,1,3,16.540566227305813,1.8404907975460123,163,31.57894736842105,0.7854905733402582,64,0.39089183186759097,1.0
ACG,cluster,1.0,1,4,16.540566227305813,1.8404907975460123,163,26.31578947368421,0.750578802969152,64,0.39089183186759097,1.0
ACG,cluster,1.0,1,5,16.540566227305813,1.8404907975460123,163,26.31578947368421,0.8229220451806978,64,0.39089183186759097,1.0
ACG,cluster,1.0,1,6,16.540566227305813,1.8404907975460123,163,31.57894736842105,0.922532238372864,64,0.39089183186759097,1.0
ACG,cluster,1.0,1,7,16.540566227305813,1.8404907975460123,163,42.10526315789473,0.8470268258210585,64,0.39089183186759097,1.0
ACG,cluster,1.0,1,8,16.540566227305813,1.8404907975460123,163,31.57894736842105,0.7554776768715703,64,0.39089183186759097,1.0
ACG,cluster,1.0,1,9,16.540566227305813,1.8404907975460123,163,36.84210526315789,0.7570600132569648,64,0.39089183186759097,1.0
ACG,cluster,1.0,2,0,7.529952729792816,0.0,163,36.84210526315789,0.529036753810954,64,0.6069963199361993,1.0
ACG,cluster,1.0,2,1,7.529952729792816,0.0,163,26.31578947368421,0.49699963576573325,64,0.6069963199361993,1.0
ACG,cluster,1.0,2,2,7.529952729792816,0.0,163,26.31578947368421,0.49738725321633975,64,0.6069963199361993,1.0
ACG,cluster,1.0,2,3,7.529952729792816,0.0,163,31.57894736842105,0.5106885375437181,64,0.6069963199361993,1.0
ACG,cluster,1.0,2,4,7.529952729792816,0.0,163,36.84210526315789,0.4881886779866405,64,0.6069963199361993,1.0
ACG,cluster,1.0,2,5,7.529952729792816,0.0,163,36.84210526315789,0.5213405738541261,64,0.6069963199361993,1.0
ACG,cluster,1.0,2,6,7.529952729792816,0.0,163,31.57894736842105,0.46227889483057055,64,0.6069963199361993,1.0
ACG,cluster,1.0,2,7,7.529952729792816,0.0,163,31.57894736842105,0.4613443157137693,64,0.6069963199361993,1.0
ACG,cluster,1.0,2,8,7.529952729792816,0.0,163,31.57894736842105,0.4790703986415506,64,0.6069963199361993,1.0
ACG,cluster,1.0,2,9,7.529952729792816,0.0,163,36.84210526315789,0.5263471564780929,64,0.6069963199361993,1.0
ACG,cluster,1.0,3,0,3.967109127884564,0.0,163,36.84210526315789,0.266257305181227,64,0.7622556908109065,1.0
ACG,cluster,1.0,3,1,3.967109127884564,0.0,163,36.84210526315789,0.30254900505940446,64,0.7622556908109065,1.0
ACG,cluster,1.0,3,2,3.967109127884564,0.0,163,26.31578947368421,0.269865983391862,64,0.7622556908109065,1.0
ACG,cluster,1.0,3,3,3.967109127884564,0.0,163,68.42105263157895,0.28510451205947324,64,0.7622556908109065,1.0
ACG,cluster,1.0,3,4,3.967109127884564,0.0,163,26.31578947368421,0.298951011302242,64,0.7622556908109065,1.0
ACG,cluster,1.0,3,5,3.967109127884564,0.0,163,26.31578947368421,0.29524201274227313,64,0.7622556908109065,1.0
ACG,cluster,1.0,3,6,3.967109127884564,0.0,163,42.10526315789473,0.3036802521741664,64,0.7622556908109065,1.0
ACG,cluster,1.0,3,7,3.967109127884564,0.0,163,36.84210526315789,0.2817780650505475,64,0.7622556908109065,1.0
ACG,cluster,1.0,3,8,3.967109127884564,0.0,163,26.31578947368421,0.27333444253742084,64,0.7622556908109065,1.0
ACG,cluster,1.0,3,9,3.967109127884564,0.0,163,26.31578947368421,0.2619177917791063,64,0.7622556908109065,1.0
ACG,cluster,1.0,0,0,9.150661611689785e-08,0.0,163,0.0,5.61116583493149e-10,64,0.9999999921584058,1.0
ACG,cluster,1.0,0,1,9.150661611689785e-08,0.0,163,100.0,4.942834219603139e-10,64,0.9999999921584058,1.0
ACG,cluster,1.0,0,2,9.150661611689785e-08,0.0,163,100.0,2.9869096870563337e-10,64,0.9999999921584058,1.0
ACG,cluster,1.0,0,3,9.150661611689785e-08,0.0,163,0.0,4.886175269847408e-10,64,0.9999999921584058,1.0
ACG,cluster,1.0,0,4,9.150661611689785e-08,0.0,163,100.0,2.9368053278109066e-10,64,0.9999999921584058,1.0
ACG,cluster,1.0,0,5,9.150661611689785e-08,0.0,163,100.0,5.339506790310015e-10,64,0.9999999921584058,1.0
ACG,cluster,1.0,0,6,9.150661611689785e-08,0.0,163,100.0,5.106685154110702e-10,64,0.9999999921584058,1.0
ACG,cluster,1.0,0,7,9.150661611689785e-08,0.0,163,0.0,2.9859063706936455e-10,64,0.9999999921584058,1.0
ACG,cluster,1.0,0,8,9.150661611689785e-08,0.0,163,100.0,5.065509234962643e-10,64,0.9999999921584058,1.0
ACG,cluster,1.0,0,9,9.150661611689785e-08,0.0,163,0.0,5.05935259075852e-10,64,0.9999999921584058,1.0
O3PR,random,0.0,1,0,18.420342774164503,7.2727272727272725,165,52.63157894736842,1.1271036580779399,0,0.2413277277320099,0.0
O3PR,random,0.0,1,1,18.420342774164503,7.2727272727272725,165,52.63157894736842,1.2189823178224688,0,0.2413277277320099,0.0
O3PR,random,0.0,1,2,18.420342774164503,7.2727272727272725,165,52.63157894736842,1.1724049057020172,0,0.2413277277320099,0.0
O3PR,random,0.0,1,3,18.420342774164503,7.2727272727272725,165,52.63157894736842,1.1013160106572062,0,0.2413277277320099,0.0
O3PR,random,0.0,1,4,18.420342774164503,7.2727272727272725,165,52.63157894736842,1.22611156589232,0,0.2413277277320099,0.0
O3PR,random,0.0,1,5,18.420342774164503,7.2727272727272725,165,52.63157894736842,1.1403737440016235,0,0.2413277277320099,0.0
O3PR,random,0.0,1,6,18.420342774164503,7.2727272727272725,165,52.63157894736842,1.123117679605924,0,0.2413277277320099,0.0
O3PR,random,0.0,1,7,18.420342774164503,7.2727272727272725,165,52.63157894736842,1.1788821491925892,0,0.2413277277320099,0.0
O3PR,random,0.0,1,8,18.420342774164503,7.2727272727272725,165,52.63157894736842,1.2562686145799868,0,0.2413277277320099,0.0
O3PR,random,0.0,1,9,18.420342774164503,7.2727272727272725,165,52.63157894736842,1.2970424218701615,0,0.2413277277320099,0.0
O3PR,random,0.0,2,0,18.420342774164503,7.2727272727272725,165,52.63157894736842,1.033993454071279,0,0.2413277277320099,0.0
O3PR,random,0.0,2,1,18.420342774164503,7.2727272727272725,165,52.63157894736842,1.2343730218995619,0,0.2413277277320099,0.0
O3PR,random,0.0,2,2,18.420342774164503,7.2727272727272725,165,52.63157894736842,1.182286446284764,0,0.2413277277320099,0.0
O3PR,random,0.0,2,3,18.420342774164503,7.2727272727272725,165,52.63157894736842,1.214025100951245,0,0.2413277277320099,0.0
O3PR,random,0.0,2,4,18.420342774164503,7.2727272727272725,165,52.63157894736842,1.103861235022199,0,0.2413277277320099,0.0
O3PR,random,0.0,2,5,18.420342774164503,7.2727272727272725,165,52.63157894736842,1.203772348806424,0,0.2413277277320099,0.0
O3PR,random,0.0,2,6,18.420342774164503,7.2727272727272725,165,52.63157894736842,1.1692109425014718,0,0.2413277277320099,0.0
O3PR,random,0.0,2,7,18.420342774164503,7.2727272727272725,165,52.63157894736842,1.1736507981169921,0,0.2413277277320099,0.0
O3PR,random,0.0,2,8,18.420342774164503,7.2727272727272725,165,52.63157894736842,1.2532254955551083,0,0.2413277277320099,0.0
O3PR,random,0.0,2,9,18.420342774164503,7.2727272727272725,165,52.63157894736842,1.2160115700348173,0,0.2413277277320099,0.0
O3PR,random,0.0,3,0,18.420342774164503,7.2727272727272725,165,52.63157894736842,1.352867026750665,0,0.2413277277320099,0.0
O3PR,random,0.0,3,1,18.420342774164503,7.2727272727272725,165,52.63157894736842,1.212614431231419,0,0.2413277277320099,0.0
O3PR,random,0.0,3,2,18.420342774164503,7.2727272727272725,165,52.63157894736842,1.3051985307825358,0,0.2413277277320099,0.0
O3PR,random,0.0,3,3,18.420342774164503,7.2727272727272725,165,52.63157894736842,1.1227300583133533,0,0.2413277277320099,0.0
O3PR,random,0.0,3,4,18.420342774164503,7.2727272727272725,165,52.63157894736842,1.1219385180256856,0,0.2413277277320099,0.0
O3PR,random,0.0,3,5,18.420342774164503,7.2727272727272725,165,52.63157894736842,1.1496423361170824,0,0.2413277277320099,0.0
O3PR,random,0.0,3,6,18.420342774164503,7.2727272727272725,165,52.63157894736842,1.036465126545885,0,0.2413277277320099,0.0
O3PR,random,0.0,3,7,18.420342774164503,7.2727272727272725,165,52.63157894736842,1.2359307897138885,0,0.2413277277320099,0.0
O3PR,random,0.0,3,8,18.420342774164503,7.2727272727272725,165,52.63157894736842,1.2397353652971708,0,0.2413277277320099,0.0
O3PR,random,0.0,3,9,18.420342774164503,7.2727272727272725,165,52.63157894736842,1.0476077503433645,0,0.2413277277320099,0.0
O3PR,random,0.0,0,0,18.420342774164503,7.2727272727272725,165,52.63157894736842,1.260807714048931,0,0.2413277277320099,0.0
O3PR,random,0.0,0,1,18.420342774164503,7.2727272727272725,165,52.63157894736842,1.1428828197076342,0,0.2413277277320099,0.0
O3PR,random,0.0,0,2,18.420342774164503,7.2727272727272725,165,52.63157894736842,1.1885559375880514,0,0.2413277277320099,0.0
O3PR,random,0.0,0,3,18.420342774164503,7.2727272727272725,165,52.63157894736842,1.0991752985796313,0,0.2413277277320099,0.0
O3PR,random,0.0,0,4,18.420342774164503,7.2727272727272725,165,57.89473684210527,1.1846942594554115,0,0.2413277277320099,0.0
O3PR,random,0.0,0,5,18.420342774164503,7.2727272727272725,165,52.63157894736842,1.157090334619193,0,0.2413277277320099,0.0
O3PR,random,0.0,0,6,18.420342774164503,7.2727272727272725,165,52.63157894736842,1.1017623167562243,0,0.2413277277320099,0.0
O3PR,random,0.0,0,7,18.420342774164503,7.2727272727272725,165,57.89473684210527,1.149196104081139,0,0.2413277277320099,0.0
O3PR,random,0.0,0,8,18.420342774164503,7.2727272727272725,165,52.63157894736842,1.1344850239216566,0,0.2413277277320099,0.0
O3PR,random,0.0,0,9,18.420342774164503,7.2727272727272725,165,52.63157894736842,1.079984673972227,0,0.2413277277320099,0.0
O3PR,random,0.05,1,0,18.795241316380192,7.878787878787879,165,57.89473684210527,1.0125892716391611,3,0.26889194690230195,0.05846228886224429
O3PR,random,0.05,1,1,19.428894137714103,6.666666666666667,165,52.63157894736842,1.0951061119847614,3,0.2516832896698733,0.05504677494290494
O3PR,random,0.05,1,2,18.453470984568106,6.666666666666667,165,57.89473684210527,1.188858794833307,3,0.2560253791358393,0.0714511096593289
O3PR,random,0.05,1,3,16.27923058464428,7.2727272727272725,165,57.89473684210527,1.1554492046129252,3,0.24360436239286243,0.06817891202730741
O3PR,random,0.05,1,4,16.603939252947857,7.2727272727272725,165,63.1578947368421,1.1095578253261622,3,0.257000552403656,0.058250692007094144
O3PR,random,0.05,1,5,21.022640321956562,6.666666666666667,165,42.10526315789473,1.2180614258293154,3,0.2666840080543653,0.09142826882494112
O3PR,random,0.05,1,6,14.716147664122117,4.848484848484849,165,52.63157894736842,1.0188529639954405,3,0.27478269203491285,0.054727106517081285
O3PR,random,0.05,1,7,18.214874930361198,6.666666666666667,165,52.63157894736842,1.1819869187481373,3,0.2585097954647648,0.04764861375632018
O3PR,random,0.05,1,8,17.916890120101037,7.2727272727272725,165,52.63157894736842,1.224524809385091,3,0.24227496296724402,0.050472708234868775
O3PR,random,0.05,1,9,16.11756445202525,7.2727272727272725,165,57.89473684210527,1.1378244858130118,3,0.24334901930081693,0.012524508822056205
O3PR,random,0.05,2,0,13.855062077151825,3.6363636363636362,165,63.1578947368421,1.1134335097283963,3,0.27167887982109334,0.07915113407923352
O3PR,random,0.05,2,1,19.592297084549433,6.666666666666667,165,47.368421052631575,1.144837732047855,3,0.2550745274138695,0.05509050602235965
O3PR,random,0.05,2,2,17.860601628675017,7.2727272727272725,165,52.63157894736842,1.3219340937322697,3,0.2434198599179901,0.04721022424010163
O3PR,random,0.05,2,3,18.101878416221606,6.666666666666667,165,52.63157894736842,1.047465150747191,3,0.2442116736600993,0.02760689127033033
O3PR,random,0.05,2,4,17.648949961019976,6.666666666666667,165,57.89473684210527,1.0999328386079834,3,0.245992086926393,0.08573439303400289
O3PR,random,0.05,2,5,18.509665891260667,7.2727272727272725,165,52.63157894736842,1.1859359193545835,3,0.24140314072541694,0.011351542414924302
O3PR,random,0.05,2,6,19.160315792961534,7.878787878787879,165,52.63157894736842,1.1397578868729246,3,0.2682668104131517,0.09048837429030196
O3PR,random,0.05,2,7,18.33577742970663,6.666666666666667,165,52.63157894736842,1.164065276021694,3,0.24512908524859398,0.0440165510322934
O3PR,random,0.05,2,8,17.10597502508841,6.0606060606060606,165,52.63157894736842,1.1280840810339874,3,0.26019005039643883,0.06626660532747465
O3PR,random,0.05,2,9,21.40753255541126,7.2727272727272725,165,52.63157894736842,1.1942512473678775,3,0.26060068801927977,0.04386844163263351
O3PR,random,0.05,3,0,14.373905886543112,7.2727272727272725,165,57.89473684210527,1.119198040871156,3,0.24766206473383837,0.035630089390133964
O3PR,random,0.05,3,1,16.33091594910549,6.0606060606060606,165,57.89473684210527,1.043258380028794,3,0.24612631206011515,0.025363529003301116
O3PR,random,0.05,3,2,18.458293136196094,7.2727272727272725,165,52.63157894736842,1.191270330427993,3,0.24140818519010324,0.008004641021728194
O3PR,random,0.05,3,3,18.027064046616907,7.2727272727272725,165,52.63157894736842,1.1361373423092267,3,0.2421530191915658,0.02322420109967295
O3PR,random,0.05,3,4,18.09680696234733,7.2727272727272725,165,52.63157894736842,1.1681413924493615,3,0.2535682171908474,0.07151936223067712
O3PR,random,0.05,3,5,13.19187063099044,7.878787878787879,165,63.1578947368421,1.0525190035955638,3,0.2738975029733954,0.05741256412064735
O3PR,random,0.05,3,6,13.567742151057557,7.2727272727272725,165,89.47368421052632,1.1458682667028255,3,0.28460497904919085,0.05146230109956464
O3PR,random,0.05,3,7,18.27899876453789,5.454545454545454,165,52.63157894736842,1.1102288875778834,3,0.24964931692925746,0.04953903291918811
O3PR,random,0.05,3,8,21.16482714959718,7.2727272727272725,165,52.63157894736842,1.1481051684473182,3,0.26366494545397545,0.08789813844258379
O3PR,random,0.05,3,9,14.2483266584967,7.2727272727272725,165,57.89473684210527,1.0575952312410857,3,0.24653755741618966,0.03141398229911674
O3PR,random,0.05,0,0,19.06470511976782,6.666666666666667,165,52.63157894736842,1.1412511933240699,3,0.2601881375653868,0.07412633597636399
O3PR,random,0.05,0,1,18.623774432953592,7.2727272727272725,165,52.63157894736842,1.1414678283297375,3,0.24149587335853565,0.030918843909713535
O3PR,random,0.05,0,2,21.696700344461867,7.2727272727272725,165,52.63157894736842,1.2432071919097576,3,0.2638984531831447,0.022428554735321002
O3PR,random,0.05,0,3,14.221361012281086,7.2727272727272725,165,57.89473684210527,1.0687728139226997,3,0.2441019511152449,0.016157609130063564
O3PR,random,0.05,0,4,14.553087544253179,7.2727272727272725,165,57.89473684210527,1.0788261785128908,3,0.25097617280185947,0.023541058449954497
O3PR,random,0.05,0,5,18.418794940379456,7.2727272727272725,165,52.63157894736842,1.1580223130462468,3,0.2414901766949965,0.04180954877041632
O3PR,random,0.05,0,6,18.23022220051776,5.454545454545454,165,52.63157894736842,1.1161708379800264,3,0.24841321098342037,0.029510833306354876
O3PR,random,0.05,0,7,18.410430233692367,7.2727272727272725,165,52.63157894736842,1.2045058260994919,3,0.24145920264870324,0.04696462651209882
O3PR,random,0.05,0,8,17.60590759791641,7.2727272727272725,165,52.63157894736842,1.2462641864659962,3,0.24636318388363865,0.05362319772305346
O3PR,random,0.05,0,9,21.353768206404194,7.878787878787879,165,57.89473684210527,1.1180311462429615,3,0.2510080714498298,0.023388947838501643
O3PR,random,0.1,1,0,18.394464595595288,6.0606060606060606,165,52.63157894736842,1.1403017685743273,6,0.25129658140515554,0.0643249148892316
O3PR,random,0.1,1,1,17.79108924770747,6.666666666666667,165,63.1578947368421,1.173187601395267,6,0.25213005870683985,0.07923910303164025
O3PR,random,0.1,1,2,18.60932127631107,6.0606060606060606,165,52.63157894736842,1.1458570651468287,6,0.2504893863709771,0.10677917983573182
O3PR,random,0.1,1,3,16.595746988078716,7.2727272727272725,165,57.89473684210527,1.1067073506147798,6,0.24958048915594036,0.04845362123077024
O3PR,random,0.1,1,4,17.396844701378555,6.666666666666667,165,57.89473684210527,1.1518235289831231,6,0.24600884475650106,0.14199785403635812
O3PR,random,0.1,1,5,15.386340628140161,7.878787878787879,165,68.42105263157895,1.144512378958515,6,0.2840036862459592,0.07888574340835901
O3PR,random,0.1,1,6,13.708646622145743,7.878787878787879,165,73.68421052631578,0.9641680896433014,6,0.28615640811296056,0.07624828377696075
O3PR,random,0.1,1,7,16.506553105307862,6.0606060606060606,165,52.63157894736842,1.126519751336834,6,0.2560938497870081,0.0575356298082827
O3PR,random,0.1,1,8,14.782635717745677,6.666666666666667,165,52.63157894736842,1.0401973344405042,6,0.25881717937105153,0.1336526752096904
O3PR,random,0.1,1,9,12.990847467659538,6.666666666666667,165,78.94736842105263,1.0761128122431498,6,0.2751976337169166,0.07479321051254453
O3PR,random,0.1,2,0,20.62990094907628,6.666666666666667,165,47.368421052631575,1.1172982702766932,6,0.2519621159532044,0.07845158821751497
O3PR,random,0.1,2,1,22.14165417846622,7.2727272727272725,165,52.63157894736842,1.0745352792571525,6,0.27469234681680255,0.19369072789369557
O3PR,random,0.1,2,2,16.692407254603918,5.454545454545454,165,57.89473684210527,1.1273974272480358,6,0.2988606389172985,0.17880285987444194
O3PR,random,0.1,2,3,14.017557456070632,8.484848484848484,165,73.68421052631578,1.0794747408805643,6,0.28597245229641854,0.09881093138649451
O3PR,random,0.1,2,4,22.12235677987889,6.0606060606060606,165,52.63157894736842,1.107778504507236,6,0.27290265484069015,0.10058960858249334
O3PR,random,0.1,2,5,15.030900373900222,7.2727272727272725,165,57.89473684210527,1.1334949111419275,6,0.24569039336139495,0.08316288454869215
O3PR,random,0.1,2,6,22.479452349008643,7.2727272727272725,165,52.63157894736842,1.2499714777328927,6,0.25844966811589426,0.1648112027329886
O3PR,random,0.1,2,7,14.659914193005852,4.848484848484849,165,47.368421052631575,1.072669879198816,6,0.2757259692653075,0.05338534759349614
O3PR,random,0.1,2,8,15.236162959560279,6.0606060606060606,165,57.89473684210527,1.0350681788329437,6,0.26331376820040037,0.11744218357802637
O3PR,random,0.1,2,9,13.808306692806172,6.666666666666667,165,78.94736842105263,1.0113213024444958,6,0.26436942415886794,0.05616488766741601
O3PR,random,0.1,3,0,16.11089356001584,6.666666666666667,165,73.68421052631578,1.0451221630801673,6,0.2947660592201564,0.10277233503590842
O3PR,random,0.1,3,1,19.162556187312884,6.666666666666667,165,52.63157894736842,1.204726476730855,6,0.26846525244094877,0.14061005632313217
O3PR,random,0.1,3,2,20.94331245081004,5.454545454545454,165,52.63157894736842,1.1243323808124264,6,0.2557109019302732,0.14260127654117094
O3PR,random,0.1,3,3,16.066566886912064,7.878787878787879,165,47.368421052631575,1.1558437979925666,6,0.26981576311390504,0.08301036370304432
O3PR,random,0.1,3,4,18.528857834836916,4.242424242424242,165,52.63157894736842,1.1103394519863137,6,0.3191343565786581,0.07816427744233682
O3PR,random,0.1,3,5,21.371528230604593,7.2727272727272725,165,52.63157894736842,1.1486029908365625,6,0.28287543916344793,0.12319263397831993
O3PR,random,0.1,3,6,17.307430886663155,6.0606060606060606,165,52.63157894736842,1.0626147666640389,6,0.2557410566412979,0.12456108897784617
O3PR,random,0.1,3,7,20.46797107689483,5.454545454545454,165,36.84210526315789,1.2520055473570573,6,0.26105742648788477,0.1369198888961928
O3PR,random,0.1,3,8,20.38233218379468,4.848484848484849,165,42.10526315789473,1.1555338931439927,6,0.3078614523596521,0.18635275114883906
O3PR,random,0.1,3,9,14.344337438111696,7.2727272727272725,165,63.1578947368421,1.169428593722945,6,0.2588328537693922,0.08691699480250531
O3PR,random,0.1,0,0,21.439651930548223,6.0606060606060606,165,52.63157894736842,1.2184710244059462,6,0.2793081142713797,0.16650111107703636
O3PR,random,0.1,0,1,11.509631460133571,7.878787878787879,165,84.21052631578947,1.0964549358093512,6,0.26285087573996635,0.07957283826231076
O3PR,random,0.1,0,2,14.862034452849398,7.2727272727272725,165,57.89473684210527,0.994749960358796,6,0.3244076409209809,0.1795682946043549
O3PR,random,0.1,0,3,14.361707339726548,6.666666666666667,165,68.42105263157895,1.1064263036741608,6,0.261669744010881,0.14379671612600559
O3PR,random,0.1,0,4,21.45247081299534,5.454545454545454,165,36.84210526315789,1.1312499459404008,6,0.2790476920523176,0.1051670314404755
O3PR,random,0.1,0,5,15.522889351404833,3.0303030303030303,165,52.63157894736842,1.1532496948547133,6,0.26164924423377034,0.19073671487384267
O3PR,random,0.1,0,6,10.204649646894612,7.2727272727272725,165,73.68421052631578,1.105301598175869,6,0.2839564134532353,0.09880287696943821
O3PR,random,0.1,0,7,16.439627646510107,7.2727272727272725,165,47.368421052631575,1.1469763541531064,6,0.2662372565420836,0.07475848230246318
O3PR,random,0.1,0,8,14.124507714817309,7.2727272727272725,165,63.1578947368421,1.1474117321996176,6,0.3010158599183429,0.15958934994868798
O3PR,random,0.1,0,9,16.658786487656855,6.666666666666667,165,52.63157894736842,1.1290493403509505,6,0.24993127919333488,0.0634707438747062
O3PR,random,0.2,1,0,11.21444872747421,7.2727272727272725,165,84.21052631578947,0.9551069868911276,13,0.29456913144538177,0.25570670646531024
O3PR,random,0.2,1,1,16.05891355966542,6.666666666666667,165,68.42105263157895,1.0187367821472066,13,0.3041340462639145,0.21319229592934533
O3PR,random,0.2,1,2,16.504148098018423,6.666666666666667,165,63.1578947368421,1.0029138144778171,13,0.2962623871127915,0.26436926314832027
O3PR,random,0.2,1,3,18.721709574022128,6.0606060606060606,165,52.63157894736842,1.1020810848675102,13,0.30028783274314924,0.19276524526342143
O3PR,random,0.2,1,4,16.906598482991463,6.0606060606060606,165,57.89473684210527,1.0183681216879295,13,0.292021441205444,0.3455963342349937
O3PR,random,0.2,1,5,13.501072857336267,3.0303030303030303,165,47.368421052631575,1.0604299353109155,13,0.30966442851490456,0.2188469275059167
O3PR,random,0.2,1,6,14.385126931283757,6.0606060606060606,165,73.68421052631578,1.0043496603035464,13,0.3251310784700305,0.19975727345427652
O3PR,random,0.2,1,7,14.644337969958828,6.666666666666667,165,57.89473684210527,1.0323711354471516,13,0.2897819422287474,0.19267398758117335
O3PR,random,0.2,1,8,13.988300778284337,6.666666666666667,165,63.1578947368421,0.9849109644433489,13,0.3358959458047382,0.22019161349047808
O3PR,random,0.2,1,9,14.990811357898586,7.878787878787879,165,42.10526315789473,1.0757252647821076,13,0.2834265302051165,0.18601926617245507
O3PR,random,0.2,2,0,18.692314098843536,6.0606060606060606,165,52.63157894736842,0.9369988739512369,13,0.30637659516737475,0.16455411787617036
O3PR,random,0.2,2,1,15.633146543812204,4.848484848484849,165,52.63157894736842,1.0653751594973369,13,0.3019600804182425,0.1498898160660367
O3PR,random,0.2,2,2,22.184470886413628,7.2727272727272725,165,47.368421052631575,1.0606962690405233,13,0.31179155214429854,0.23707524344311273
O3PR,random,0.2,2,3,10.900731352773967,3.6363636363636362,165,78.94736842105263,0.9727396659818279,13,0.27923726356210204,0.17768967053162785
O3PR,random,0.2,2,4,12.144481309972642,3.0303030303030303,165,63.1578947368421,0.8614925302124723,13,0.3961332744032303,0.2387834717721569
O3PR,random,0.2,2,5,16.558570899622122,6.0606060606060606,165,63.1578947368421,1.0589156321927489,13,0.29942131603445465,0.27117660539012944
O3PR,random,0.2,2,6,16.443441095811128,3.0303030303030303,165,57.89473684210527,1.0400611136908646,13,0.26836830231809244,0.16577862923859313
O3PR,random,0.2,2,7,21.71330306321285,6.0606060606060606,165,52.63157894736842,1.1190167931340131,13,0.2507946816115525,0.17621365932527747
O3PR,random,0.2,2,8,19.3027749430639,5.454545454545454,165,52.63157894736842,1.0354714457484244,13,0.32299667257247716,0.2563559849255821
O3PR,random,0.2,2,9,16.394743663320853,6.666666666666667,165,57.89473684210527,1.0295825726001258,13,0.3055829632189016,0.2868017562461841
O3PR,random,0.2,3,0,16.434405136167506,7.2727272727272725,165,78.94736842105263,1.0977335640540886,13,0.2770739261489663,0.16626432824201437
O3PR,random,0.2,3,1,27.23048871595833,6.0606060606060606,165,31.57894736842105,1.193461909733902,13,0.36224093160656257,0.3067608982459132
O3PR,random,0.2,3,2,11.340572595439264,7.878787878787879,165,89.47368421052632,0.857940849149715,13,0.3388993129626251,0.29656390512246567
O3PR,random,0.2,3,3,13.039166628664953,9.090909090909092,165,78.94736842105263,1.1095564240269822,13,0.3267213425157544,0.24463820736149428
O3PR,random,0.2,3,4,22.064530914646756,6.0606060606060606,165,47.368421052631575,1.1701299130206781,13,0.3005887216663049,0.18244386604673346
O3PR,random,0.2,3,5,12.636736435909127,6.0606060606060606,165,52.63157894736842,1.0450764967056625,13,0.3380102474887147,0.2911732318252275
O3PR,random,0.2,3,6,15.806078842357522,5.454545454545454,165,63.1578947368421,1.0495620922963806,13,0.2902237920896855,0.2228051778370548
O3PR,random,0.2,3,7,12.30491584614567,8.484848484848484,165,68.42105263157895,1.132797139861523,13,0.26842440471959167,0.2108517258701706
O3PR,random,0.2,3,8,14.39283512404298,3.6363636363636362,165,78.94736842105263,1.0249672410998925,13,0.290938099156261,0.18027974468536664
O3PR,random,0.2,3,9,10.21913588976207,7.2727272727272725,165,94.73684210526315,0.934546055214557,13,0.341245571328201,0.3198696771209027
O3PR,random,0.2,0,0,13.887628762175924,4.848484848484849,165,47.368421052631575,1.1031873418928213,13,0.3164192782877524,0.25892469147705993
O3PR,random,0.2,0,1,12.056625111615368,4.848484848484849,165,89.47368421052632,1.0305436424529926,13,0.32313684137599336,0.1961978987445722
O3PR,random,0.2,0,2,11.73863160873165,6.666666666666667,165,73.68421052631578,1.0496911893186622,13,0.35328920356792876,0.27178254872122104
O3PR,random,0.2,0,3,13.679876935991306,3.0303030303030303,165,52.63157894736842,0.98464598674026,13,0.3297102737648232,0.13854397807757854
O3PR,random,0.2,0,4,21.78327375360495,7.2727272727272725,165,42.10526315789473,1.0791625772638502,13,0.29605727676510224,0.16666869688789163
O3PR,random,0.2,0,5,18.87091855623152,4.242424242424242,165,52.63157894736842,1.1449259458534948,13,0.31433538973723013,0.1972327299280073
O3PR,random,0.2,0,6,11.431830750096099,7.878787878787879,165,78.94736842105263,0.9231757804708995,13,0.3506859840556508,0.23906779092303856
O3PR,random,0.2,0,7,16.77094178424326,7.2727272727272725,165,57.89473684210527,1.0214496038980259,13,0.2970917251614013,0.1420165928259021
O3PR,random,0.2,0,8,21.65034236784558,6.0606060606060606,165,47.368421052631575,1.0381013895602378,13,0.27903441908649235,0.14221387090784887
O3PR,random,0.2,0,9,13.428636937740759,6.0606060606060606,165,68.42105263157895,0.8969729562229894,13,0.37357971394315626,0.2417490627665596
O3PR,random,0.4,1,0,9.71683413043109,2.4242424242424243,165,57.89473684210527,0.7847435299428132,26,0.4077773459585438,0.45541025752346437
O3PR,random,0.4,1,1,18.514308633212146,5.454545454545454,165,52.63157894736842,0.976985676003048,26,0.3342181055784725,0.3336769865565468
O3PR,random,0.4,1,2,14.96703676110838,6.666666666666667,165,68.42105263157895,1.0624154340913405,26,0.34003482038803456,0.3322870805366643
O3PR,random,0.4,1,3,12.986690832224845,4.848484848484849,165,52.63157894736842,0.9079851014816258,26,0.3565816225200013,0.38950870406518445
O3PR,random,0.4,1,4,16.792175936237022,6.0606060606060606,165,63.1578947368421,0.9737837171385149,26,0.3267222402234386,0.42498762958211206
O3PR,random,0.4,1,5,18.49282794336072,6.0606060606060606,165,52.63157894736842,1.152553218684451,26,0.29511876295281614,0.32042237628152886
O3PR,random,0.4,1,6,8.884001256112258,3.6363636363636362,165,73.68421052631578,0.945716121478313,26,0.3824161864913096,0.3994695765561611
O3PR,random,0.4,1,7,19.343876779451893,5.454545454545454,165,52.63157894736842,0.9987758025840517,26,0.3431668433054696,0.4234208252066062
O3PR,random,0.4,1,8,8.264548619072823,4.848484848484849,165,89.47368421052632,0.9165257998865404,26,0.3336674755369182,0.3510795673366677
O3PR,random,0.4,1,9,12.227344823128055,6.0606060606060606,165,52.63157894736842,0.8599760482324752,26,0.3357800286022751,0.47478619276529754
O3PR,random,0.4,2,0,8.025019554082062,3.0303030303030303,165,78.94736842105263,0.8321417345746122,26,0.4153435339392009,0.4279809256685954
O3PR,random,0.4,2,1,16.83506246883553,5.454545454545454,165,47.368421052631575,0.8107105859497148,26,0.4204078212992387,0.4656564267568374
O3PR,random,0.4,2,2,12.067717301491427,1.8181818181818181,165,47.368421052631575,0.9338978375674565,26,0.4278845187748463,0.43462024329751386
O3PR,random,0.4,2,3,16.31911841238093,5.454545454545454,165,52.63157894736842,0.9747274184660755,26,0.36154690750972174,0.4163229760195818
O3PR,random,0.4,2,4,6.805478907437086,3.6363636363636362,165,52.63157894736842,0.8142731703670562,26,0.4959623485510692,0.4716142196894181
O3PR,random,0.4,2,5,18.576923748547063,3.0303030303030303,165,36.84210526315789,0.8254200705510845,26,0.4347341257395582,0.49574073204363145
O3PR,random,0.4,2,6,16.429033540111273,3.6363636363636362,165,63.1578947368421,1.0395831650050977,26,0.3739843817490852,0.49494980108709447
O3PR,random,0.4,2,7,13.457846325845107,7.878787878787879,165,78.94736842105263,0.8531340932269273,26,0.3913000820727842,0.3573866415475661
O3PR,random,0.4,2,8,10.124272227856908,3.0303030303030303,165,100.0,0.8167234969077891,26,0.4199179922709629,0.349599308663736
O3PR,random,0.4,2,9,16.76177001686004,4.242424242424242,165,57.89473684210527,0.8819222218541195,26,0.3782532336456802,0.329171137567093
O3PR,random,0.4,3,0,10.259985530812992,6.0606060606060606,165,84.21052631578947,0.9498315170974052,26,0.4055106129488586,0.4272524777222633
O3PR,random,0.4,3,1,11.22179772034717,3.0303030303030303,165,68.42105263157895,1.0456377083154667,26,0.3452270464405343,0.4330799201677856
O3PR,random,0.4,3,2,18.35125624804493,6.0606060606060606,165,47.368421052631575,0.9374596020229758,26,0.3604526833497041,0.33255421613125963
O3PR,random,0.4,3,3,11.335006534237197,7.2727272727272725,165,73.68421052631578,0.8852236514471719,26,0.37223361411197203,0.36704845045362866
O3PR,random,0.4,3,4,12.937708561726561,4.242424242424242,165,52.63157894736842,0.967641224058714,26,0.3653216654927028,0.2929467559540901
O3PR,random,0.4,3,5,8.759932940956844,7.2727272727272725,165,78.94736842105263,0.7982833183210964,26,0.4055606858533089,0.4703578934653263
O3PR,random,0.4,3,6,12.138181181870502,7.878787878787879,165,52.63157894736842,0.8556051833987486,26,0.4144889789756793,0.4434147628365211
O3PR,random,0.4,3,7,7.878451487998557,5.454545454545454,165,100.0,0.8976140723946077,26,0.3444225470979665,0.43224229393262453
O3PR,random,0.4,3,8,22.167954451810886,4.242424242424242,165,31.57894736842105,1.0199610884451866,26,0.37449349261342124,0.42338260772044045
O3PR,random,0.4,3,9,20.475890322520886,4.848484848484849,165,42.10526315789473,1.0296696197035047,26,0.3831193549385625,0.4501928361826403
O3PR,random,0.4,0,0,12.078549982337613,4.848484848484849,165,57.89473684210527,0.957925828514968,26,0.3717933662488944,0.271290949887303
O3PR,random,0.4,0,1,8.45790943740019,7.878787878787879,165,78.94736842105263,0.7649639526360613,26,0.43375934876554617,0.37964849607509926
O3PR,random,0.4,0,2,17.34295077720878,4.242424242424242,165,47.368421052631575,1.1559622473114364,26,0.32722181055478267,0.3985965456244468
O3PR,random,0.4,0,3,19.586590019497745,5.454545454545454,165,47.368421052631575,1.1254337006857225,26,0.2942795765341161,0.32194589752132485
O3PR,random,0.4,0,4,11.75401546900141,5.454545454545454,165,94.73684210526315,0.9672556806683391,26,0.4464057283305797,0.43174161566751895
O3PR,random,0.4,0,5,7.951339551998772,8.484848484848484,165,73.68421052631578,0.8848725219567275,26,0.3521185532984171,0.39377385585405916
O3PR,random,0.4,0,6,6.659646313195315,1.2121212121212122,165,84.21052631578947,0.862202733962711,26,0.47339274128377573,0.43493696752165695
O3PR,random,0.4,0,7,8.084862719756895,4.848484848484849,165,73.68421052631578,0.7600778539662125,26,0.4415733858383404,0.4220482638656326
O3PR,random,0.4,0,8,20.829598483138632,3.0303030303030303,165,36.84210526315789,0.8463890872825259,26,0.48849185661995004,0.4572857248497751
O3PR,random,0.4,0,9,15.293085566042999,2.4242424242424243,165,57.89473684210527,0.8406567065345224,26,0.499724472560784,0.41419958554302094
O3PR,random,0.6,1,0,11.854170369311683,1.8181818181818181,165,47.368421052631575,0.5609701290677024,38,0.47814488065467886,0.561722269742794
O3PR,random,0.6,1,1,13.816106879854143,3.0303030303030303,165,47.368421052631575,0.8235033622002483,38,0.39558037031007426,0.506724329238438
O3PR,random,0.6,1,2,12.949652820522498,6.0606060606060606,165,68.42105263157895,0.7436722915342144,38,0.4046480277511476,0.6270214045701895
O3PR,random,0.6,1,3,11.109891938648598,4.848484848484849,165,78.94736842105263,0.7753399166747516,38,0.41763373926795305,0.6815048788267203
O3PR,random,0.6,1,4,10.961750609003003,2.4242424242424243,165,84.21052631578947,0.9340869035658383,38,0.37070826403610413,0.6179281871146314
O3PR,random,0.6,1,5,9.873536642997063,7.2727272727272725,165,57.89473684210527,0.7926398667455723,38,0.3853703362973144,0.6825304848829798
O3PR,random,0.6,1,6,12.557134282010749,4.848484848484849,165,57.89473684210527,1.0984366458681087,38,0.3370667702056953,0.6172583860888317
O3PR,random,0.6,1,7,11.933418719746305,1.8181818181818181,165,52.63157894736842,0.7114934962471063,38,0.4287859332659468,0.5532514746916579
O3PR,random,0.6,1,8,13.08146954427936,3.0303030303030303,165,68.42105263157895,0.850220863248846,38,0.3985068620157511,0.5837643792956028
O3PR,random,0.6,1,9,8.113739830944503,4.242424242424242,165,68.42105263157895,0.8543037019294429,38,0.38427025477667354,0.5375651058093922
O3PR,random,0.6,2,0,22.075952359402233,1.2121212121212122,165,26.31578947368421,0.9022541474434927,38,0.48425175701078654,0.6219997826398685
O3PR,random,0.6,2,1,21.545884629876223,3.6363636363636362,165,31.57894736842105,1.1139066095243793,38,0.44269587792425386,0.5231851362913469
O3PR,random,0.6,2,2,6.172205164245527,3.0303030303030303,165,89.47368421052632,0.5300280559388746,38,0.5484341349513996,0.6266179603796431
O3PR,random,0.6,2,3,7.136379643766448,2.4242424242424243,165,47.368421052631575,0.6856723307186061,38,0.518317997330143,0.6858112145863571
O3PR,random,0.6,2,4,13.577585889739712,5.454545454545454,165,57.89473684210527,1.0593058759237568,38,0.4337271220780618,0.5298538313737509
O3PR,random,0.6,2,5,7.761057455303627,2.4242424242424243,165,68.42105263157895,0.7079804160293318,38,0.49798644394252484,0.5467973235228688
O3PR,random,0.6,2,6,4.175550771044675,1.8181818181818181,165,100.0,0.6737137631524224,38,0.5065354450409468,0.568906948025374
O3PR,random,0.6,2,7,11.405095668688677,5.454545454545454,165,26.31578947368421,0.7818023264881127,38,0.5014991081804632,0.6902393807601898
O3PR,random,0.6,2,8,4.989430336771375,3.6363636363636362,165,89.47368421052632,0.4027327008462474,38,0.5265241248254035,0.6121590596313304
O3PR,random,0.6,2,9,13.44856685655448,3.6363636363636362,165,68.42105263157895,0.8400684084701817,38,0.4582708539343312,0.5637059949021008
O3PR,random,0.6,3,0,10.569898384138973,2.4242424242424243,165,78.94736842105263,0.6984186780217114,38,0.49314157256616364,0.5398328730115242
O3PR,random,0.6,3,1,22.653877551983637,0.0,165,15.789473684210526,1.0177353712837964,38,0.47853970167128435,0.6481710496318501
O3PR,random,0.6,3,2,11.191282739979213,3.6363636363636362,165,57.89473684210527,0.7139831041989593,38,0.5087139839082901,0.6003979103712263
O3PR,random,0.6,3,3,13.198205591710297,6.0606060606060606,165,52.63157894736842,0.929396948816539,38,0.4287561948764678,0.5456795164742553
O3PR,random,0.6,3,4,10.530972652880845,4.242424242424242,165,63.1578947368421,0.8438056404774433,38,0.4939487563642913,0.5926264932029045
O3PR,random,0.6,3,5,18.6607762236523,3.0303030303030303,165,42.10526315789473,0.9503098932880192,38,0.4720369205928615,0.5945090087869158
O3PR,random,0.6,3,6,7.767208232215708,8.484848484848484,165,84.21052631578947,0.8287696487475689,38,0.44406805153320145,0.557946359940966
O3PR,random,0.6,3,7,12.614685812373349,1.8181818181818181,165,52.63157894736842,0.7835950126898928,38,0.5032228709997636,0.5720882833540654
O3PR,random,0.6,3,8,10.539583069585124,4.242424242424242,165,89.47368421052632,0.7645584757284005,38,0.49534264936855454,0.5467683551608646
O3PR,random,0.6,3,9,21.005220439466704,3.0303030303030303,165,31.57894736842105,1.0306952959970677,38,0.44272220721984973,0.559032460685706
O3PR,random,0.6,0,0,13.393896644268574,1.2121212121212122,165,42.10526315789473,0.897966140744724,38,0.4952098028140684,0.513410114745967
O3PR,random,0.6,0,1,6.49093871696372,3.6363636363636362,165,100.0,0.6953848623053149,38,0.5310982319386475,0.5616674206310278
O3PR,random,0.6,0,2,25.039529482620864,4.848484848484849,165,26.31578947368421,1.0929597164580307,38,0.4153729956112874,0.5441138770953003
O3PR,random,0.6,0,3,25.173588733714443,4.848484848484849,165,10.526315789473683,1.065039510209706,38,0.5355715375226687,0.6271115978146866
O3PR,random,0.6,0,4,8.562772156268,4.242424242424242,165,100.0,0.8863487308148982,38,0.36869332657139353,0.5103384056498499
O3PR,random,0.6,0,5,21.190293930999708,2.4242424242424243,165,26.31578947368421,0.8032956587921591,38,0.5293651041759647,0.563301583975819
O3PR,random,0.6,0,6,10.331386746503203,4.848484848484849,165,89.47368421052632,1.0084176398203637,38,0.4357204310853876,0.651325186090601
O3PR,random,0.6,0,7,24.568492526528768,7.2727272727272725,165,47.368421052631575,1.0660935778533978,38,0.4877887812715933,0.6527979971274166
O3PR,random,0.6,0,8,4.996069624724111,3.0303030303030303,165,100.0,0.7057354201068795,38,0.5635114970440217,0.6275132553724649
O3PR,random,0.6,0,9,26.848547943757772,1.8181818181818181,165,15.789473684210526,1.0289267358539844,38,0.5326725063164501,0.5723730670180395
O3PR,random,0.8,1,0,14.33315107968588,1.8181818181818181,165,36.84210526315789,0.624704606453814,51,0.46426039745968306,0.7791322794185275
O3PR,random,0.8,1,1,5.715939683220334,2.4242424242424243,165,68.42105263157895,0.5849936725717297,51,0.4700773418683818,0.8064498184557707
O3PR,random,0.8,1,2,9.783684136869612,1.2121212121212122,165,68.42105263157895,0.6713342100606602,51,0.45932779937473817,0.7934736697815414
O3PR,random,0.8,1,3,12.287397190602148,1.8181818181818181,165,36.84210526315789,0.6059612850607246,51,0.46853829572734523,0.8342861871928546
O3PR,random,0.8,1,4,11.564635235277576,1.2121212121212122,165,42.10526315789473,0.6496073072754375,51,0.4581011872357307,0.7447322892604916
O3PR,random,0.8,1,5,13.735846136727673,1.2121212121212122,165,31.57894736842105,0.6046057769817744,51,0.47393670526169657,0.8381014469100608
O3PR,random,0.8,1,6,6.29152019108012,0.6060606060606061,165,63.1578947368421,0.5787953676563058,51,0.47587256652957227,0.832063204652149
O3PR,random,0.8,1,7,11.602522224025973,2.4242424242424243,165,31.57894736842105,0.6868343583002892,51,0.46157525992239634,0.8628416410521023
O3PR,random,0.8,1,8,11.89997450238881,1.2121212121212122,165,42.10526315789473,0.7344188201718415,51,0.454525106130361,0.8016834827510068
O3PR,random,0.8,1,9,13.697078943399507,4.242424242424242,165,31.57894736842105,0.7634554871476131,51,0.44151381741509554,0.7670996893902081
O3PR,random,0.8,2,0,5.347435913066249,0.6060606060606061,165,42.10526315789473,0.5564120872964622,51,0.6085273533400207,0.7408010463947601
O3PR,random,0.8,2,1,6.180945766793795,3.0303030303030303,165,68.42105263157895,0.443900859036564,51,0.5912541642380595,0.7911764445646127
O3PR,random,0.8,2,2,7.262587730009836,1.2121212121212122,165,36.84210526315789,0.4335858264019824,51,0.6016990979943729,0.8168587735313747
O3PR,random,0.8,2,3,4.770642444540867,1.8181818181818181,165,68.42105263157895,0.47350127406064013,51,0.5792490590069622,0.8434512087737386
O3PR,random,0.8,2,4,10.230423396845831,2.4242424242424243,165,42.10526315789473,0.4748909976274575,51,0.5918464380547278,0.8605796062729203
O3PR,random,0.8,2,5,6.490749012534394,1.8181818181818181,165,42.10526315789473,0.43331434025259,51,0.6007288701801977,0.769364087872544
O3PR,random,0.8,2,6,20.947505117674044,1.8181818181818181,165,10.526315789473683,0.8539993718266593,51,0.54966096215566,0.7713176773878685
O3PR,random,0.8,2,7,3.8502464597208728,1.8181818181818181,165,68.42105263157895,0.4918709023169591,51,0.6054111008500102,0.8274050702160562
O3PR,random,0.8,2,8,5.0782230456701205,3.0303030303030303,165,63.1578947368421,0.4445736652566751,51,0.6101205587913698,0.8545488122224812
O3PR,random,0.8,2,9,9.836869550390013,1.8181818181818181,165,36.84210526315789,0.422898558324418,51,0.6082642462630062,0.8364346796598355
O3PR,random,0.8,3,0,5.9832681251229065,4.242424242424242,165,78.94736842105263,0.5538024230392296,51,0.5997871969223323,0.7621198427849553
O3PR,random,0.8,3,1,13.984331999215446,0.0,165,5.263157894736842,0.5426651203914643,51,0.6564690655995792,0.7437744158408762
O3PR,random,0.8,3,2,3.1872943375921317,1.2121212121212122,165,84.21052631578947,0.4190452067047031,51,0.681373314461253,0.7873708847720972
O3PR,random,0.8,3,3,6.98593946475122,2.4242424242424243,165,100.0,0.7367514326724377,51,0.6039153589899048,0.769676961723094
O3PR,random,0.8,3,4,6.5548249074077205,1.8181818181818181,165,100.0,0.5812481239871782,51,0.6321222211685653,0.8337079535246983
O3PR,random,0.8,3,5,8.744836095614305,1.2121212121212122,165,100.0,0.8786759833847968,51,0.5522822911568741,0.8429693281479288
O3PR,random,0.8,3,6,19.73210063379792,0.0,165,26.31578947368421,1.1407091818799078,51,0.5342267234121256,0.8386087374876154
O3PR,random,0.8,3,7,11.884123581100022,0.6060606060606061,165,26.31578947368421,0.6928446165662466,51,0.6087292309262061,0.7678416013599445
O3PR,random,0.8,3,8,2.1936668920543254,1.8181818181818181,165,94.73684210526315,0.2937355058730042,51,0.7058736438599528,0.7889423177091816
O3PR,random,0.8,3,9,4.567126886110123,0.6060606060606061,165,100.0,0.5727232297046552,51,0.6422407861045025,0.7969153706978973
O3PR,random,0.8,0,0,5.624298689696249,1.8181818181818181,165,100.0,0.45367193540132256,51,0.7084046343572519,0.7638261062179043
O3PR,random,0.8,0,1,1.2887182499002894,1.8181818181818181,165,100.0,0.3603169427371972,51,0.7999218379413501,0.7341199945784639
O3PR,random,0.8,0,2,11.979553752035155,1.8181818181818181,165,94.73684210526315,0.998406252263664,51,0.619983647999847,0.765102772173342
O3PR,random,0.8,0,3,1.8633816122545495,1.2121212121212122,165,94.73684210526315,0.32417865107648725,51,0.7954449694525824,0.8404386105398896
O3PR,random,0.8,0,4,4.393945667224896,4.242424242424242,165,89.47368421052632,0.45749601668319323,51,0.7080788922205867,0.8521841320483217
O3PR,random,0.8,0,5,10.767299466188609,0.0,165,94.73684210526315,0.8467333471019912,51,0.6804241419447519,0.7884900099408888
O3PR,random,0.8,0,6,16.000604762725455,2.4242424242424243,165,52.63157894736842,0.8474355057490218,51,0.6120563417824774,0.7904794543819387
O3PR,random,0.8,0,7,8.848405570760299,1.2121212121212122,165,78.94736842105263,0.6452895284968523,51,0.7117418685002335,0.7364513543657406
O3PR,random,0.8,0,8,10.365502970258968,3.0303030303030303,165,94.73684210526315,0.9708841774353248,51,0.5463029176021221,0.7290594958162098
O3PR,random,0.8,0,9,10.538796761472872,0.0,165,42.10526315789473,0.6252550296770767,51,0.6518310851866669,0.7522414902164167
O3PR,random,1.0,1,0,11.350385580471267,0.6060606060606061,165,31.57894736842105,0.5693424103761797,64,0.49872849452047474,1.0
O3PR,random,1.0,1,1,11.350385580471267,0.6060606060606061,165,31.57894736842105,0.6251721420401879,64,0.49872849452047474,1.0
O3PR,random,1.0,1,2,11.350385580471267,0.6060606060606061,165,36.84210526315789,0.6263847584205824,64,0.49872849452047474,1.0
O3PR,random,1.0,1,3,11.350385580471267,0.6060606060606061,165,31.57894736842105,0.6016716916627903,64,0.49872849452047474,1.0
O3PR,random,1.0,1,4,11.350385580471267,0.6060606060606061,165,31.57894736842105,0.6033321556664183,64,0.49872849452047474,1.0
O3PR,random,1.0,1,5,11.350385580471267,0.6060606060606061,165,31.57894736842105,0.551064528420645,64,0.49872849452047474,1.0
O3PR,random,1.0,1,6,11.350385580471267,0.6060606060606061,165,31.57894736842105,0.5738120674648212,64,0.49872849452047474,1.0
O3PR,random,1.0,1,7,11.350385580471267,0.6060606060606061,165,36.84210526315789,0.5624196820567873,64,0.49872849452047474,1.0
O3PR,random,1.0,1,8,11.350385580471267,0.6060606060606061,165,36.84210526315789,0.6025818144189432,64,0.49872849452047474,1.0
O3PR,random,1.0,1,9,11.350385580471267,0.6060606060606061,165,36.84210526315789,0.6523414649862643,64,0.49872849452047474,1.0
O3PR,random,1.0,2,0,6.910574386737552,0.0,165,21.052631578947366,0.35862894438921794,64,0.6872364050495261,1.0
O3PR,random,1.0,2,1,6.910574386737552,0.0,165,26.31578947368421,0.33919944629547144,64,0.6872364050495261,1.0
O3PR,random,1.0,2,2,6.910574386737552,0.0,165,21.052631578947366,0.3531604364851602,64,0.6872364050495261,1.0
O3PR,random,1.0,2,3,6.910574386737552,0.0,165,21.052631578947366,0.3313558504027943,64,0.6872364050495261,1.0
O3PR,random,1.0,2,4,6.910574386737552,0.0,165,21.052631578947366,0.3608820337915502,64,0.6872364050495261,1.0
O3PR,random,1.0,2,5,6.910574386737552,0.0,165,15.789473684210526,0.33998611671116663,64,0.6872364050495261,1.0
O3PR,random,1.0,2,6,6.910574386737552,0.0,165,26.31578947368421,0.3685086949422562,64,0.6872364050495261,1.0
O3PR,random,1.0,2,7,6.910574386737552,0.0,165,10.526315789473683,0.34890118719657315,64,0.6872364050495261,1.0
O3PR,random,1.0,2,8,6.910574386737552,0.0,165,21.052631578947366,0.38716007645582645,64,0.6872364050495261,1.0
O3PR,random,1.0,2,9,6.910574386737552,0.0,165,26.31578947368421,0.35570667900175595,64,0.6872364050495261,1.0
O3PR,random,1.0,3,0,3.9775298418839036,0.0,165,15.789473684210526,0.21867580475313747,64,0.8130869547510791,1.0
O3PR,random,1.0,3,1,3.9775298418839036,0.0,165,15.789473684210526,0.18237264630649347,64,0.8130869547510791,1.0
O3PR,random,1.0,3,2,3.9775298418839036,0.0,165,10.526315789473683,0.21686063675542233,64,0.8130869547510791,1.0
O3PR,random,1.0,3,3,3.9775298418839036,0.0,165,10.526315789473683,0.2032292001894712,64,0.8130869547510791,1.0
O3PR,random,1.0,3,4,3.9775298418839036,0.0,165,5.263157894736842,0.1875520322655852,64,0.8130869547510791,1.0
O3PR,random,1.0,3,5,3.9775298418839036,0.0,165,10.526315789473683,0.19802423358789992,64,0.8130869547510791,1.0
O3PR,random,1.0,3,6,3.9775298418839036,0.0,165,10.526315789473683,0.19925768336004293,64,0.8130869547510791,1.0
O3PR,random,1.0,3,7,3.9775298418839036,0.0,165,15.789473684210526,0.21392841796307002,64,0.8130869547510791,1.0
O3PR,random,1.0,3,8,3.9775298418839036,0.0,165,10.526315789473683,0.20944883426898564,64,0.8130869547510791,1.0
O3PR,random,1.0,3,9,3.9775298418839036,0.0,165,5.263157894736842,0.21212728605325906,64,0.8130869547510791,1.0
O3PR,random,1.0,0,0,3.59545944896826e-08,0.0,165,0.0,2.4113228940813075e-10,64,0.9999999979803058,1.0
O3PR,random,1.0,0,1,3.59545944896826e-08,0.0,165,0.0,2.2030274693334676e-10,64,0.9999999979803058,1.0
O3PR,random,1.0,0,2,3.59545944896826e-08,0.0,165,0.0,2.406508138280071e-10,64,0.9999999979803058,1.0
O3PR,random,1.0,0,3,3.59545944896826e-08,0.0,165,0.0,2.522507512992447e-10,64,0.9999999979803058,1.0
O3PR,random,1.0,0,4,3.59545944896826e-08,0.0,165,0.0,2.2667812788258292e-10,64,0.9999999979803058,1.0
O3PR,random,1.0,0,5,3.59545944896826e-08,0.0,165,0.0,2.425225285742513e-10,64,0.9999999979803058,1.0
O3PR,random,1.0,0,6,3.59545944896826e-08,0.0,165,0.0,2.1203528775454935e-10,64,0.9999999979803058,1.0
O3PR,random,1.0,0,7,3.59545944896826e-08,0.0,165,0.0,2.1432842306232116e-10,64,0.9999999979803058,1.0
O3PR,random,1.0,0,8,3.59545944896826e-08,0.0,165,0.0,2.3236920375402321e-10,64,0.9999999979803058,1.0
O3PR,random,1.0,0,9,3.59545944896826e-08,0.0,165,0.0,2.3258296280488815e-10,64,0.9999999979803058,1.0
O3PR,flow,0.0,1,0,18.420342774164503,7.2727272727272725,165,57.89473684210527,1.2106369838407884,0,0.2413277277320099,0.0
O3PR,flow,0.0,1,1,18.420342774164503,7.2727272727272725,165,52.63157894736842,1.2031797537100066,0,0.2413277277320099,0.0
O3PR,flow,0.0,1,2,18.420342774164503,7.2727272727272725,165,52.63157894736842,1.1604425423293907,0,0.2413277277320099,0.0
O3PR,flow,0.0,1,3,18.420342774164503,7.2727272727272725,165,52.63157894736842,1.1787311944500534,0,0.2413277277320099,0.0
O3PR,flow,0.0,1,4,18.420342774164503,7.2727272727272725,165,52.63157894736842,1.1732611412234726,0,0.2413277277320099,0.0
O3PR,flow,0.0,1,5,18.420342774164503,7.2727272727272725,165,52.63157894736842,1.050922357485563,0,0.2413277277320099,0.0
O3PR,flow,0.0,1,6,18.420342774164503,7.2727272727272725,165,52.63157894736842,1.1149166725106419,0,0.2413277277320099,0.0
O3PR,flow,0.0,1,7,18.420342774164503,7.2727272727272725,165,63.1578947368421,1.256803743687274,0,0.2413277277320099,0.0
O3PR,flow,0.0,1,8,18.420342774164503,7.2727272727272725,165,52.63157894736842,1.185549662469122,0,0.2413277277320099,0.0
O3PR,flow,0.0,1,9,18.420342774164503,7.2727272727272725,165,57.89473684210527,1.1176650001861188,0,0.2413277277320099,0.0
O3PR,flow,0.0,2,0,18.420342774164503,7.2727272727272725,165,52.63157894736842,1.1598995727807926,0,0.2413277277320099,0.0
O3PR,flow,0.0,2,1,18.420342774164503,7.2727272727272725,165,52.63157894736842,1.1801365704239273,0,0.2413277277320099,0.0
O3PR,flow,0.0,2,2,18.420342774164503,7.2727272727272725,165,52.63157894736842,1.1522979456017175,0,0.2413277277320099,0.0
O3PR,flow,0.0,2,3,18.420342774164503,7.2727272727272725,165,52.63157894736842,1.1897961376882873,0,0.2413277277320099,0.0
O3PR,flow,0.0,2,4,18.420342774164503,7.2727272727272725,165,52.63157894736842,1.0589965136056156,0,0.2413277277320099,0.0
O3PR,flow,0.0,2,5,18.420342774164503,7.2727272727272725,165,52.63157894736842,1.140148829222342,0,0.2413277277320099,0.0
O3PR,flow,0.0,2,6,18.420342774164503,7.2727272727272725,165,52.63157894736842,1.1238168544475133,0,0.2413277277320099,0.0
O3PR,flow,0.0,2,7,18.420342774164503,7.2727272727272725,165,52.63157894736842,1.2684291268575056,0,0.2413277277320099,0.0
O3PR,flow,0.0,2,8,18.420342774164503,7.2727272727272725,165,52.63157894736842,1.163517862525501,0,0.2413277277320099,0.0
O3PR,flow,0.0,2,9,18.420342774164503,7.2727272727272725,165,52.63157894736842,1.2787156431181248,0,0.2413277277320099,0.0
O3PR,flow,0.0,3,0,18.420342774164503,7.2727272727272725,165,52.63157894736842,1.1409315330177767,0,0.2413277277320099,0.0
O3PR,flow,0.0,3,1,18.420342774164503,7.2727272727272725,165,57.89473684210527,1.1715312431311993,0,0.2413277277320099,0.0
O3PR,flow,0.0,3,2,18.420342774164503,7.2727272727272725,165,52.63157894736842,1.1513467747670523,0,0.2413277277320099,0.0
O3PR,flow,0.0,3,3,18.420342774164503,7.2727272727272725,165,52.63157894736842,1.1636722561888206,0,0.2413277277320099,0.0
O3PR,flow,0.0,3,4,18.420342774164503,7.2727272727272725,165,52.63157894736842,1.213288631656687,0,0.2413277277320099,0.0
O3PR,flow,0.0,3,5,18.420342774164503,7.2727272727272725,165,52.63157894736842,1.2815760549314466,0,0.2413277277320099,0.0
O3PR,flow,0.0,3,6,18.420342774164503,7.2727272727272725,165,52.63157894736842,1.2865660569578792,0,0.2413277277320099,0.0
O3PR,flow,0.0,3,7,18.420342774164503,7.2727272727272725,165,52.63157894736842,1.2067300489147073,0,0.2413277277320099,0.0
O3PR,flow,0.0,3,8,18.420342774164503,7.2727272727272725,165,52.63157894736842,1.153219014533579,0,0.2413277277320099,0.0
O3PR,flow,0.0,3,9,18.420342774164503,7.2727272727272725,165,52.63157894736842,1.0941207608112633,0,0.2413277277320099,0.0
O3PR,flow,0.0,0,0,18.420342774164503,7.2727272727272725,165,52.63157894736842,1.2734721906160609,0,0.2413277277320099,0.0
O3PR,flow,0.0,0,1,18.420342774164503,7.2727272727272725,165,52.63157894736842,1.2499890526905137,0,0.2413277277320099,0.0
O3PR,flow,0.0,0,2,18.420342774164503,7.2727272727272725,165,52.63157894736842,1.122540660066107,0,0.2413277277320099,0.0
O3PR,flow,0.0,0,3,18.420342774164503,7.2727272727272725,165,52.63157894736842,1.181279167783482,0,0.2413277277320099,0.0
O3PR,flow,0.0,0,4,18.420342774164503,7.2727272727272725,165,52.63157894736842,1.2061522031097047,0,0.2413277277320099,0.0
O3PR,flow,0.0,0,5,18.420342774164503,7.2727272727272725,165,52.63157894736842,1.1596094795859648,0,0.2413277277320099,0.0
O3PR,flow,0.0,0,6,18.420342774164503,7.2727272727272725,165,52.63157894736842,1.1794780818553565,0,0.2413277277320099,0.0
O3PR,flow,0.0,0,7,18.420342774164503,7.2727272727272725,165,52.63157894736842,1.0625953977820073,0,0.2413277277320099,0.0
O3PR,flow,0.0,0,8,18.420342774164503,7.2727272727272725,165,52.63157894736842,1.1934140561682867,0,0.2413277277320099,0.0
O3PR,flow,0.0,0,9,18.420342774164503,7.2727272727272725,165,52.63157894736842,1.1332120139374586,0,0.2413277277320099,0.0
O3PR,flow,0.05,1,0,16.44583352904369,7.2727272727272725,165,63.1578947368421,1.1450918633459484,3,0.2570241737489656,0.05335388125948573
O3PR,flow,0.05,1,1,21.177687432117537,6.666666666666667,165,52.63157894736842,1.1795386098952976,3,0.25577492906497384,0.1171820848139952
O3PR,flow,0.05,1,2,22.442620484378192,6.0606060606060606,165,47.368421052631575,1.1986939611939478,3,0.2439837580977408,0.1359286150997397
O3PR,flow,0.05,1,3,18.69018105516502,6.666666666666667,165,52.63157894736842,1.1632788580211042,3,0.24451118087831275,0.05134802687928034
O3PR,flow,0.05,1,4,11.532627025510568,7.2727272727272725,165,89.47368421052632,1.120529708829539,3,0.2823089471428044,0.08748821392301316
O3PR,flow,0.05,1,5,14.222882410252716,4.848484848484849,165,52.63157894736842,1.0609365105758162,3,0.2742295443280611,0.07627386627846419
O3PR,flow,0.05,1,6,22.37921566445589,6.0606060606060606,165,52.63157894736842,1.229089759611528,3,0.24321089286548844,0.10116220181614724
O3PR,flow,0.05,1,7,22.550483149245846,6.666666666666667,165,52.63157894736842,1.1538815491003436,3,0.2430788271076544,0.12534587042095632
O3PR,flow,0.05,1,8,18.92496483748949,7.2727272727272725,165,57.89473684210527,1.0856261237955873,3,0.2744114157851671,0.11908096005776217
O3PR,flow,0.05,1,9,17.65269856292416,6.666666666666667,165,52.63157894736842,1.1532352448187628,3,0.24450429159110892,0.055274414354776875
O3PR,flow,0.05,2,0,18.097132367721905,4.242424242424242,165,47.368421052631575,1.0398835313126498,3,0.2792914118279082,0.14353471760055625
O3PR,flow,0.05,2,1,22.4085895352054,7.2727272727272725,165,52.63157894736842,1.2159187618224256,3,0.2650888344100626,0.10718538367970673
O3PR,flow,0.05,2,2,23.31733413331805,6.0606060606060606,165,47.368421052631575,1.1400079608468292,3,0.29925704714623813,0.13689795336525512
O3PR,flow,0.05,2,3,18.175172776983782,7.2727272727272725,165,52.63157894736842,1.0590531578077182,3,0.2429617150946901,0.10311445378516196
O3PR,flow,0.05,2,4,13.861292197978312,8.484848484848484,165,73.68421052631578,1.157706493973171,3,0.2802480297151201,0.08079400661599415
O3PR,flow,0.05,2,5,20.231760844243478,6.666666666666667,165,57.89473684210527,1.1277672780027452,3,0.2469669980544195,0.0788391521166757
O3PR,flow,0.05,2,6,22.064928466174933,6.0606060606060606,165,52.63157894736842,1.2452488207880028,3,0.2521732979005802,0.13360729062360566
O3PR,flow,0.05,2,7,22.310722372163212,6.666666666666667,165,52.63157894736842,1.2268038368221827,3,0.2603025928632368,0.1119445528559087
O3PR,flow,0.05,2,8,13.967192203887585,7.2727272727272725,165,73.68421052631578,1.1541504595472016,3,0.27492257325998676,0.12346158020266973
O3PR,flow,0.05,2,9,15.149617050766887,6.666666666666667,165,57.89473684210527,1.1399673358576616,3,0.25298699646476785,0.0710078447553866
O3PR,flow,0.05,3,0,18.27219726540011,7.2727272727272725,165,52.63157894736842,1.234462038250854,3,0.2468204557298288,0.12261883689585118
O3PR,flow,0.05,3,1,15.898934438424849,7.2727272727272725,165,73.68421052631578,1.0596284911278726,3,0.25582094646816594,0.08808785975926228
O3PR,flow,0.05,3,2,17.459931560415384,7.2727272727272725,165,52.63157894736842,1.0902047528824663,3,0.25513462621830935,0.0840111340211608
O3PR,flow,0.05,3,3,15.324449274655452,6.666666666666667,165,63.1578947368421,1.0927935558826596,3,0.25654706777080344,0.0764232789430248
O3PR,flow,0.05,3,4,18.067751858599316,7.2727272727272725,165,52.63157894736842,1.16940014942044,3,0.24396794906982433,0.08302858427195427
O3PR,flow,0.05,3,5,17.876609837513456,6.666666666666667,165,52.63157894736842,1.1341366533071207,3,0.2594275727495046,0.09628724203866734
O3PR,flow,0.05,3,6,18.317347494693728,7.878787878787879,165,47.368421052631575,1.2522467992149342,3,0.2708574524157741,0.0751588491651905
O3PR,flow,0.05,3,7,16.839301092336626,7.878787878787879,165,57.89473684210527,1.2103565183570741,3,0.27221785226647116,0.07523625658682555
O3PR,flow,0.05,3,8,22.04923557808519,6.0606060606060606,165,52.63157894736842,1.1101218687433472,3,0.2525149167797966,0.13360729062360566
O3PR,flow,0.05,3,9,22.164103916444933,6.666666666666667,165,52.63157894736842,1.0796284244727448,3,0.2697847656827585,0.12431112094154607
O3PR,flow,0.05,0,0,18.084513662500292,6.666666666666667,165,57.89473684210527,1.1442692456463261,3,0.2605387323554094,0.10671707106424203
O3PR,flow,0.05,0,1,22.59749804325139,6.666666666666667,165,47.368421052631575,1.2623143917126878,3,0.27298908925411086,0.1484309941295403
O3PR,flow,0.05,0,2,16.029542492861733,5.454545454545454,165,52.63157894736842,1.0122335929943302,3,0.24971611024960896,0.07182853483176327
O3PR,flow,0.05,0,3,14.013942869868579,7.2727272727272725,165,52.63157894736842,1.176940912130799,3,0.24894643965714436,0.049264619952808265
O3PR,flow,0.05,0,4,16.202268842031742,5.454545454545454,165,52.63157894736842,1.0354638921490043,3,0.28985585377637474,0.11376904486967565
O3PR,flow,0.05,0,5,22.245012454115066,6.0606060606060606,165,52.63157894736842,1.2900830707127537,3,0.2455003784054517,0.1330342911552543
O3PR,flow,0.05,0,6,19.072397155944575,6.666666666666667,165,52.63157894736842,1.0286227915515564,3,0.2746607423405399,0.10540210648997023
O3PR,flow,0.05,0,7,22.00507103388201,6.0606060606060606,165,52.63157894736842,1.2445575277573806,3,0.25257265961964237,0.10921916198165384
O3PR,flow,0.05,0,8,16.43940259706561,7.2727272727272725,165,68.42105263157895,1.0959244853676768,3,0.27903347783017185,0.14072989384474832
O3PR,flow,0.05,0,9,15.267117358661556,7.878787878787879,165,63.1578947368421,1.1760849805492701,3,0.28340337551545297,0.06372388236998623
O3PR,flow,0.1,1,0,13.72195628813756,5.454545454545454,165,47.368421052631575,1.045898817076754,6,0.27707218380474136,0.16368468020748092
O3PR,flow,0.1,1,1,18.16266618632243,7.2727272727272725,165,52.63157894736842,1.1776307570711393,6,0.26982349761052615,0.14728602534917976
O3PR,flow,0.1,1,2,22.06662239113234,6.666666666666667,165,47.368421052631575,1.2049334759517123,6,0.25973225135622596,0.2470916569589614
O3PR,flow,0.1,1,3,17.982365826948097,6.666666666666667,165,63.1578947368421,1.1116033874027618,6,0.264286201485745,0.14783568660560661
O3PR,flow,0.1,1,4,16.205131428141815,7.2727272727272725,165,63.1578947368421,1.1570548036635964,6,0.3023819539103946,0.1992691684672963
O3PR,flow,0.1,1,5,18.332828109614894,5.454545454545454,165,52.63157894736842,1.1277764730269555,6,0.2590271561066196,0.14341901441687155
O3PR,flow,0.1,1,6,22.474523140662118,6.0606060606060606,165,52.63157894736842,1.226624732805996,6,0.2456583446905325,0.2063846862925451
O3PR,flow,0.1,1,7,21.145009824462008,6.666666666666667,165,52.63157894736842,1.2387862660970674,6,0.24964688919663378,0.1784440975010944
O3PR,flow,0.1,1,8,16.118822511389983,4.848484848484849,165,52.63157894736842,1.063561291718242,6,0.3259455558367554,0.109722024543873
O3PR,flow,0.1,1,9,18.59072068016825,7.878787878787879,165,52.63157894736842,1.1052147165268824,6,0.2820770362631651,0.14379731947880492
O3PR,flow,0.1,2,0,19.667314495023284,5.454545454545454,165,42.10526315789473,1.197988346660097,6,0.2697521637742313,0.23951317956027104
O3PR,flow,0.1,2,1,24.515897635766045,7.2727272727272725,165,52.63157894736842,1.0619983522816274,6,0.30519948365470223,0.07256116111050184
O3PR,flow,0.1,2,2,19.191520015072776,7.2727272727272725,165,52.63157894736842,1.1008989055596958,6,0.28805518722452206,0.19674092540563384
O3PR,flow,0.1,2,3,16.99542354682389,6.0606060606060606,165,73.68421052631578,1.012897938582652,6,0.2835382892866835,0.16738498521843317
O3PR,flow,0.1,2,4,16.797079913161514,6.0606060606060606,165,47.368421052631575,1.1124827568912212,6,0.2548597481424755,0.08326500829489546
O3PR,flow,0.1,2,5,14.593612070310193,6.666666666666667,165,68.42105263157895,1.051541875309668,6,0.27729297763389854,0.19757680100350603
O3PR,flow,0.1,2,6,11.770562209281502,5.454545454545454,165,84.21052631578947,1.0225227915772126,6,0.27822431330799074,0.10683923115132164
O3PR,flow,0.1,2,7,22.511940637884447,7.878787878787879,165,47.368421052631575,1.226964683959163,6,0.3035704024508193,0.22589900244150662
O3PR,flow,0.1,2,8,17.915685654399862,4.848484848484849,165,47.368421052631575,1.239506471258221,6,0.2810809034068445,0.15140780542912524
O3PR,flow,0.1,2,9,16.72994148058571,7.2727272727272725,165,57.89473684210527,1.0517820522343593,6,0.32383815430592733,0.1385563422391088
O3PR,flow,0.1,3,0,15.1059791261795,7.878787878787879,165,68.42105263157895,1.084538272313196,6,0.287065434038093,0.19082705838518277
O3PR,flow,0.1,3,1,14.965715207384497,7.2727272727272725,165,84.21052631578947,1.048355287914647,6,0.3209941922835102,0.21409821015997685
O3PR,flow,0.1,3,2,22.234086361333038,6.666666666666667,165,52.63157894736842,1.0843998751387824,6,0.2831998775711545,0.20153461824617647
O3PR,flow,0.1,3,3,19.23638002764885,7.878787878787879,165,47.368421052631575,1.1264330469499377,6,0.30699821315800774,0.12076972283139102
O3PR,flow,0.1,3,4,14.073142925736782,6.0606060606060606,165,57.89473684210527,1.143325285267329,6,0.2745761585334763,0.14477849797164938
O3PR,flow,0.1,3,5,20.3196253420941,7.2727272727272725,165,42.10526315789473,1.2562880760384578,6,0.2883814895492948,0.1915980621299959
O3PR,flow,0.1,3,6,22.709602351470984,7.2727272727272725,165,42.10526315789473,1.104618857245709,6,0.28064585424489313,0.19319227220660992
O3PR,flow,0.1,3,7,13.94112808945572,5.454545454545454,165,78.94736842105263,1.0745144159846685,6,0.2907079675264116,0.104111685690508
O3PR,flow,0.1,3,8,13.340228219314,2.4242424242424243,165,52.63157894736842,1.034273714020276,6,0.30867657076521576,0.1444480120472
O3PR,flow,0.1,3,9,19.449309809806053,7.2727272727272725,165,57.89473684210527,1.108539903533624,6,0.31619067563440684,0.2174619494385847
O3PR,flow,0.1,0,0,22.29906785014628,6.0606060606060606,165,52.63157894736842,1.2544093239394734,6,0.24485944116547434,0.19556175292075023
O3PR,flow,0.1,0,1,24.183727251058144,6.666666666666667,165,42.10526315789473,1.1597611448133494,6,0.26993374697388123,0.1721909810853271
O3PR,flow,0.1,0,2,16.286258555190265,8.484848484848484,165,68.42105263157895,1.0889846378518389,6,0.287116445529739,0.2063339840885601
O3PR,flow,0.1,0,3,17.42877936408141,7.2727272727272725,165,68.42105263157895,1.1582529193802003,6,0.28473354393078,0.221609217746159
O3PR,flow,0.1,0,4,14.338770705617707,6.0606060606060606,165,68.42105263157895,1.1210399926240453,6,0.2498933524857485,0.13550355133857592
O3PR,flow,0.1,0,5,12.834847774420346,6.666666666666667,165,57.89473684210527,1.1328602025904766,6,0.2833961762634464,0.10404449012927214
O3PR,flow,0.1,0,6,14.321438078533793,3.6363636363636362,165,63.1578947368421,0.9863228929556713,6,0.28856886716237984,0.14447604795487795
O3PR,flow,0.1,0,7,18.74941429515434,6.0606060606060606,165,52.63157894736842,1.1318119689864574,6,0.25284976378026053,0.19215166689117713
O3PR,flow,0.1,0,8,16.66464811117872,7.2727272727272725,165,63.1578947368421,1.0797648995162932,6,0.28668482211328006,0.14914819491692
O3PR,flow,0.1,0,9,14.646297670794489,7.2727272727272725,165,78.94736842105263,1.1924046864167341,6,0.2623162491759396,0.13379470708688251
O3PR,flow,0.2,1,0,21.631759887040435,6.0606060606060606,165,47.368421052631575,1.2019458108880128,13,0.272906434914162,0.3886924437182132
O3PR,flow,0.2,1,1,12.070671746295542,3.6363636363636362,165,52.63157894736842,0.8588604212612974,13,0.35642036187796977,0.3430382594911758
O3PR,flow,0.2,1,2,17.99562475291566,6.0606060606060606,165,42.10526315789473,1.1355794503714713,13,0.27955447191633165,0.39580651658207056
O3PR,flow,0.2,1,3,19.73489906466933,3.6363636363636362,165,42.10526315789473,1.133207201652015,13,0.3206000073596385,0.3723002743311475
O3PR,flow,0.2,1,4,20.172943976465127,6.666666666666667,165,52.63157894736842,1.2336266447202247,13,0.2826854303501641,0.3841333716984955
O3PR,flow,0.2,1,5,10.731386782382248,6.666666666666667,165,84.21052631578947,0.9632608818746715,13,0.32214792716226937,0.3921684871787986
O3PR,flow,0.2,1,6,18.39094530208949,4.848484848484849,165,52.63157894736842,0.9729162799408103,13,0.36941000401764323,0.38836020601376126
O3PR,flow,0.2,1,7,17.330041999908648,5.454545454545454,165,52.63157894736842,1.1317592442070954,13,0.28930012781768716,0.3283631150427165
O3PR,flow,0.2,1,8,18.685429873670355,8.484848484848484,165,52.63157894736842,0.9592353200111053,13,0.3145080803464154,0.3539926283566254
O3PR,flow,0.2,1,9,15.295777680414128,3.6363636363636362,165,47.368421052631575,0.9858045872685202,13,0.32588909259720533,0.30212715560371645
O3PR,flow,0.2,2,0,24.604527556071293,4.848484848484849,165,31.57894736842105,1.301059988590798,13,0.30404615828527404,0.4146786008143904
O3PR,flow,0.2,2,1,24.19107019871208,3.6363636363636362,165,36.84210526315789,1.1005318696826527,13,0.3275084234680767,0.3966595311703973
O3PR,flow,0.2,2,2,8.99028289455472,4.242424242424242,165,94.73684210526315,0.8707353656459593,13,0.3782365106570045,0.35673318761167133
O3PR,flow,0.2,2,3,10.812218001106016,7.878787878787879,165,73.68421052631578,0.8244220272128877,13,0.3533278388674822,0.3951559891357957
O3PR,flow,0.2,2,4,14.442192273674356,4.848484848484849,165,57.89473684210527,1.0762724086502418,13,0.374654673990666,0.44183335058126155
O3PR,flow,0.2,2,5,21.30343339453177,3.6363636363636362,165,36.84210526315789,1.2443648305533146,13,0.33335429359179775,0.3839261240114401
O3PR,flow,0.2,2,6,24.534368406198098,3.6363636363636362,165,42.10526315789473,1.0322556925368298,13,0.35493721366589787,0.2828684267853549
O3PR,flow,0.2,2,7,11.577650118064883,5.454545454545454,165,73.68421052631578,1.0399265795056942,13,0.3579140234931587,0.4148135507238296
O3PR,flow,0.2,2,8,17.933081106046277,7.2727272727272725,165,63.1578947368421,1.1774380535139173,13,0.3048017003772093,0.3691283081115497
O3PR,flow,0.2,2,9,12.80837687856779,7.878787878787879,165,84.21052631578947,1.0407054633614032,13,0.3452951283150551,0.39674429938191225
O3PR,flow,0.2,3,0,9.047101450873775,6.0606060606060606,165,89.47368421052632,0.991684805472803,13,0.3710825666373668,0.47605638296256514
O3PR,flow,0.2,3,1,12.16954885867381,4.848484848484849,165,94.73684210526315,1.0265859462291456,13,0.4215477352179294,0.3103419005252304
O3PR,flow,0.2,3,2,8.402283193236002,6.0606060606060606,165,78.94736842105263,0.8262450476379294,13,0.4348969464294039,0.365542946379715
O3PR,flow,0.2,3,3,17.92357337521033,3.6363636363636362,165,47.368421052631575,1.0680087964898926,13,0.4044868473651486,0.3797100152063525
O3PR,flow,0.2,3,4,14.611540737315753,4.242424242424242,165,68.42105263157895,1.0598006774656212,13,0.3404182392972493,0.4101275472162496
O3PR,flow,0.2,3,5,15.42895639739307,6.666666666666667,165,84.21052631578947,0.9651002606932805,13,0.31257530217095353,0.3070294085250115
O3PR,flow,0.2,3,6,15.997166194775014,7.878787878787879,165,57.89473684210527,1.183642303213174,13,0.31305344622693987,0.3311815759430445
O3PR,flow,0.2,3,7,11.152569331965118,3.6363636363636362,165,84.21052631578947,0.8987325211291444,13,0.3826253407240601,0.3103659495050359
O3PR,flow,0.2,3,8,9.07492120445276,3.0303030303030303,165,100.0,0.8878691367917811,13,0.40195481107691045,0.35347074189781097
O3PR,flow,0.2,3,9,10.846054339691117,7.878787878787879,165,89.47368421052632,1.005351472129491,13,0.3605792458633139,0.3606187790676847
O3PR,flow,0.2,0,0,16.508052668947055,7.878787878787879,165,63.1578947368421,1.118201112426975,13,0.3270162726416375,0.31789299736251253
O3PR,flow,0.2,0,1,21.6401275789262,6.666666666666667,165,42.10526315789473,1.166655110133317,13,0.3948491749741564,0.2950813084574368
O3PR,flow,0.2,0,2,12.909680960715212,6.0606060606060606,165,78.94736842105263,1.074733227500999,13,0.35363094806085477,0.38537849075861186
O3PR,flow,0.2,0,3,12.026170693895562,3.6363636363636362,165,73.68421052631578,0.9497173087670774,13,0.3987144339150484,0.29658456367091607
O3PR,flow,0.2,0,4,17.641899572931457,6.666666666666667,165,78.94736842105263,0.9967353317700322,13,0.34624904185540334,0.3725281594264509
O3PR,flow,0.2,0,5,16.314224767720678,7.2727272727272725,165,57.89473684210527,1.1050208737740725,13,0.30256246823671235,0.31410240711861553
O3PR,flow,0.2,0,6,23.15051973464576,5.454545454545454,165,42.10526315789473,1.0637247764390945,13,0.28970128970210646,0.28468618250224353
O3PR,flow,0.2,0,7,15.38417060946993,6.666666666666667,165,78.94736842105263,1.2576194002565928,13,0.27819843135630123,0.30783315101546743
O3PR,flow,0.2,0,8,12.325618395560985,4.242424242424242,165,78.94736842105263,1.0904045226432175,13,0.32519347538982957,0.4199366399113707
O3PR,flow,0.2,0,9,20.806790185040327,2.4242424242424243,165,36.84210526315789,1.1069506287494049,13,0.3579205030783858,0.43609795828989334
O3PR,flow,0.4,1,0,17.56438281621797,4.848484848484849,165,47.368421052631575,0.9437215687492985,26,0.38097793756723874,0.6594469558312727
O3PR,flow,0.4,1,1,17.655276819107105,6.0606060606060606,165,47.368421052631575,1.0390851538576533,26,0.3565792307610155,0.687338699899752
O3PR,flow,0.4,1,2,19.428173900362356,4.242424242424242,165,36.84210526315789,1.0207245849377322,26,0.3812611690793136,0.6789378017848849
O3PR,flow,0.4,1,3,6.6013693568757095,2.4242424242424243,165,63.1578947368421,0.784474228130147,26,0.4058943367342358,0.6018127949684555
O3PR,flow,0.4,1,4,13.491205784628546,3.0303030303030303,165,42.10526315789473,0.6933443196461255,26,0.4027692524813243,0.6578856016284491
O3PR,flow,0.4,1,5,16.340143784896078,5.454545454545454,165,47.368421052631575,0.8240568182256895,26,0.39128193032953557,0.6776247792524359
O3PR,flow,0.4,1,6,15.894274074152005,2.4242424242424243,165,57.89473684210527,0.7927602484346529,26,0.4217189866737575,0.6833988809681898
O3PR,flow,0.4,1,7,6.500134523211447,3.6363636363636362,165,57.89473684210527,0.7801887163976889,26,0.4052280212846049,0.6841884452392194
O3PR,flow,0.4,1,8,13.332677845301296,5.454545454545454,165,52.63157894736842,0.7851167676032199,26,0.3944567054960486,0.6662797325931699
O3PR,flow,0.4,1,9,16.537648509307783,2.4242424242424243,165,42.10526315789473,1.0474274299942277,26,0.37804081946509116,0.6072282394405164
O3PR,flow,0.4,2,0,10.188811170883689,4.242424242424242,165,52.63157894736842,0.6771836493029088,26,0.4746404109204273,0.6440120108024778
O3PR,flow,0.4,2,1,10.826585517407208,4.848484848484849,165,73.68421052631578,0.9987695031806111,26,0.37775521947585605,0.6181297349460746
O3PR,flow,0.4,2,2,9.74959262052329,1.2121212121212122,165,78.94736842105263,0.9202313004015129,26,0.4104790463913991,0.6413635428392768
O3PR,flow,0.4,2,3,21.8739377478215,5.454545454545454,165,26.31578947368421,0.9491767621474435,26,0.42214499006875483,0.6987683879293196
O3PR,flow,0.4,2,4,10.111332647761683,6.666666666666667,165,63.1578947368421,0.6903628309685187,26,0.4280936748787336,0.6916666780842794
O3PR,flow,0.4,2,5,14.703572423714906,3.6363636363636362,165,57.89473684210527,0.9211623598225464,26,0.4059874366281924,0.6100821050373978
O3PR,flow,0.4,2,6,7.771138261332528,4.242424242424242,165,73.68421052631578,0.7415883721278417,26,0.4553035086982507,0.5110548762432159
O3PR,flow,0.4,2,7,15.582032708523707,1.8181818181818181,165,42.10526315789473,0.8142349822868711,26,0.48635598893917237,0.6690627270904083
O3PR,flow,0.4,2,8,17.54874924538816,1.8181818181818181,165,57.89473684210527,0.7663913368447538,26,0.45780426202904184,0.6770462159113958
O3PR,flow,0.4,2,9,8.46742857080335,0.6060606060606061,165,47.368421052631575,0.6027924705843399,26,0.5269058468091817,0.6155563941194498
O3PR,flow,0.4,3,0,12.655917095045218,6.666666666666667,165,63.1578947368421,0.9195882579689845,26,0.4670322390838729,0.6355366277560972
O3PR,flow,0.4,3,1,5.332623365225553,4.242424242424242,165,94.73684210526315,0.5295715165034558,26,0.5526625704024353,0.6736612764380744
O3PR,flow,0.4,3,2,7.251720460817223,8.484848484848484,165,78.94736842105263,0.7568396669686033,26,0.5069816447101522,0.6314026486367411
O3PR,flow,0.4,3,3,8.826935383862523,5.454545454545454,165,63.1578947368421,0.7728625938661128,26,0.511295907944409,0.6852847372755132
O3PR,flow,0.4,3,4,11.808733883015686,1.8181818181818181,165,84.21052631578947,0.9071476955347232,26,0.4523388318945234,0.6597813172690152
O3PR,flow,0.4,3,5,5.797277098034205,3.6363636363636362,165,89.47368421052632,0.5897770550715411,26,0.5018308733871318,0.6926099693351985
O3PR,flow,0.4,3,6,4.061991153284674,7.2727272727272725,165,94.73684210526315,0.5357194404380867,26,0.5201485925652751,0.6117150548203089
O3PR,flow,0.4,3,7,15.287603444537327,2.4242424242424243,165,21.052631578947366,0.7665678208253804,26,0.5388333128442823,0.6835388079668664
O3PR,flow,0.4,3,8,6.51487327238109,5.454545454545454,165,94.73684210526315,0.5405586657547276,26,0.497363460388619,0.6892797212791621
O3PR,flow,0.4,3,9,4.99490594175866,3.6363636363636362,165,89.47368421052632,0.5257866473707016,26,0.5828206955602913,0.6907901298799963
O3PR,flow,0.4,0,0,9.195468163482667,1.8181818181818181,165,63.1578947368421,0.77669888975503,26,0.5488239871784452,0.6415326050361481
O3PR,flow,0.4,0,1,20.527827827428275,1.2121212121212122,165,21.052631578947366,0.9236521372742775,26,0.5619999573587834,0.6128454254339823
O3PR,flow,0.4,0,2,5.529805479173689,3.6363636363636362,165,84.21052631578947,0.5438915486023378,26,0.6468605224296106,0.6911476055577909
O3PR,flow,0.4,0,3,11.056202615766688,6.0606060606060606,165,100.0,0.8024897905190731,26,0.47946282700131226,0.6187203567727481
O3PR,flow,0.4,0,4,7.278632525611571,3.0303030303030303,165,78.94736842105263,0.6789878297690775,26,0.5793750026781234,0.6800090095428198
O3PR,flow,0.4,0,5,13.581374544592805,3.6363636363636362,165,73.68421052631578,1.0070941670541351,26,0.46879740741000664,0.6766087491364373
O3PR,flow,0.4,0,6,8.982284131887491,4.848484848484849,165,89.47368421052632,0.7084601213607314,26,0.558613080829874,0.7019538255999603
O3PR,flow,0.4,0,7,4.978432969130096,1.8181818181818181,165,94.73684210526315,0.5148559587543583,26,0.5880156499788288,0.7045789067859074
O3PR,flow,0.4,0,8,12.69108105095001,5.454545454545454,165,100.0,0.7317316752580542,26,0.4404288077970671,0.6379062484526576
O3PR,flow,0.4,0,9,6.269962524636936,2.4242424242424243,165,100.0,0.5190008389785469,26,0.6194680401176603,0.6838939902183953
O3PR,flow,0.6,1,0,8.073929479025292,3.6363636363636362,165,68.42105263157895,0.7717830994023741,38,0.41274168493103913,0.8262093803769344
O3PR,flow,0.6,1,1,9.375598031820166,1.8181818181818181,165,52.63157894736842,0.6778045272416706,38,0.44795873978930684,0.8309405285007357
O3PR,flow,0.6,1,2,13.149567674518586,1.2121212121212122,165,31.57894736842105,0.6056841787266799,38,0.4689581641193686,0.8203811803122721
O3PR,flow,0.6,1,3,19.503240362946862,2.4242424242424243,165,31.57894736842105,0.9094642392176682,38,0.4118333337453413,0.8463431775854214
O3PR,flow,0.6,1,4,15.807318753547985,6.0606060606060606,165,47.368421052631575,0.7387490793726782,38,0.406852352280532,0.8174586399113546
O3PR,flow,0.6,1,5,14.191202584440244,2.4242424242424243,165,47.368421052631575,0.8380860877294841,38,0.403303055830571,0.8390784356433617
O3PR,flow,0.6,1,6,12.632607050748046,3.0303030303030303,165,42.10526315789473,0.6550376602763662,38,0.4349563930021507,0.8490279787000041
O3PR,flow,0.6,1,7,12.177661965273732,3.6363636363636362,165,36.84210526315789,0.6007888039025412,38,0.43560568393788973,0.7982369247303446
O3PR,flow,0.6,1,8,10.95139326088231,1.8181818181818181,165,52.63157894736842,0.7331271055361972,38,0.4229336235548849,0.8449455565344323
O3PR,flow,0.6,1,9,17.96678969084864,3.0303030303030303,165,42.10526315789473,0.7871988118608059,38,0.4393384679611864,0.7855269797677412
O3PR,flow,0.6,2,0,15.999744082182191,1.8181818181818181,165,26.31578947368421,0.8544850804759113,38,0.51854367707543,0.817054053007173
O3PR,flow,0.6,2,1,7.367333898723137,2.4242424242424243,165,26.31578947368421,0.4277016647213072,38,0.594607427935401,0.8546132429880764
O3PR,flow,0.6,2,2,5.036707506533453,1.2121212121212122,165,47.368421052631575,0.38717210511514366,38,0.5784534998567892,0.815337903958568
O3PR,flow,0.6,2,3,7.263334132699106,4.242424242424242,165,63.1578947368421,0.5383443203180991,38,0.5096559029401027,0.8397221256626017
O3PR,flow,0.6,2,4,8.122777915436629,3.0303030303030303,165,52.63157894736842,0.7756558640524303,38,0.5046395632394207,0.794221708410431
O3PR,flow,0.6,2,5,7.471518420710223,3.0303030303030303,165,42.10526315789473,0.5247314220140219,38,0.5653414850894539,0.8116157599759803
O3PR,flow,0.6,2,6,4.726996429165558,1.8181818181818181,165,63.1578947368421,0.42159132330330695,38,0.5751592589605845,0.8422780361067947
O3PR,flow,0.6,2,7,3.6586172930864818,3.0303030303030303,165,78.94736842105263,0.5224428869212645,38,0.5244657862009288,0.7895997357186746
O3PR,flow,0.6,2,8,17.63722568806298,1.8181818181818181,165,21.052631578947366,0.6786912196802929,38,0.5687383702735224,0.8436773003799911
O3PR,flow,0.6,2,9,4.976765641290711,3.6363636363636362,165,57.89473684210527,0.5885225063470666,38,0.5561143112276958,0.8372884415828786
O3PR,flow,0.6,3,0,3.4674656073718295,0.6060606060606061,165,100.0,0.421455663706092,38,0.6665376353645657,0.8541649809974081
O3PR,flow,0.6,3,1,8.730224308053964,1.8181818181818181,165,21.052631578947366,0.39232023946117517,38,0.6679882350236922,0.8050146238377481
O3PR,flow,0.6,3,2,7.468662587624418,2.4242424242424243,165,42.10526315789473,0.39044958243402406,38,0.6743119744624826,0.8691183002255339
O3PR,flow,0.6,3,3,4.033910533734685,1.8181818181818181,165,94.73684210526315,0.3519614294047471,38,0.6621616857271361,0.8655697892943575
O3PR,flow,0.6,3,4,1.413248792208033,2.4242424242424243,165,84.21052631578947,0.400609264905032,38,0.6498917781201345,0.8770180727029072
O3PR,flow,0.6,3,5,4.060272323573453,2.4242424242424243,165,47.368421052631575,0.35513941857684544,38,0.6815516623819067,0.8523687757169619
O3PR,flow,0.6,3,6,3.8691636341962994,4.848484848484849,165,84.21052631578947,0.5701767134269369,38,0.5922404698773679,0.8170228426410169
O3PR,flow,0.6,3,7,2.505547173445784,1.2121212121212122,165,57.89473684210527,0.4159457076852037,38,0.66190796913554,0.817552805228447
O3PR,flow,0.6,3,8,2.9594703109730216,2.4242424242424243,165,94.73684210526315,0.49590444054542676,38,0.6328065287782465,0.8189197809851727
O3PR,flow,0.6,3,9,4.382522375034373,3.0303030303030303,165,94.73684210526315,0.6537748541893583,38,0.5718023866914008,0.8324531722494402
O3PR,flow,0.6,0,0,4.714266897057036,3.0303030303030303,165,94.73684210526315,0.33625549710869057,38,0.7485280421132318,0.8597645789139611
O3PR,flow,0.6,0,1,5.701037493989186,2.4242424242424243,165,36.84210526315789,0.23517053001244165,38,0.7745441272913013,0.8451024225486772
O3PR,flow,0.6,0,2,3.93529444159295,1.2121212121212122,165,89.47368421052632,0.4036406902608454,38,0.7703932828266203,0.8273034549774195
O3PR,flow,0.6,0,3,6.807233544597313,1.8181818181818181,165,94.73684210526315,0.2952261624665702,38,0.7650492504506536,0.8593108804631743
O3PR,flow,0.6,0,4,7.362430403805195,4.848484848484849,165,89.47368421052632,0.21793996044773747,38,0.7565465132248615,0.8432537838530889
O3PR,flow,0.6,0,5,8.548351704160421,5.454545454545454,165,100.0,0.5596057751626291,38,0.6961226826337599,0.8300359792415407
O3PR,flow,0.6,0,6,6.65147821182351,4.848484848484849,165,100.0,0.5711466486306859,38,0.6725036737162039,0.838555122506574
O3PR,flow,0.6,0,7,16.24763579852052,3.0303030303030303,165,63.1578947368421,1.0775819691065676,38,0.5586608357533368,0.7723987513353272
O3PR,flow,0.6,0,8,4.646197830572824,0.0,165,47.368421052631575,0.2653094266932345,38,0.7706138387664673,0.8327999766959542
O3PR,flow,0.6,0,9,1.5468662167003246,3.0303030303030303,165,89.47368421052632,0.3509562603815298,38,0.7511777879808903,0.8487033663236386
O3PR,flow,0.8,1,0,11.927220482583396,1.8181818181818181,165,42.10526315789473,0.6405927923268494,51,0.47842119430781027,0.9542137712129395
O3PR,flow,0.8,1,1,7.7542437806521285,0.6060606060606061,165,42.10526315789473,0.5664646620093146,51,0.4690441484605046,0.9505950696680902
O3PR,flow,0.8,1,2,10.939815364173578,1.2121212121212122,165,42.10526315789473,0.6352377680590422,51,0.4806444227348972,0.9546642140725801
O3PR,flow,0.8,1,3,12.927318154155834,3.0303030303030303,165,31.57894736842105,0.6972436718415925,51,0.4786092744446035,0.9524995870604298
O3PR,flow,0.8,1,4,10.200267452481022,1.2121212121212122,165,47.368421052631575,0.6714991963744557,51,0.492709297933491,0.9483063548109583
O3PR,flow,0.8,1,5,10.72928050563371,0.6060606060606061,165,36.84210526315789,0.6379346392409067,51,0.48779533655949087,0.9669633797658137
O3PR,flow,0.8,1,6,6.686690471197792,0.6060606060606061,165,63.1578947368421,0.6880734268505222,51,0.4790219764006805,0.9697752352099748
O3PR,flow,0.8,1,7,8.516336673916667,0.6060606060606061,165,52.63157894736842,0.6466462767692047,51,0.4752719546732321,0.9378056466867452
O3PR,flow,0.8,1,8,10.672092991882888,0.6060606060606061,165,36.84210526315789,0.6148882949435511,51,0.4876492403661807,0.9653205917898622
O3PR,flow,0.8,1,9,10.646788214002116,1.8181818181818181,165,52.63157894736842,0.6125012166951268,51,0.47555628770079883,0.9478874222798028
O3PR,flow,0.8,2,0,6.171507980164089,0.0,165,26.31578947368421,0.3759055154706247,51,0.6677432431400433,0.9561086555293362
O3PR,flow,0.8,2,1,7.871831790469415,2.4242424242424243,165,21.052631578947366,0.45549814413354217,51,0.6331914624456215,0.9594772530549635
O3PR,flow,0.8,2,2,6.993796076099179,2.4242424242424243,165,21.052631578947366,0.41412348790602627,51,0.6341375706939774,0.9630224524020256
O3PR,flow,0.8,2,3,6.01465410872175,1.8181818181818181,165,36.84210526315789,0.39623432882845894,51,0.6536708704627355,0.9553449828638486
O3PR,flow,0.8,2,4,6.651891790519918,2.4242424242424243,165,26.31578947368421,0.38070872274541645,51,0.6222033348543284,0.9446459705008445
O3PR,flow,0.8,2,5,5.680874808781304,1.8181818181818181,165,36.84210526315789,0.38249427435626304,51,0.6388187045125034,0.9520627756317412
O3PR,flow,0.8,2,6,4.607680611378908,0.0,165,36.84210526315789,0.36022347530136717,51,0.6711206587806372,0.9483949785382774
O3PR,flow,0.8,2,7,4.903812212992085,1.8181818181818181,165,31.57894736842105,0.36823658955108574,51,0.6350612840990998,0.9455850394248826
O3PR,flow,0.8,2,8,3.972999063382844,0.0,165,73.68421052631578,0.38207697347643693,51,0.6292703728373478,0.9486193897841305
O3PR,flow,0.8,2,9,5.417291629566033,0.6060606060606061,165,42.10526315789473,0.38058911438190623,51,0.6496574596756267,0.9599234918711408
O3PR,flow,0.8,3,0,2.892348233269906,0.0,165,26.31578947368421,0.19292863348197598,51,0.78807843515653,0.954785759379724
O3PR,flow,0.8,3,1,1.4608589038127036,0.0,165,100.0,0.2177366274354025,51,0.7582852860661429,0.9619546207915253
O3PR,flow,0.8,3,2,1.7320617558727949,1.8181818181818181,165,100.0,0.3965650314470368,51,0.7010302236348708,0.9438767053948272
O3PR,flow,0.8,3,3,5.374473513534543,1.8181818181818181,165,5.263157894736842,0.25399168790674015,51,0.7727197949133293,0.9611051549003921
O3PR,flow,0.8,3,4,4.406453314763004,2.4242424242424243,165,10.526315789473683,0.312322587695898,51,0.7528086114964054,0.9610962451621798
O3PR,flow,0.8,3,5,1.1553613967926157,0.0,165,100.0,0.21881889229874044,51,0.7617380260348311,0.9622587300284947
O3PR,flow,0.8,3,6,3.424702793232959,4.848484848484849,165,26.31578947368421,0.32830970047024705,51,0.6914997590181825,0.9358344828070712
O3PR,flow,0.8,3,7,2.9773337059379217,0.0,165,10.526315789473683,0.2163065502373714,51,0.8040599809674935,0.9645795739935452
O3PR,flow,0.8,3,8,3.771609383815072,1.8181818181818181,165,10.526315789473683,0.2154501023765684,51,0.7768335614692733,0.9699148033965698
O3PR,flow,0.8,3,9,3.8400038233761515,1.2121212121212122,165,21.052631578947366,0.21840427308903984,51,0.7664132936713293,0.956357531131401
O3PR,flow,0.8,0,0,0.8965864158997864,1.8181818181818181,165,89.47368421052632,0.12669773556719155,51,0.9126208888513853,0.9691550525242772
O3PR,flow,0.8,0,1,1.3354891568490865,1.8181818181818181,165,100.0,0.16184390079304367,51,0.9061829986570117,0.9579165764813254
O3PR,flow,0.8,0,2,0.1778929205801392,0.0,165,100.0,0.040505794417974327,51,0.9744303733217109,0.9585384949490342
O3PR,flow,0.8,0,3,0.8356854930443022,1.8181818181818181,165,89.47368421052632,0.15482327553167968,51,0.9014734094820644,0.946313438805885
O3PR,flow,0.8,0,4,0.6922099985782583,2.4242424242424243,165,89.47368421052632,0.06054362313223256,51,0.9158534457215258,0.9647096490866176
O3PR,flow,0.8,0,5,0.39426804194504306,0.0,165,100.0,0.0814377650660954,51,0.9267265430520123,0.9426608575158282
O3PR,flow,0.8,0,6,2.956475254560692,0.0,165,94.73684210526315,0.1741248432291156,51,0.9045206702954731,0.9517852293445742
O3PR,flow,0.8,0,7,1.2266556366510237,0.0,165,100.0,0.0864818279233984,51,0.9506339347051664,0.9593341721666543
O3PR,flow,0.8,0,8,1.7116133351794418,0.6060606060606061,165,100.0,0.07936433077627597,51,0.9293297522237405,0.9488117673386536
O3PR,flow,0.8,0,9,1.005518746446579,0.0,165,100.0,0.06100698296822058,51,0.9401670231709697,0.9459382556376025
O3PR,flow,1.0,1,0,11.350385580471267,0.6060606060606061,165,36.84210526315789,0.6096722043964146,64,0.49872849452047474,1.0
O3PR,flow,1.0,1,1,11.350385580471267,0.6060606060606061,165,31.57894736842105,0.5696501844932145,64,0.49872849452047474,1.0
O3PR,flow,1.0,1,2,11.350385580471267,0.6060606060606061,165,31.57894736842105,0.6844911539153007,64,0.49872849452047474,1.0
O3PR,flow,1.0,1,3,11.350385580471267,0.6060606060606061,165,26.31578947368421,0.5833335241716375,64,0.49872849452047474,1.0
O3PR,flow,1.0,1,4,11.350385580471267,0.6060606060606061,165,36.84210526315789,0.5766571315040598,64,0.49872849452047474,1.0
O3PR,flow,1.0,1,5,11.350385580471267,0.6060606060606061,165,36.84210526315789,0.6295602438298091,64,0.49872849452047474,1.0
O3PR,flow,1.0,1,6,11.350385580471267,0.6060606060606061,165,31.57894736842105,0.6711434575795112,64,0.49872849452047474,1.0
O3PR,flow,1.0,1,7,11.350385580471267,0.6060606060606061,165,36.84210526315789,0.6302004369050368,64,0.49872849452047474,1.0
O3PR,flow,1.0,1,8,11.350385580471267,0.6060606060606061,165,36.84210526315789,0.5985929758200595,64,0.49872849452047474,1.0
O3PR,flow,1.0,1,9,11.350385580471267,0.6060606060606061,165,26.31578947368421,0.55443715092581,64,0.49872849452047474,1.0
O3PR,flow,1.0,2,0,6.910574386737552,0.0,165,15.789473684210526,0.365486398107605,64,0.6872364050495261,1.0
O3PR,flow,1.0,2,1,6.910574386737552,0.0,165,26.31578947368421,0.3530598031993541,64,0.6872364050495261,1.0
O3PR,flow,1.0,2,2,6.910574386737552,0.0,165,31.57894736842105,0.371393469379971,64,0.6872364050495261,1.0
O3PR,flow,1.0,2,3,6.910574386737552,0.0,165,26.31578947368421,0.3801037017739663,64,0.6872364050495261,1.0
O3PR,flow,1.0,2,4,6.910574386737552,0.0,165,21.052631578947366,0.36597698767076997,64,0.6872364050495261,1.0
O3PR,flow,1.0,2,5,6.910574386737552,0.0,165,31.57894736842105,0.3621713260505427,64,0.6872364050495261,1.0
O3PR,flow,1.0,2,6,6.910574386737552,0.0,165,15.789473684210526,0.3365886727145901,64,0.6872364050495261,1.0
O3PR,flow,1.0,2,7,6.910574386737552,0.0,165,15.789473684210526,0.3341270112227304,64,0.6872364050495261,1.0
O3PR,flow,1.0,2,8,6.910574386737552,0.0,165,31.57894736842105,0.33885691281470404,64,0.6872364050495261,1.0
O3PR,flow,1.0,2,9,6.910574386737552,0.0,165,26.31578947368421,0.37229004584009934,64,0.6872364050495261,1.0
O3PR,flow,1.0,3,0,3.9775298418839036,0.0,165,10.526315789473683,0.1797162948534992,64,0.8130869547510791,1.0
O3PR,flow,1.0,3,1,3.9775298418839036,0.0,165,5.263157894736842,0.20866246033575578,64,0.8130869547510791,1.0
O3PR,flow,1.0,3,2,3.9775298418839036,0.0,165,26.31578947368421,0.20495102718997232,64,0.8130869547510791,1.0
O3PR,flow,1.0,3,3,3.9775298418839036,0.0,165,10.526315789473683,0.19188173083067486,64,0.8130869547510791,1.0
O3PR,flow,1.0,3,4,3.9775298418839036,0.0,165,26.31578947368421,0.19499047583213125,64,0.8130869547510791,1.0
O3PR,flow,1.0,3,5,3.9775298418839036,0.0,165,5.263157894736842,0.20833344065595014,64,0.8130869547510791,1.0
O3PR,flow,1.0,3,6,3.9775298418839036,0.0,165,21.052631578947366,0.1909222829564729,64,0.8130869547510791,1.0
O3PR,flow,1.0,3,7,3.9775298418839036,0.0,165,15.789473684210526,0.19654709482504681,64,0.8130869547510791,1.0
O3PR,flow,1.0,3,8,3.9775298418839036,0.0,165,5.263157894736842,0.17766538545367322,64,0.8130869547510791,1.0
O3PR,flow,1.0,3,9,3.9775298418839036,0.0,165,5.263157894736842,0.19558633992842198,64,0.8130869547510791,1.0
O3PR,flow,1.0,0,0,3.59545944896826e-08,0.0,165,0.0,2.203888027837488e-10,64,0.9999999979803058,1.0
O3PR,flow,1.0,0,1,3.59545944896826e-08,0.0,165,0.0,2.1713375174708474e-10,64,0.9999999979803058,1.0
O3PR,flow,1.0,0,2,3.59545944896826e-08,0.0,165,0.0,1.4439976115982884e-10,64,0.9999999979803058,1.0
O3PR,flow,1.0,0,3,3.59545944896826e-08,0.0,165,0.0,2.3080765822259702e-10,64,0.9999999979803058,1.0
O3PR,flow,1.0,0,4,3.59545944896826e-08,0.0,165,0.0,2.085254055566012e-10,64,0.9999999979803058,1.0
O3PR,flow,1.0,0,5,3.59545944896826e-08,0.0,165,0.0,2.2663659558045038e-10,64,0.9999999979803058,1.0
O3PR,flow,1.0,0,6,3.59545944896826e-08,0.0,165,100.0,2.498653475529402e-10,64,0.9999999979803058,1.0
O3PR,flow,1.0,0,7,3.59545944896826e-08,0.0,165,0.0,2.1623545752256727e-10,64,0.9999999979803058,1.0
O3PR,flow,1.0,0,8,3.59545944896826e-08,0.0,165,0.0,2.212034571643595e-10,64,0.9999999979803058,1.0
O3PR,flow,1.0,0,9,3.59545944896826e-08,0.0,165,0.0,2.0521616694568668e-10,64,0.9999999979803058,1.0
O3PR,cluster,0.0,1,0,18.420342774164503,7.2727272727272725,165,57.89473684210527,1.16913972689169,0,0.2413277277320099,0.0
O3PR,cluster,0.0,1,1,18.420342774164503,7.2727272727272725,165,52.63157894736842,1.261632370227857,0,0.2413277277320099,0.0
O3PR,cluster,0.0,1,2,18.420342774164503,7.2727272727272725,165,52.63157894736842,1.1507187681087852,0,0.2413277277320099,0.0
O3PR,cluster,0.0,1,3,18.420342774164503,7.2727272727272725,165,47.368421052631575,1.222906047742795,0,0.2413277277320099,0.0
O3PR,cluster,0.0,1,4,18.420342774164503,7.2727272727272725,165,52.63157894736842,1.088786189096414,0,0.2413277277320099,0.0
O3PR,cluster,0.0,1,5,18.420342774164503,7.2727272727272725,165,52.63157894736842,1.15690632822182,0,0.2413277277320099,0.0
O3PR,cluster,0.0,1,6,18.420342774164503,7.2727272727272725,165,52.63157894736842,1.2579544160028613,0,0.2413277277320099,0.0
O3PR,cluster,0.0,1,7,18.420342774164503,7.2727272727272725,165,52.63157894736842,1.2093760712867772,0,0.2413277277320099,0.0
O3PR,cluster,0.0,1,8,18.420342774164503,7.2727272727272725,165,52.63157894736842,1.1365394952112637,0,0.2413277277320099,0.0
O3PR,cluster,0.0,1,9,18.420342774164503,7.2727272727272725,165,52.63157894736842,1.1730468897286617,0,0.2413277277320099,0.0
O3PR,cluster,0.0,2,0,18.420342774164503,7.2727272727272725,165,57.89473684210527,1.154526321042994,0,0.2413277277320099,0.0
O3PR,cluster,0.0,2,1,18.420342774164503,7.2727272727272725,165,52.63157894736842,1.1319672436252632,0,0.2413277277320099,0.0
O3PR,cluster,0.0,2,2,18.420342774164503,7.2727272727272725,165,52.63157894736842,1.1832856702060461,0,0.2413277277320099,0.0
O3PR,cluster,0.0,2,3,18.420342774164503,7.2727272727272725,165,52.63157894736842,1.207204797506517,0,0.2413277277320099,0.0
O3PR,cluster,0.0,2,4,18.420342774164503,7.2727272727272725,165,52.63157894736842,1.1359002206725752,0,0.2413277277320099,0.0
O3PR,cluster,0.0,2,5,18.420342774164503,7.2727272727272725,165,57.89473684210527,1.1689030415810833,0,0.2413277277320099,0.0
O3PR,cluster,0.0,2,6,18.420342774164503,7.2727272727272725,165,52.63157894736842,1.2771814383853926,0,0.2413277277320099,0.0
O3PR,cluster,0.0,2,7,18.420342774164503,7.2727272727272725,165,52.63157894736842,1.079933666390352,0,0.2413277277320099,0.0
O3PR,cluster,0.0,2,8,18.420342774164503,7.2727272727272725,165,52.63157894736842,1.201585437310083,0,0.2413277277320099,0.0
O3PR,cluster,0.0,2,9,18.420342774164503,7.2727272727272725,165,52.63157894736842,1.165285155096556,0,0.2413277277320099,0.0
O3PR,cluster,0.0,3,0,18.420342774164503,7.2727272727272725,165,52.63157894736842,1.1934565662538617,0,0.2413277277320099,0.0
O3PR,cluster,0.0,3,1,18.420342774164503,7.2727272727272725,165,52.63157894736842,1.2029879881754704,0,0.2413277277320099,0.0
O3PR,cluster,0.0,3,2,18.420342774164503,7.2727272727272725,165,52.63157894736842,1.1611793726429016,0,0.2413277277320099,0.0
O3PR,cluster,0.0,3,3,18.420342774164503,7.2727272727272725,165,52.63157894736842,1.1880088134306015,0,0.2413277277320099,0.0
O3PR,cluster,0.0,3,4,18.420342774164503,7.2727272727272725,165,52.63157894736842,1.1959850716621185,0,0.2413277277320099,0.0
O3PR,cluster,0.0,3,5,18.420342774164503,7.2727272727272725,165,52.63157894736842,1.086524292068297,0,0.2413277277320099,0.0
O3PR,cluster,0.0,3,6,18.420342774164503,7.2727272727272725,165,52.63157894736842,1.213895141649226,0,0.2413277277320099,0.0
O3PR,cluster,0.0,3,7,18.420342774164503,7.2727272727272725,165,52.63157894736842,1.1538507221635679,0,0.2413277277320099,0.0
O3PR,cluster,0.0,3,8,18.420342774164503,7.2727272727272725,165,52.63157894736842,1.2050981975720916,0,0.2413277277320099,0.0
O3PR,cluster,0.0,3,9,18.420342774164503,7.2727272727272725,165,52.63157894736842,1.125756606782621,0,0.2413277277320099,0.0
O3PR,cluster,0.0,0,0,18.420342774164503,7.2727272727272725,165,57.89473684210527,1.071031534744586,0,0.2413277277320099,0.0
O3PR,cluster,0.0,0,1,18.420342774164503,7.2727272727272725,165,47.368421052631575,1.1106075537697901,0,0.2413277277320099,0.0
O3PR,cluster,0.0,0,2,18.420342774164503,7.2727272727272725,165,52.63157894736842,1.1350407648282759,0,0.2413277277320099,0.0
O3PR,cluster,0.0,0,3,18.420342774164503,7.2727272727272725,165,57.89473684210527,1.3544226828337376,0,0.2413277277320099,0.0
O3PR,cluster,0.0,0,4,18.420342774164503,7.2727272727272725,165,52.63157894736842,1.2619254225857293,0,0.2413277277320099,0.0
O3PR,cluster,0.0,0,5,18.420342774164503,7.2727272727272725,165,52.63157894736842,1.2369771850467728,0,0.2413277277320099,0.0
O3PR,cluster,0.0,0,6,18.420342774164503,7.2727272727272725,165,57.89473684210527,1.2131197548730246,0,0.2413277277320099,0.0
O3PR,cluster,0.0,0,7,18.420342774164503,7.2727272727272725,165,52.63157894736842,1.1868336566346211,0,0.2413277277320099,0.0
O3PR,cluster,0.0,0,8,18.420342774164503,7.2727272727272725,165,52.63157894736842,1.149063487739563,0,0.2413277277320099,0.0
O3PR,cluster,0.0,0,9,18.420342774164503,7.2727272727272725,165,52.63157894736842,1.1623832965575291,0,0.2413277277320099,0.0
O3PR,cluster,0.05,1,0,18.406553341671792,7.2727272727272725,165,52.63157894736842,1.1516686801331064,3,0.24147202437040707,0.06313224010003665
O3PR,cluster,0.05,1,1,18.406553341671792,7.2727272727272725,165,52.63157894736842,1.229131067943097,3,0.24147202437040707,0.06313224010003665
O3PR,cluster,0.05,1,2,14.121492018985474,3.0303030303030303,165,52.63157894736842,1.0957888629138932,3,0.28093807218672884,0.026073557548550546
O3PR,cluster,0.05,1,3,18.402903470358147,7.2727272727272725,165,52.63157894736842,1.2460844477994586,3,0.2421605846206895,0.025862108674816132
O3PR,cluster,0.05,1,4,18.568930984236204,7.2727272727272725,165,52.63157894736842,1.1741964355220589,3,0.2413988327512168,0.05182427906908105
O3PR,cluster,0.05,1,5,17.96587756882963,7.2727272727272725,165,57.89473684210527,1.3110634791238547,3,0.2421600106198027,0.015612595861347067
O3PR,cluster,0.05,1,6,14.19913246376441,4.848484848484849,165,52.63157894736842,1.0373278437599707,3,0.27493862000791314,0.07097570422033173
O3PR,cluster,0.05,1,7,18.424550055987524,7.2727272727272725,165,52.63157894736842,1.1632738348082792,3,0.24141664933197293,0.003690659365159404
O3PR,cluster,0.05,1,8,18.472831374886443,7.2727272727272725,165,52.63157894736842,1.1735200048814556,3,0.2414288077168235,0.05186801014853576
O3PR,cluster,0.05,1,9,18.906236624100224,7.2727272727272725,165,52.63157894736842,1.226604512373473,3,0.24169535159527977,0.06532812547231562
O3PR,cluster,0.05,2,0,16.73729747502171,7.878787878787879,165,63.1578947368421,1.0734386591380678,3,0.305143020528164,0.0434167886392535
O3PR,cluster,0.05,2,1,18.727129494785416,7.2727272727272725,165,52.63157894736842,1.1218798469597062,3,0.24126952037856617,0.0229084304700583
O3PR,cluster,0.05,2,2,19.37187766718052,6.666666666666667,165,52.63157894736842,1.1006339573029034,3,0.25521406528341667,0.05284738372519379
O3PR,cluster,0.05,2,3,22.214525834153406,6.666666666666667,165,52.63157894736842,1.2410653445611635,3,0.24476517925685426,0.10445038029835423
O3PR,cluster,0.05,2,4,18.42738520939845,7.2727272727272725,165,52.63157894736842,1.1583632186618111,3,0.24148053370676673,0.005829982697933032
O3PR,cluster,0.05,2,5,18.5661822915984,7.2727272727272725,165,57.89473684210527,1.1617820915357515,3,0.24121714531735985,0.03565280767991144
O3PR,cluster,0.05,2,6,18.554788246663566,7.2727272727272725,165,52.63157894736842,1.2860639632775512,3,0.24156506525553825,0.0219015397777126
O3PR,cluster,0.05,2,7,18.316654666266807,7.2727272727272725,165,57.89473684210527,1.1466696741515638,3,0.24580594944620715,0.01945086983116223
O3PR,cluster,0.05,2,8,18.42738520939845,7.2727272727272725,165,52.63157894736842,1.168567628567544,3,0.24148053370676673,0.005829982697933032
O3PR,cluster,0.05,2,9,18.697684945623376,7.2727272727272725,165,52.63157894736842,1.1805377568712907,3,0.2440701783631188,0.03454303676493605
O3PR,cluster,0.05,3,0,17.202919278321403,7.2727272727272725,165,57.89473684210527,1.2986324853925537,3,0.2430922541450048,0.03087743710979242
O3PR,cluster,0.05,3,1,22.203698197332603,6.666666666666667,165,47.368421052631575,1.2707799208245456,3,0.24478720043425153,0.10445038029835423
O3PR,cluster,0.05,3,2,12.678824088586255,3.0303030303030303,165,57.89473684210527,1.1193452685844205,3,0.2879349502275394,0.026073557548550546
O3PR,cluster,0.05,3,3,14.146974365060105,4.848484848484849,165,57.89473684210527,1.0543532647017193,3,0.2520565154022135,0.008540817114548405
O3PR,cluster,0.05,3,4,19.04510634509068,7.2727272727272725,165,52.63157894736842,1.1674363128773255,3,0.24154713554132073,0.03285390203801919
O3PR,cluster,0.05,3,5,18.427413919063422,7.2727272727272725,165,52.63157894736842,1.1336354450939268,3,0.24148098381338118,0.005829982697933032
O3PR,cluster,0.05,3,6,17.202919278321403,7.2727272727272725,165,52.63157894736842,1.146608083358014,3,0.2430922541450048,0.03087743710979242
O3PR,cluster,0.05,3,7,12.678824088586255,3.0303030303030303,165,57.89473684210527,1.0391837755100575,3,0.2879349502275394,0.026073557548550546
O3PR,cluster,0.05,3,8,14.23967023372639,7.878787878787879,165,78.94736842105263,1.121171934203416,3,0.31625332792932964,0.07205476070686871
O3PR,cluster,0.05,3,9,15.365116689381683,7.878787878787879,165,63.1578947368421,1.0595123315891295,3,0.3005486505372031,0.04699663220694478
O3PR,cluster,0.05,0,0,17.03682209506535,7.2727272727272725,165,52.63157894736842,1.147496085873934,3,0.24319515122049312,0.029580531410451374
O3PR,cluster,0.05,0,1,22.20263991909171,6.666666666666667,165,52.63157894736842,1.2452207814400882,3,0.244789383181611,0.10445038029835423
O3PR,cluster,0.05,0,2,18.22422633748231,7.2727272727272725,165,52.63157894736842,1.1770228545688648,3,0.2438791639084049,0.07229722282865707
O3PR,cluster,0.05,0,3,12.65516356025535,3.0303030303030303,165,52.63157894736842,1.0351238782582184,3,0.28821755816999994,0.026073557548550546
O3PR,cluster,0.05,0,4,18.492890970860714,7.2727272727272725,165,52.63157894736842,1.1605726714311362,3,0.24263152817176506,0.027084202055187225
O3PR,cluster,0.05,0,5,18.97287782733466,7.2727272727272725,165,57.89473684210527,1.1672333004541546,3,0.2835227290239793,0.04201343402260066
O3PR,cluster,0.05,0,6,18.849847971667163,7.2727272727272725,165,52.63157894736842,1.2788116959843203,3,0.24196459244279425,0.07908251012595391
O3PR,cluster,0.05,0,7,12.65516356025535,3.0303030303030303,165,63.1578947368421,1.1296614552159516,3,0.28821755816999994,0.026073557548550546
O3PR,cluster,0.05,0,8,22.20263991909171,6.666666666666667,165,52.63157894736842,1.1641693598268954,3,0.244789383181611,0.10445038029835423
O3PR,cluster,0.05,0,9,18.443393178375743,7.2727272727272725,165,52.63157894736842,1.1296703400673491,3,0.24149867836280586,0.06313224010003665
O3PR,cluster,0.1,1,0,18.877316257100123,7.878787878787879,165,52.63157894736842,1.0712659328030927,6,0.2675648365874983,0.07520054792844552
O3PR,cluster,0.1,1,1,12.682027473921814,6.666666666666667,165,57.89473684210527,1.1122760195301926,6,0.2532300523552307,0.14483870069679586
O3PR,cluster,0.1,1,2,15.850699233502652,6.666666666666667,165,42.10526315789473,1.0101747540167245,6,0.26316422943963613,0.08059363977909215
O3PR,cluster,0.1,1,3,19.503066236010095,6.666666666666667,165,42.10526315789473,0.9206544310180994,6,0.28890654649948777,0.08662759514680242
O3PR,cluster,0.1,1,4,22.37090212105845,6.666666666666667,165,52.63157894736842,1.2249935346081378,6,0.24482716558941947,0.11589140233311056
O3PR,cluster,0.1,1,5,17.555107071582125,5.454545454545454,165,52.63157894736842,1.1106620514279075,6,0.2666497409766516,0.12366249325668961
O3PR,cluster,0.1,1,6,18.50382327359138,7.2727272727272725,165,57.89473684210527,1.099960247123879,6,0.2777517648956838,0.08313236323885806
O3PR,cluster,0.1,1,7,19.124034282979466,6.666666666666667,165,47.368421052631575,1.1412854519045466,6,0.2519762008989909,0.11597962382523043
O3PR,cluster,0.1,1,8,13.673041596164037,3.0303030303030303,165,57.89473684210527,1.087279899749506,6,0.29134440950130075,0.11364265902757413
O3PR,cluster,0.1,1,9,10.9998319196479,7.2727272727272725,165,78.94736842105263,1.089574718341959,6,0.29067960711375956,0.10190524621509615
O3PR,cluster,0.1,2,0,18.853237654038523,7.2727272727272725,165,52.63157894736842,1.0862344420155088,6,0.24243919977686015,0.0998031622056168
O3PR,cluster,0.1,2,1,22.340968673477622,6.666666666666667,165,52.63157894736842,1.3270159326497826,6,0.24558507065961502,0.11981524898483967
O3PR,cluster,0.1,2,2,11.668880114947806,7.2727272727272725,165,84.21052631578947,0.9879529763647009,6,0.29296005312703643,0.141765011849306
O3PR,cluster,0.1,2,3,19.72025712317496,6.0606060606060606,165,52.63157894736842,1.3323075402645845,6,0.2723812688598667,0.09675985582825437
O3PR,cluster,0.1,2,4,21.538661415398437,6.666666666666667,165,47.368421052631575,1.1640774605481123,6,0.2631677754118508,0.16530761181995393
O3PR,cluster,0.1,2,5,11.68586932998915,7.2727272727272725,165,89.47368421052632,1.0703959914984829,6,0.3056407486381949,0.14948236323605815
O3PR,cluster,0.1,2,6,19.082391449266876,7.2727272727272725,165,52.63157894736842,1.0249085073066115,6,0.2414686352984472,0.06857604329637758
O3PR,cluster,0.1,2,7,19.507175245893425,7.2727272727272725,165,52.63157894736842,1.1591915052057962,6,0.2447300457358914,0.1186635233387552
O3PR,cluster,0.1,2,8,12.779539140426396,7.878787878787879,165,78.94736842105263,1.0733616452495982,6,0.341632363152264,0.1305935079670742
O3PR,cluster,0.1,2,9,19.82501126974164,6.666666666666667,165,52.63157894736842,1.1859743340711124,6,0.2592724061831347,0.09437071586873752
O3PR,cluster,0.1,3,0,18.258164265946373,7.2727272727272725,165,52.63157894736842,1.1870913588771972,6,0.24668315138406213,0.02945242635568601
O3PR,cluster,0.1,3,1,17.582459111363175,7.2727272727272725,165,52.63157894736842,1.2574431129831172,6,0.2468272398104623,0.0890359841175009
O3PR,cluster,0.1,3,2,18.476018473674497,7.2727272727272725,165,52.63157894736842,1.2296115381385555,6,0.24154637331747422,0.07517438721384262
O3PR,cluster,0.1,3,3,18.67581023496275,7.2727272727272725,165,52.63157894736842,1.151586621777439,6,0.2414587903331443,0.0637717626426498
O3PR,cluster,0.1,3,4,17.07426972437136,5.454545454545454,165,52.63157894736842,1.0603084037606123,6,0.2842327646606364,0.14346134395805293
O3PR,cluster,0.1,3,5,14.134774789159325,4.848484848484849,165,57.89473684210527,1.0893006719822702,6,0.2991829058820342,0.11931898959336053
O3PR,cluster,0.1,3,6,12.771784658974946,7.2727272727272725,165,73.68421052631578,1.0106631421294265,6,0.26502821538113597,0.0750979402430178
O3PR,cluster,0.1,3,7,22.167066203447074,6.666666666666667,165,52.63157894736842,1.1553922007206463,6,0.24505934247920247,0.13156345644167067
O3PR,cluster,0.1,3,8,19.077951010827295,7.2727272727272725,165,57.89473684210527,1.0958160118659794,6,0.24161553221819057,0.04140831287396957
O3PR,cluster,0.1,3,9,17.98828132019808,7.2727272727272725,165,52.63157894736842,1.1429076146220123,6,0.24234757086755074,0.07978571609944575
O3PR,cluster,0.1,0,0,17.92709660317818,5.454545454545454,165,52.63157894736842,1.0138572867439917,6,0.28940778861245464,0.09973888970585927
O3PR,cluster,0.1,0,1,22.18999375574007,6.0606060606060606,165,52.63157894736842,1.2186416650279237,6,0.24271622509559007,0.15510459373886581
O3PR,cluster,0.1,0,2,21.133552142114844,6.0606060606060606,165,52.63157894736842,1.18483568346857,6,0.3021236842437463,0.11013572973150508
O3PR,cluster,0.1,0,3,16.965873834581796,7.2727272727272725,165,52.63157894736842,1.2330051495986531,6,0.2434192460552421,0.0629188354719161
O3PR,cluster,0.1,0,4,14.055038033805415,7.878787878787879,165,84.21052631578947,1.0766815262764005,6,0.31803931837016114,0.12392277085540448
O3PR,cluster,0.1,0,5,12.68461843168952,3.0303030303030303,165,57.89473684210527,1.0407146904608668,6,0.28838072600469866,0.03190354024648358
O3PR,cluster,0.1,0,6,18.299197145153663,7.878787878787879,165,52.63157894736842,1.0534726140286597,6,0.2703624323857489,0.10965349200768422
O3PR,cluster,0.1,0,7,14.346837866323764,7.878787878787879,165,78.94736842105263,1.1120171507817478,6,0.3287573436149447,0.14721607127722902
O3PR,cluster,0.1,0,8,14.685165436427027,7.2727272727272725,165,73.68421052631578,1.1617981791761893,6,0.2834007890997204,0.09503655282093733
O3PR,cluster,0.1,0,9,19.690188573464248,7.2727272727272725,165,52.63157894736842,1.1168049793790293,6,0.2892399585113974,0.09845829395823061
O3PR,cluster,0.2,1,0,16.762231838457847,6.666666666666667,165,52.63157894736842,1.1151100982219484,13,0.24809177326118276,0.16199450789658387
O3PR,cluster,0.2,1,1,17.532853566866937,7.2727272727272725,165,57.89473684210527,1.2372149463730089,13,0.24421747999515778,0.1809619527244583
O3PR,cluster,0.2,1,2,12.819719933139192,3.6363636363636362,165,84.21052631578947,0.8674495374580565,13,0.3659264188795574,0.219560966976025
O3PR,cluster,0.2,1,3,16.282565967152465,4.848484848484849,165,47.368421052631575,1.005510275118059,13,0.32750691216637406,0.1543978710641629
O3PR,cluster,0.2,1,4,17.850396064070654,7.2727272727272725,165,47.368421052631575,1.1760076471758374,13,0.28387498630052244,0.2045627202472688
O3PR,cluster,0.2,1,5,13.810868375003729,3.6363636363636362,165,73.68421052631578,1.0026051247383625,13,0.36167946373545995,0.24137664096577607
O3PR,cluster,0.2,1,6,17.183451102134033,5.454545454545454,165,57.89473684210527,0.9733092736328194,13,0.34735648183332024,0.23181148449303246
O3PR,cluster,0.2,1,7,16.329879994762454,6.666666666666667,165,52.63157894736842,0.9851875157339122,13,0.28960998516514475,0.25108978685324784
O3PR,cluster,0.2,1,8,12.167134015555241,8.484848484848484,165,68.42105263157895,1.1064039869747182,13,0.338261668645009,0.23189653152667433
O3PR,cluster,0.2,1,9,14.232136262812602,3.0303030303030303,165,57.89473684210527,1.0790658055456441,13,0.28512686985510705,0.20433263828500203
O3PR,cluster,0.2,2,0,21.10693861236135,6.666666666666667,165,52.63157894736842,1.207226122448794,13,0.24919140108915744,0.2505337898210717
O3PR,cluster,0.2,2,1,19.574399772481836,7.2727272727272725,165,52.63157894736842,1.2639800595344093,13,0.24231555084519224,0.21403293150086414
O3PR,cluster,0.2,2,2,21.855090932239253,7.2727272727272725,165,52.63157894736842,1.2646426873524392,13,0.2606599011302376,0.23207819728358284
O3PR,cluster,0.2,2,3,17.551675167497923,5.454545454545454,165,36.84210526315789,1.053510710467255,13,0.3370608031620835,0.28008880272198283
O3PR,cluster,0.2,2,4,10.646521063392722,3.6363636363636362,165,84.21052631578947,1.0161699839511513,13,0.39596541510990335,0.2617507457094926
O3PR,cluster,0.2,2,5,10.556856580894134,8.484848484848484,165,84.21052631578947,0.9860991727334595,13,0.33571100652409475,0.16773612054962433
O3PR,cluster,0.2,2,6,15.258862683775304,4.848484848484849,165,36.84210526315789,0.9592777253201716,13,0.37735115993116564,0.26200368308717303
O3PR,cluster,0.2,2,7,17.236334198282684,4.848484848484849,165,52.63157894736842,1.120030544685834,13,0.3156796953815896,0.17099737098502246
O3PR,cluster,0.2,2,8,22.404976205477933,7.2727272727272725,165,52.63157894736842,1.2178755738378646,13,0.2761225253869362,0.25467612274845636
O3PR,cluster,0.2,2,9,13.95708716082878,7.878787878787879,165,78.94736842105263,1.1206486584656532,13,0.3419783589001691,0.27811353992850013
O3PR,cluster,0.2,3,0,11.04559433751061,7.878787878787879,165,84.21052631578947,1.1335110966124033,13,0.33231425281195115,0.21007602671503126
O3PR,cluster,0.2,3,1,16.056525965319217,7.878787878787879,165,57.89473684210527,1.1194475566017512,13,0.27408836139127224,0.18747250709555752
O3PR,cluster,0.2,3,2,13.543657940156912,3.0303030303030303,165,52.63157894736842,1.1292883859023268,13,0.29353607507127427,0.2238823522742349
O3PR,cluster,0.2,3,3,15.895575767281784,7.2727272727272725,165,52.63157894736842,1.2128191610963555,13,0.24595489832912884,0.1459792471753895
O3PR,cluster,0.2,3,4,10.94622647325964,8.484848484848484,165,73.68421052631578,1.0475595907101312,13,0.4050271615430531,0.27676867168111396
O3PR,cluster,0.2,3,5,18.765801206119402,6.666666666666667,165,31.57894736842105,1.0151120099042215,13,0.336901899512831,0.1890832013877133
O3PR,cluster,0.2,3,6,17.816027824598805,7.2727272727272725,165,52.63157894736842,1.2682099776978464,13,0.24933134986850805,0.1416929106184355
O3PR,cluster,0.2,3,7,22.120400961346313,6.666666666666667,165,52.63157894736842,1.2652684142483406,13,0.24506176750687675,0.2082024071566683
O3PR,cluster,0.2,3,8,17.60258079664765,7.2727272727272725,165,52.63157894736842,1.2159880612276688,13,0.24937483712906885,0.1471062302144921
O3PR,cluster,0.2,3,9,19.26987105505001,7.2727272727272725,165,52.63157894736842,1.2739230025829458,13,0.2620237353607651,0.13980872324437604
O3PR,cluster,0.2,0,0,11.261884932422598,7.878787878787879,165,89.47368421052632,0.9966785602427392,13,0.3337933203087274,0.19250635948991401
O3PR,cluster,0.2,0,1,18.903907090460205,7.878787878787879,165,52.63157894736842,1.1589908482841682,13,0.2761734558652593,0.21797729728998014
O3PR,cluster,0.2,0,2,11.220447475666608,7.878787878787879,165,84.21052631578947,1.0895213916158015,13,0.342455034003816,0.2083965981977301
O3PR,cluster,0.2,0,3,16.23670697202691,6.666666666666667,165,57.89473684210527,1.163126854025738,13,0.24997981950883774,0.13698708102928817
O3PR,cluster,0.2,0,4,7.642185827436593,2.4242424242424243,165,57.89473684210527,1.0773584521513717,13,0.3230811236317712,0.1491874351317895
O3PR,cluster,0.2,0,5,22.312697231988338,6.666666666666667,165,52.63157894736842,1.2650117002533412,13,0.24453345051676278,0.17061481445701013
O3PR,cluster,0.2,0,6,16.757081817723446,3.0303030303030303,165,47.368421052631575,0.9968518485900401,13,0.35529575641301436,0.13579572321755773
O3PR,cluster,0.2,0,7,10.671464695076157,3.0303030303030303,165,89.47368421052632,1.0196234442787588,13,0.41453110361755247,0.25089422284175367
O3PR,cluster,0.2,0,8,10.085371400370194,9.090909090909092,165,84.21052631578947,0.9944192342938625,13,0.36791319776464987,0.18511243662820148
O3PR,cluster,0.2,0,9,18.704462702447177,5.454545454545454,165,31.57894736842105,0.8789946000937049,13,0.37020894582149294,0.23882948427938383
O3PR,cluster,0.4,1,0,14.439552977318026,3.6363636363636362,165,73.68421052631578,0.9148791320050166,26,0.3604859456508137,0.44894073857035494
O3PR,cluster,0.4,1,1,15.055551628845587,7.878787878787879,165,73.68421052631578,1.07897755859789,26,0.3453147631413625,0.484888165250497
O3PR,cluster,0.4,1,2,13.987769658862053,3.6363636363636362,165,84.21052631578947,0.9221828800985764,26,0.36994135953392887,0.3844480247541759
O3PR,cluster,0.4,1,3,15.50534373053678,4.848484848484849,165,36.84210526315789,0.8169569958572233,26,0.3409574052586329,0.32289574052087033
O3PR,cluster,0.4,1,4,15.302011539732016,6.0606060606060606,165,47.368421052631575,0.9721729494040342,26,0.30139240296180836,0.3230992829589643
O3PR,cluster,0.4,1,5,13.696771540554579,6.0606060606060606,165,47.368421052631575,0.777259599580613,26,0.37832096858613523,0.3918987330559094
O3PR,cluster,0.4,1,6,17.386662262351553,5.454545454545454,165,31.57894736842105,0.8029248387943946,26,0.36436874173280787,0.37282943187682216
O3PR,cluster,0.4,1,7,13.125286965942362,5.454545454545454,165,42.10526315789473,0.9014534455034656,26,0.3202026181350518,0.40149100612321154
O3PR,cluster,0.4,1,8,13.086506260110065,5.454545454545454,165,52.63157894736842,0.713256293762076,26,0.40609261408583014,0.3971112944356438
O3PR,cluster,0.4,1,9,22.100261593708222,7.2727272727272725,165,52.63157894736842,1.23305946772836,26,0.28461490130342865,0.48094522271121337
O3PR,cluster,0.4,2,0,15.448030645670407,5.454545454545454,165,52.63157894736842,1.1176870611472571,26,0.35900815957953075,0.45304220005915646
O3PR,cluster,0.4,2,1,10.862814220347103,8.484848484848484,165,78.94736842105263,1.0872132307694815,26,0.4013173197913849,0.5163894628698209
O3PR,cluster,0.4,2,2,13.19958218484944,7.878787878787879,165,84.21052631578947,1.1011697332108774,26,0.34660194657700777,0.4898863598372301
O3PR,cluster,0.4,2,3,21.582620823956145,6.666666666666667,165,52.63157894736842,1.1893812764097869,26,0.2985569011043953,0.44579165119180036
O3PR,cluster,0.4,2,4,22.123855026457672,6.666666666666667,165,52.63157894736842,1.2369326916593506,26,0.2733479943803268,0.4666592551022107
O3PR,cluster,0.4,2,5,11.293713089295885,3.0303030303030303,165,57.89473684210527,0.9620016067788087,26,0.32568413934739887,0.4277911426453806
O3PR,cluster,0.4,2,6,9.205733183053308,6.0606060606060606,165,57.89473684210527,0.5675117165530296,26,0.4701080908790479,0.4156383619969316
O3PR,cluster,0.4,2,7,18.963283076106322,6.666666666666667,165,52.63157894736842,1.1852325961877406,26,0.2495366559008273,0.3300840966272847
O3PR,cluster,0.4,2,8,10.60614410599287,7.878787878787879,165,89.47368421052632,1.1442058348568895,26,0.3387708519081812,0.32687341584109
O3PR,cluster,0.4,2,9,7.51689728234229,7.2727272727272725,165,84.21052631578947,0.5956840858621577,26,0.44270348763319683,0.3756330083606976
O3PR,cluster,0.4,3,0,23.110527901666757,6.0606060606060606,165,21.052631578947366,1.0472708751951214,26,0.41567285734639553,0.4461074618163922
O3PR,cluster,0.4,3,1,17.497381128088346,5.454545454545454,165,21.052631578947366,0.9635432608167547,26,0.4515034546712896,0.3981874438586933
O3PR,cluster,0.4,3,2,10.022942587265218,3.6363636363636362,165,89.47368421052632,0.9328538954993235,26,0.4150273808606725,0.45709316160428637
O3PR,cluster,0.4,3,3,15.481602488079938,6.0606060606060606,165,63.1578947368421,0.8505736270574613,26,0.49007675018337393,0.3903381124752393
O3PR,cluster,0.4,3,4,8.9690619920778,2.4242424242424243,165,57.89473684210527,1.0153961026875142,26,0.3485228341122486,0.3765573917004551
O3PR,cluster,0.4,3,5,12.410724228967373,4.242424242424242,165,84.21052631578947,0.9038479619760457,26,0.32722317812985796,0.31966132957197435
O3PR,cluster,0.4,3,6,14.661082226230917,0.6060606060606061,165,52.63157894736842,0.8290345926166367,26,0.4668959511083457,0.38931430390752747
O3PR,cluster,0.4,3,7,9.357652318120774,9.090909090909092,165,94.73684210526315,1.0397025526479575,26,0.37989860311474094,0.4031411634593953
O3PR,cluster,0.4,3,8,9.97593187835144,7.2727272727272725,165,89.47368421052632,1.0776105810584513,26,0.41930792863808775,0.41969514109717737
O3PR,cluster,0.4,3,9,14.267897037832494,0.6060606060606061,165,42.10526315789473,0.87488123184031,26,0.4675913408586874,0.3376230858422471
O3PR,cluster,0.4,0,0,9.074381209179139,9.090909090909092,165,94.73684210526315,1.0663581331563348,26,0.38204756253967714,0.44659856642666396
O3PR,cluster,0.4,0,1,15.99297729196483,3.0303030303030303,165,63.1578947368421,1.0164181224245583,26,0.4633622091172268,0.40085125218108747
O3PR,cluster,0.4,0,2,4.367194193165941,0.6060606060606061,165,100.0,0.7004260240391471,26,0.5438665619440018,0.34194283363181815
O3PR,cluster,0.4,0,3,5.4699755043273255,1.8181818181818181,165,84.21052631578947,0.654142008974832,26,0.5070929562535624,0.40592568633612064
O3PR,cluster,0.4,0,4,10.173230476615558,3.0303030303030303,165,89.47368421052632,0.9051107538333848,26,0.45028477485311985,0.41930675101605835
O3PR,cluster,0.4,0,5,13.07997487200333,5.454545454545454,165,78.94736842105263,0.925626544429087,26,0.4455292494812679,0.4125392614836267
O3PR,cluster,0.4,0,6,14.040218879064644,0.6060606060606061,165,47.368421052631575,0.8856174134490138,26,0.46517593205913776,0.36049409358347256
O3PR,cluster,0.4,0,7,15.713815309307655,0.6060606060606061,165,36.84210526315789,0.7917480877901607,26,0.4825204640008561,0.37975455018485016
O3PR,cluster,0.4,0,8,14.927680397164517,6.0606060606060606,165,57.89473684210527,0.9838499871081003,26,0.41480463398137896,0.3547028283089208
O3PR,cluster,0.4,0,9,14.271468447757623,3.0303030303030303,165,36.84210526315789,0.9951536924910801,26,0.44640322560008067,0.4287125509301895
O3PR,cluster,0.6,1,0,17.79909713479368,1.8181818181818181,165,31.57894736842105,0.8935440809326117,38,0.39169311648849064,0.5203297520280447
O3PR,cluster,0.6,1,1,16.397435043446578,2.4242424242424243,165,31.57894736842105,0.8099104647242832,38,0.3838230082148839,0.6675776113131717
O3PR,cluster,0.6,1,2,17.311871904846182,1.8181818181818181,165,31.57894736842105,0.8650380901653214,38,0.4096212912061548,0.5328243914583954
O3PR,cluster,0.6,1,3,18.540702322567544,4.848484848484849,165,31.57894736842105,0.9770014964601225,38,0.3462303931457314,0.643698196498607
O3PR,cluster,0.6,1,4,10.272705115168641,3.6363636363636362,165,78.94736842105263,0.9123357699786327,38,0.3930736278063273,0.5657659064935237
O3PR,cluster,0.6,1,5,17.663705074125204,1.8181818181818181,165,36.84210526315789,0.8309597529408277,38,0.38086826777336374,0.6167205742014431
O3PR,cluster,0.6,1,6,11.436564611869306,6.666666666666667,165,42.10526315789473,0.6812598682531829,38,0.42289251548811396,0.5595046602416001
O3PR,cluster,0.6,1,7,16.849934289481915,0.6060606060606061,165,31.57894736842105,0.9092137870073022,38,0.40879451512070836,0.552160527698392
O3PR,cluster,0.6,1,8,18.424974908994983,2.4242424242424243,165,26.31578947368421,0.9418876817464473,38,0.38788468710958324,0.6431319081874339
O3PR,cluster,0.6,1,9,10.213877268496411,3.6363636363636362,165,84.21052631578947,0.88630841412225,38,0.4001758703926372,0.565509980348331
O3PR,cluster,0.6,2,0,8.025394263138304,4.848484848484849,165,78.94736842105263,0.9647780464463468,38,0.44337574335776325,0.6192891104885895
O3PR,cluster,0.6,2,1,10.51919052511108,3.6363636363636362,165,89.47368421052632,0.9574523917198506,38,0.3829800839347074,0.5584726481327027
O3PR,cluster,0.6,2,2,17.153691926201013,0.0,165,10.526315789473683,0.7853525931851272,38,0.5018839472071167,0.6487154715462603
O3PR,cluster,0.6,2,3,3.9360003335138933,1.2121212121212122,165,89.47368421052632,0.4769266793021697,38,0.5781487026616918,0.5056399231380188
O3PR,cluster,0.6,2,4,5.490990692585977,1.8181818181818181,165,52.63157894736842,0.4719667396685215,38,0.5937357043929181,0.6012186084465985
O3PR,cluster,0.6,2,5,19.272217214850095,6.0606060606060606,165,5.263157894736842,1.036871626845478,38,0.4299338277036321,0.5878869038534814
O3PR,cluster,0.6,2,6,13.62702162013631,4.848484848484849,165,57.89473684210527,0.9837495650551122,38,0.425768034885831,0.6055726096487355
O3PR,cluster,0.6,2,7,3.6727666815511686,1.8181818181818181,165,73.68421052631578,0.4990762498660101,38,0.5809185084196746,0.49900501924051544
O3PR,cluster,0.6,2,8,3.8829802244716305,2.4242424242424243,165,57.89473684210527,0.3910411427126437,38,0.5867698256913036,0.7339496668262411
O3PR,cluster,0.6,2,9,12.864054044846007,4.242424242424242,165,73.68421052631578,0.9631291953509484,38,0.3604989717284579,0.4690752008381781
O3PR,cluster,0.6,3,0,4.476481418341567,5.454545454545454,165,42.10526315789473,0.36808566874351356,38,0.6296028340409108,0.5667898647567218
O3PR,cluster,0.6,3,1,16.356972473520695,0.6060606060606061,165,21.052631578947366,0.8514330861106847,38,0.47577898862594453,0.5063500316732226
O3PR,cluster,0.6,3,2,10.990317807315119,1.8181818181818181,165,68.42105263157895,1.1262554731916736,38,0.4309406427072531,0.6147098935702002
O3PR,cluster,0.6,3,3,10.646204021165921,3.6363636363636362,165,89.47368421052632,0.881113316522312,38,0.4407209131735776,0.5954878789982178
O3PR,cluster,0.6,3,4,1.8730312645230303,0.6060606060606061,165,94.73684210526315,0.4409035496007864,38,0.6421912866303141,0.5295912169256525
O3PR,cluster,0.6,3,5,2.1352064115768137,0.6060606060606061,165,100.0,0.3828780298606904,38,0.6634872289337046,0.6215614873975248
O3PR,cluster,0.6,3,6,16.04510226005517,0.0,165,36.84210526315789,0.7717145316876576,38,0.6172575797267562,0.6488125473549812
O3PR,cluster,0.6,3,7,31.776248279485937,6.666666666666667,165,15.789473684210526,1.1737351217153713,38,0.42869702886296857,0.6559370566224672
O3PR,cluster,0.6,3,8,2.0655084841240416,0.0,165,94.73684210526315,0.36323838388235946,38,0.6950642556851471,0.5631823600914249
O3PR,cluster,0.6,3,9,17.540424928531134,6.0606060606060606,165,21.052631578947366,0.9606457676541871,38,0.4356465114871298,0.5759479849186072
O3PR,cluster,0.6,0,0,3.8832512106477495,2.4242424242424243,165,100.0,0.7442951046251807,38,0.6494149499962815,0.6943511403842698
O3PR,cluster,0.6,0,1,9.01449541347799,0.6060606060606061,165,73.68421052631578,0.7245874796956616,38,0.5995934909422417,0.5630629933678261
O3PR,cluster,0.6,0,2,3.639738960513067,0.6060606060606061,165,100.0,0.44817633108775723,38,0.6722482769132326,0.5206624176787529
O3PR,cluster,0.6,0,3,5.705702504160948,6.0606060606060606,165,94.73684210526315,0.4554408259791424,38,0.6212639397748505,0.5610882727919632
O3PR,cluster,0.6,0,4,13.788331949962673,2.4242424242424243,165,68.42105263157895,1.024651004391252,38,0.4450174298940129,0.4004334166550224
O3PR,cluster,0.6,0,5,22.808803758340776,6.0606060606060606,165,42.10526315789473,1.2061186426024213,38,0.46480207328624756,0.6087234070982447
O3PR,cluster,0.6,0,6,11.93745251038335,1.2121212121212122,165,63.1578947368421,0.834428516872963,38,0.5195344082019,0.524004138008328
O3PR,cluster,0.6,0,7,2.2504093759385917,0.6060606060606061,165,100.0,0.43195915347269487,38,0.7121680350870334,0.5738286830714323
O3PR,cluster,0.6,0,8,15.382322615068517,0.6060606060606061,165,47.368421052631575,1.1023926277855802,38,0.5064779580126363,0.5323306683198291
O3PR,cluster,0.6,0,9,10.048198866190909,3.0303030303030303,165,89.47368421052632,0.855698654257665,38,0.466474270420703,0.5670849128459224
O3PR,cluster,0.8,1,0,13.243537163870686,1.2121212121212122,165,31.57894736842105,0.7069735596090545,51,0.48912723529622076,0.8238194193776717
O3PR,cluster,0.8,1,1,10.112455821790409,2.4242424242424243,165,47.368421052631575,0.6304745410442371,51,0.45366668153903267,0.8625833717726009
O3PR,cluster,0.8,1,2,14.629912936677439,2.4242424242424243,165,26.31578947368421,0.7925101199797556,51,0.43985653594252017,0.8488706567430198
O3PR,cluster,0.8,1,3,9.092435558177003,0.6060606060606061,165,36.84210526315789,0.5199847551464202,51,0.49625515482601085,0.7682480423169988
O3PR,cluster,0.8,1,4,15.286187931846474,1.8181818181818181,165,36.84210526315789,0.8572988092325156,51,0.4253347644499309,0.7271472405384903
O3PR,cluster,0.8,1,5,17.127876669848757,1.2121212121212122,165,31.57894736842105,0.9180469016589283,51,0.41724618415078824,0.741139466751334
O3PR,cluster,0.8,1,6,9.058494265383436,4.848484848484849,165,42.10526315789473,0.5804094952050484,51,0.4466712479208865,0.8038487576817881
O3PR,cluster,0.8,1,7,7.615453027615332,0.6060606060606061,165,47.368421052631575,0.5230511088122123,51,0.4946435473977633,0.7216769600958699
O3PR,cluster,0.8,1,8,10.789622878217536,3.0303030303030303,165,36.84210526315789,0.6383510101614172,51,0.4740475424911806,0.8070032158144271
O3PR,cluster,0.8,1,9,15.228740603504612,0.6060606060606061,165,31.57894736842105,0.7197988442362004,51,0.470512371176497,0.775791612099567
O3PR,cluster,0.8,2,0,2.207337810879017,0.0,165,89.47368421052632,0.3955734107954702,51,0.6337440877718101,0.7703905572489551
O3PR,cluster,0.8,2,1,7.701239292460679,1.2121212121212122,165,36.84210526315789,0.4217782800718474,51,0.6282656167832977,0.7895422000871531
O3PR,cluster,0.8,2,2,4.928786914225332,3.0303030303030303,165,42.10526315789473,0.42405252291437595,51,0.6034972426342068,0.7265617883483018
O3PR,cluster,0.8,2,3,11.904331416961181,0.6060606060606061,165,57.89473684210527,0.7457346836043406,51,0.5365450799051046,0.6661489992970454
O3PR,cluster,0.8,2,4,3.884648530551408,2.4242424242424243,165,78.94736842105263,0.5184966861906278,51,0.5948339961349138,0.7784205408023234
O3PR,cluster,0.8,2,5,6.056903266989428,0.0,165,21.052631578947366,0.37945068982244795,51,0.6624033384177174,0.8039003100647175
O3PR,cluster,0.8,2,6,7.452441980114472,6.666666666666667,165,63.1578947368421,0.6056931538475434,51,0.5635523549424274,0.8425465800959461
O3PR,cluster,0.8,2,7,8.224507534808348,4.848484848484849,165,26.31578947368421,0.47287478512846787,51,0.6094512034881254,0.8408562009538807
O3PR,cluster,0.8,2,8,3.298087589677941,2.4242424242424243,165,89.47368421052632,0.4615314719645477,51,0.5594231986584836,0.8158265740174409
O3PR,cluster,0.8,2,9,11.103313217297803,0.0,165,26.31578947368421,0.5650358457273408,51,0.5956094722498094,0.6843850354075595
O3PR,cluster,0.8,3,0,5.348626872157769,0.0,165,0.0,0.2343374215071135,51,0.7873677689795876,0.8246203262242424
O3PR,cluster,0.8,3,1,4.078021496740989,2.4242424242424243,165,63.1578947368421,0.3705033484366262,51,0.7026618723920759,0.802339500364941
O3PR,cluster,0.8,3,2,3.4790110196542177,0.6060606060606061,165,100.0,0.27785676977574375,51,0.7103768924812072,0.7889557417376087
O3PR,cluster,0.8,3,3,1.530926655290587,3.0303030303030303,165,100.0,0.4464283146673285,51,0.6686707211981958,0.8248782989695554
O3PR,cluster,0.8,3,4,26.450391256142787,6.666666666666667,165,5.263157894736842,1.276789304151293,51,0.48024838243899465,0.8049003056229898
O3PR,cluster,0.8,3,5,1.5788597347170783,0.6060606060606061,165,100.0,0.4062343386402795,51,0.6989401411631239,0.7143421446682847
O3PR,cluster,0.8,3,6,4.147407055387439,0.0,165,63.1578947368421,0.32400981506661125,51,0.7422233787334541,0.7642862992816353
O3PR,cluster,0.8,3,7,5.744127615444157,0.0,165,0.0,0.20851582075283687,51,0.7808598524390183,0.8458793604053977
O3PR,cluster,0.8,3,8,13.756683729855688,0.6060606060606061,165,26.31578947368421,0.698674563073504,51,0.6042467572222413,0.778312171554748
O3PR,cluster,0.8,3,9,4.0905065676776164,2.4242424242424243,165,100.0,0.6443418940581019,51,0.6231889933209044,0.7640327208416056
O3PR,cluster,0.8,0,0,25.155723095650707,0.0,165,26.31578947368421,1.0998127373942628,51,0.6175657006333544,0.8433904455475543
O3PR,cluster,0.8,0,1,18.632654037247907,0.0,165,26.31578947368421,0.7731279246649908,51,0.5680249365240816,0.7020622102741713
O3PR,cluster,0.8,0,2,3.501384531322308,4.242424242424242,165,94.73684210526315,0.27474939253087394,51,0.777405947078826,0.8036685751671778
O3PR,cluster,0.8,0,3,19.487599565978087,0.6060606060606061,165,26.31578947368421,0.7994230001575711,51,0.6454316260708197,0.7402762134488376
O3PR,cluster,0.8,0,4,0.6040785643062678,0.0,165,100.0,0.08962415156379629,51,0.9250900093790348,0.8323617540159273
O3PR,cluster,0.8,0,5,2.4549834464538582,5.454545454545454,165,94.73684210526315,0.3128481317527056,51,0.7922639535244645,0.8410992692852524
O3PR,cluster,0.8,0,6,3.9372612460034513,5.454545454545454,165,94.73684210526315,0.4486043833262667,51,0.6873537890690433,0.7543494014940778
O3PR,cluster,0.8,0,7,3.9295916117486605,5.454545454545454,165,94.73684210526315,0.44709183111714046,51,0.7110074744681267,0.7270720077009029
O3PR,cluster,0.8,0,8,3.316696721166476,1.2121212121212122,165,100.0,0.13821547297654097,51,0.8749183880894786,0.8314024956273861
O3PR,cluster,0.8,0,9,3.5069120000004665,0.6060606060606061,165,5.263157894736842,0.13403820785089976,51,0.8664056269752247,0.8693267294784887
O3PR,cluster,1.0,1,0,11.350385580471267,0.6060606060606061,165,36.84210526315789,0.6602041798127172,64,0.49872849452047474,1.0
O3PR,cluster,1.0,1,1,11.350385580471267,0.6060606060606061,165,36.84210526315789,0.6039830068369261,64,0.49872849452047474,1.0
O3PR,cluster,1.0,1,2,11.350385580471267,0.6060606060606061,165,36.84210526315789,0.6467662220637067,64,0.49872849452047474,1.0
O3PR,cluster,1.0,1,3,11.350385580471267,0.6060606060606061,165,26.31578947368421,0.6018356819742813,64,0.49872849452047474,1.0
O3PR,cluster,1.0,1,4,11.350385580471267,0.6060606060606061,165,31.57894736842105,0.680929098637129,64,0.49872849452047474,1.0
O3PR,cluster,1.0,1,5,11.350385580471267,0.6060606060606061,165,31.57894736842105,0.585689740508101,64,0.49872849452047474,1.0
O3PR,cluster,1.0,1,6,11.350385580471267,0.6060606060606061,165,36.84210526315789,0.5665021409393214,64,0.49872849452047474,1.0
O3PR,cluster,1.0,1,7,11.350385580471267,0.6060606060606061,165,26.31578947368421,0.5319767858525384,64,0.49872849452047474,1.0
O3PR,cluster,1.0,1,8,11.350385580471267,0.6060606060606061,165,26.31578947368421,0.6028780948296075,64,0.49872849452047474,1.0
O3PR,cluster,1.0,1,9,11.350385580471267,0.6060606060606061,165,36.84210526315789,0.5608061080127921,64,0.49872849452047474,1.0
O3PR,cluster,1.0,2,0,6.910574386737552,0.0,165,42.10526315789473,0.36219315911282096,64,0.6872364050495261,1.0
O3PR,cluster,1.0,2,1,6.910574386737552,0.0,165,15.789473684210526,0.38235544864654897,64,0.6872364050495261,1.0
O3PR,cluster,1.0,2,2,6.910574386737552,0.0,165,15.789473684210526,0.33006503320387437,64,0.6872364050495261,1.0
O3PR,cluster,1.0,2,3,6.910574386737552,0.0,165,21.052631578947366,0.34693948671474634,64,0.6872364050495261,1.0
O3PR,cluster,1.0,2,4,6.910574386737552,0.0,165,21.052631578947366,0.353992427141764,64,0.6872364050495261,1.0
O3PR,cluster,1.0,2,5,6.910574386737552,0.0,165,26.31578947368421,0.37068925614730375,64,0.6872364050495261,1.0
O3PR,cluster,1.0,2,6,6.910574386737552,0.0,165,21.052631578947366,0.34753086998168387,64,0.6872364050495261,1.0
O3PR,cluster,1.0,2,7,6.910574386737552,0.0,165,31.57894736842105,0.35692237565836316,64,0.6872364050495261,1.0
O3PR,cluster,1.0,2,8,6.910574386737552,0.0,165,21.052631578947366,0.33429993614050646,64,0.6872364050495261,1.0
O3PR,cluster,1.0,2,9,6.910574386737552,0.0,165,21.052631578947366,0.3399224629223289,64,0.6872364050495261,1.0
O3PR,cluster,1.0,3,0,3.9775298418839036,0.0,165,15.789473684210526,0.21409930678822747,64,0.8130869547510791,1.0
O3PR,cluster,1.0,3,1,3.9775298418839036,0.0,165,5.263157894736842,0.19174717241936498,64,0.8130869547510791,1.0
O3PR,cluster,1.0,3,2,3.9775298418839036,0.0,165,15.789473684210526,0.1943958157626897,64,0.8130869547510791,1.0
O3PR,cluster,1.0,3,3,3.9775298418839036,0.0,165,42.10526315789473,0.21272105386527151,64,0.8130869547510791,1.0
O3PR,cluster,1.0,3,4,3.9775298418839036,0.0,165,10.526315789473683,0.20627108274658654,64,0.8130869547510791,1.0
O3PR,cluster,1.0,3,5,3.9775298418839036,0.0,165,5.263157894736842,0.18196199816588565,64,0.8130869547510791,1.0
O3PR,cluster,1.0,3,6,3.9775298418839036,0.0,165,15.789473684210526,0.21271671393915,64,0.8130869547510791,1.0
O3PR,cluster,1.0,3,7,3.9775298418839036,0.0,165,15.789473684210526,0.2165996367498081,64,0.8130869547510791,1.0
O3PR,cluster,1.0,3,8,3.9775298418839036,0.0,165,10.526315789473683,0.1696528089924803,64,0.8130869547510791,1.0
O3PR,cluster,1.0,3,9,3.9775298418839036,0.0,165,5.263157894736842,0.215572602363816,64,0.8130869547510791,1.0
O3PR,cluster,1.0,0,0,3.59545944896826e-08,0.0,165,0.0,2.209404576001629e-10,64,0.9999999979803058,1.0
O3PR,cluster,1.0,0,1,3.59545944896826e-08,0.0,165,0.0,2.0170478912467006e-10,64,0.9999999979803058,1.0
O3PR,cluster,1.0,0,2,3.59545944896826e-08,0.0,165,0.0,2.2515569864679401e-10,64,0.9999999979803058,1.0
O3PR,cluster,1.0,0,3,3.59545944896826e-08,0.0,165,0.0,2.1670278220750451e-10,64,0.9999999979803058,1.0
O3PR,cluster,1.0,0,4,3.59545944896826e-08,0.0,165,0.0,2.3223965978670678e-10,64,0.9999999979803058,1.0
O3PR,cluster,1.0,0,5,3.59545944896826e-08,0.0,165,0.0,1.252475024323861e-10,64,0.9999999979803058,1.0
O3PR,cluster,1.0,0,6,3.59545944896826e-08,0.0,165,0.0,1.3622859709705617e-10,64,0.9999999979803058,1.0
O3PR,cluster,1.0,0,7,3.59545944896826e-08,0.0,165,0.0,1.375377274736935e-10,64,0.9999999979803058,1.0
O3PR,cluster,1.0,0,8,3.59545944896826e-08,0.0,165,0.0,2.376317260923785e-10,64,0.9999999979803058,1.0
O3PR,cluster,1.0,0,9,3.59545944896826e-08,0.0,165,0.0,2.6074658061580683e-10,64,0.9999999979803058,1.0
PM2_5,random,0.0,1,0,18.245892828971844,17.46987951807229,166,68.42105263157895,1.2167329246727467,0,0.1792593038046535,0.0
PM2_5,random,0.0,1,1,18.245892828971844,17.46987951807229,166,63.1578947368421,1.2617327082001626,0,0.1792593038046535,0.0
PM2_5,random,0.0,1,2,18.245892828971844,17.46987951807229,166,73.68421052631578,1.248964485640946,0,0.1792593038046535,0.0
PM2_5,random,0.0,1,3,18.245892828971844,17.46987951807229,166,63.1578947368421,1.3055856138119817,0,0.1792593038046535,0.0
PM2_5,random,0.0,1,4,18.245892828971844,17.46987951807229,166,73.68421052631578,1.294368253040636,0,0.1792593038046535,0.0
PM2_5,random,0.0,1,5,18.245892828971844,17.46987951807229,166,68.42105263157895,1.2205065543380291,0,0.1792593038046535,0.0
PM2_5,random,0.0,1,6,18.245892828971844,17.46987951807229,166,73.68421052631578,1.204588303146476,0,0.1792593038046535,0.0
PM2_5,random,0.0,1,7,18.245892828971844,17.46987951807229,166,68.42105263157895,1.3183511735659923,0,0.1792593038046535,0.0
PM2_5,random,0.0,1,8,18.245892828971844,17.46987951807229,166,68.42105263157895,1.2014370877979328,0,0.1792593038046535,0.0
PM2_5,random,0.0,1,9,18.245892828971844,17.46987951807229,166,68.42105263157895,1.279853725596355,0,0.1792593038046535,0.0
PM2_5,random,0.0,2,0,18.245892828971844,17.46987951807229,166,63.1578947368421,1.2799975610066303,0,0.1792593038046535,0.0
PM2_5,random,0.0,2,1,18.245892828971844,17.46987951807229,166,68.42105263157895,1.1508661567971075,0,0.1792593038046535,0.0
PM2_5,random,0.0,2,2,18.245892828971844,17.46987951807229,166,68.42105263157895,1.2235315029289662,0,0.1792593038046535,0.0
PM2_5,random,0.0,2,3,18.245892828971844,17.46987951807229,166,73.68421052631578,1.2798293998489332,0,0.1792593038046535,0.0
PM2_5,random,0.0,2,4,18.245892828971844,17.46987951807229,166,73.68421052631578,1.2583997058426897,0,0.1792593038046535,0.0
PM2_5,random,0.0,2,5,18.245892828971844,17.46987951807229,166,68.42105263157895,1.304631237323194,0,0.1792593038046535,0.0
PM2_5,random,0.0,2,6,18.245892828971844,17.46987951807229,166,68.42105263157895,1.1269090388213583,0,0.1792593038046535,0.0
PM2_5,random,0.0,2,7,18.245892828971844,17.46987951807229,166,73.68421052631578,1.2246705143481842,0,0.1792593038046535,0.0
PM2_5,random,0.0,2,8,18.245892828971844,17.46987951807229,166,73.68421052631578,1.286812234684947,0,0.1792593038046535,0.0
PM2_5,random,0.0,2,9,18.245892828971844,17.46987951807229,166,73.68421052631578,1.2128437252913113,0,0.1792593038046535,0.0
PM2_5,random,0.0,3,0,18.245892828971844,17.46987951807229,166,68.42105263157895,1.207594641109101,0,0.1792593038046535,0.0
PM2_5,random,0.0,3,1,18.245892828971844,17.46987951807229,166,63.1578947368421,1.3018625053516502,0,0.1792593038046535,0.0
PM2_5,random,0.0,3,2,18.245892828971844,17.46987951807229,166,73.68421052631578,1.2004825732843243,0,0.1792593038046535,0.0
PM2_5,random,0.0,3,3,18.245892828971844,17.46987951807229,166,68.42105263157895,1.2354728084297046,0,0.1792593038046535,0.0
PM2_5,random,0.0,3,4,18.245892828971844,17.46987951807229,166,68.42105263157895,1.150965544848737,0,0.1792593038046535,0.0
PM2_5,random,0.0,3,5,18.245892828971844,17.46987951807229,166,73.68421052631578,1.2846877811716861,0,0.1792593038046535,0.0
PM2_5,random,0.0,3,6,18.245892828971844,17.46987951807229,166,73.68421052631578,1.2523334485109991,0,0.1792593038046535,0.0
PM2_5,random,0.0,3,7,18.245892828971844,17.46987951807229,166,73.68421052631578,1.232961133494445,0,0.1792593038046535,0.0
PM2_5,random,0.0,3,8,18.245892828971844,17.46987951807229,166,63.1578947368421,1.1941170175623113,0,0.1792593038046535,0.0
PM2_5,random,0.0,3,9,18.245892828971844,17.46987951807229,166,73.68421052631578,1.190549477703124,0,0.1792593038046535,0.0
PM2_5,random,0.0,0,0,18.245892828971844,17.46987951807229,166,73.68421052631578,1.249073533320967,0,0.1792593038046535,0.0
PM2_5,random,0.0,0,1,18.245892828971844,17.46987951807229,166,68.42105263157895,1.1442845754290494,0,0.1792593038046535,0.0
PM2_5,random,0.0,0,2,18.245892828971844,17.46987951807229,166,68.42105263157895,1.2517510594013017,0,0.1792593038046535,0.0
PM2_5,random,0.0,0,3,18.245892828971844,17.46987951807229,166,73.68421052631578,1.2079098151695593,0,0.1792593038046535,0.0
PM2_5,random,0.0,0,4,18.245892828971844,17.46987951807229,166,68.42105263157895,1.2498179588572935,0,0.1792593038046535,0.0
PM2_5,random,0.0,0,5,18.245892828971844,17.46987951807229,166,68.42105263157895,1.2619407370697173,0,0.1792593038046535,0.0
PM2_5,random,0.0,0,6,18.245892828971844,17.46987951807229,166,73.68421052631578,1.2730274371303407,0,0.1792593038046535,0.0
PM2_5,random,0.0,0,7,18.245892828971844,17.46987951807229,166,68.42105263157895,1.2190186930867581,0,0.1792593038046535,0.0
PM2_5,random,0.0,0,8,18.245892828971844,17.46987951807229,166,68.42105263157895,1.2812932678675215,0,0.1792593038046535,0.0
PM2_5,random,0.0,0,9,18.245892828971844,17.46987951807229,166,63.1578947368421,1.2519508366327743,0,0.1792593038046535,0.0
PM2_5,random,0.05,1,0,13.288496385066153,16.265060240963855,166,68.42105263157895,1.292268202911844,3,0.22046621806720412,0.05520127439721175
PM2_5,random,0.05,1,1,16.875440533990666,13.25301204819277,166,73.68421052631578,1.1072942139293362,3,0.18261888687955302,0.037421232449177014
PM2_5,random,0.05,1,2,15.591484789932894,16.265060240963855,166,73.68421052631578,1.128520683683192,3,0.18638462871346953,0.051747457288183946
PM2_5,random,0.05,1,3,20.551805722161035,16.867469879518072,166,63.1578947368421,1.262185409205156,3,0.1908935696659114,0.030006036830435276
PM2_5,random,0.05,1,4,15.768800725641599,15.060240963855422,166,68.42105263157895,1.179033325147727,3,0.2270451184334557,0.08387006545156298
PM2_5,random,0.05,1,5,16.56063943124907,16.265060240963855,166,73.68421052631578,1.1797298574538657,3,0.18085396571752158,0.03494223406025812
PM2_5,random,0.05,1,6,19.765850177444722,15.060240963855422,166,68.42105263157895,1.1200208300048276,3,0.20796914124753915,0.05073725272629674
PM2_5,random,0.05,1,7,18.12539718967851,17.46987951807229,166,68.42105263157895,1.2544793656401638,3,0.17959522262330002,0.010859753890542109
PM2_5,random,0.05,1,8,18.22812574747285,17.46987951807229,166,68.42105263157895,1.172985468603919,3,0.18061609014936156,0.046062147850010525
PM2_5,random,0.05,1,9,20.14800951725485,13.25301204819277,166,63.1578947368421,1.1777797671716785,3,0.20206446487874152,0.041311304485353174
PM2_5,random,0.05,2,0,17.06410803499123,15.060240963855422,166,68.42105263157895,1.1944412940926814,3,0.18305284217812298,0.021664512973329123
PM2_5,random,0.05,2,1,18.353021410776222,17.46987951807229,166,73.68421052631578,1.1827903819364642,3,0.18063488349729093,0.014567468256703745
PM2_5,random,0.05,2,2,21.146872204667456,16.867469879518072,166,63.1578947368421,1.167758809705388,3,0.1853387036779647,0.08281769075704647
PM2_5,random,0.05,2,3,21.533985678146525,14.457831325301205,166,52.63157894736842,1.3013325049794857,3,0.19156963628883936,0.09016753915385697
PM2_5,random,0.05,2,4,20.29453385634365,11.44578313253012,166,57.89473684210527,1.1605320339610137,3,0.20499745828373883,0.04784814412684151
PM2_5,random,0.05,2,5,12.968693049137823,15.662650602409638,166,68.42105263157895,1.2124347801034674,3,0.22264490556164793,0.09918573688792048
PM2_5,random,0.05,2,6,18.21779668052608,17.46987951807229,166,68.42105263157895,1.2625603819487003,3,0.1809117454725309,0.03387555487645866
PM2_5,random,0.05,2,7,17.878458413515023,17.46987951807229,166,73.68421052631578,1.2411543836344572,3,0.18008179989155346,0.023904612792930394
PM2_5,random,0.05,2,8,16.702878088703855,15.662650602409638,166,73.68421052631578,1.2368386226410137,3,0.1813013821570517,0.025096287707694554
PM2_5,random,0.05,2,9,18.664237481620205,15.662650602409638,166,52.63157894736842,1.1689792771473653,3,0.18908632322597482,0.02027192157640436
PM2_5,random,0.05,3,0,17.53284856978983,17.46987951807229,166,73.68421052631578,1.2535299955421892,3,0.18018481391000687,0.018831506471141134
PM2_5,random,0.05,3,1,18.831216809529,17.46987951807229,166,73.68421052631578,1.0397604789460124,3,0.20863987347349544,0.09166504537503853
PM2_5,random,0.05,3,2,20.942818333878435,13.25301204819277,166,63.1578947368421,1.3057881110626055,3,0.20849509578953568,0.04618846341522364
PM2_5,random,0.05,3,3,21.137715265731348,16.867469879518072,166,68.42105263157895,1.1749384801875744,3,0.1823493924582472,0.0935651747470199
PM2_5,random,0.05,3,4,18.129319153395688,17.46987951807229,166,63.1578947368421,1.365644205727001,3,0.18451310454985723,0.0811741251644662
PM2_5,random,0.05,3,5,25.03851451529833,13.855421686746988,166,57.89473684210527,1.1039652619528968,3,0.2428684104137606,0.03369295895065123
PM2_5,random,0.05,3,6,18.453209362077335,17.46987951807229,166,73.68421052631578,1.283313092186775,3,0.18244412223646783,0.04822171778296912
PM2_5,random,0.05,3,7,20.07894253250321,16.867469879518072,166,68.42105263157895,1.2733400862758353,3,0.19339979840994512,0.032528690308352155
PM2_5,random,0.05,3,8,18.317053317634887,17.46987951807229,166,63.1578947368421,1.2185540088748517,3,0.18047809409347632,0.046588233210076845
PM2_5,random,0.05,3,9,17.24663512181822,14.457831325301205,166,68.42105263157895,1.1708287227584424,3,0.180334638593404,0.06495617675497697
PM2_5,random,0.05,0,0,18.037188497330142,17.46987951807229,166,78.94736842105263,1.1334564609672129,3,0.20605525619189063,0.0631508829016349
PM2_5,random,0.05,0,1,16.61252080315038,18.072289156626507,166,68.42105263157895,1.2736575193046236,3,0.18334234445059408,0.04333808823714045
PM2_5,random,0.05,0,2,18.59678877855197,17.46987951807229,166,63.1578947368421,1.2727138652500902,3,0.19496786034309005,0.0942601029029396
PM2_5,random,0.05,0,3,18.324691645446137,16.867469879518072,166,68.42105263157895,1.3315030372055263,3,0.1903668938262997,0.023245687544151895
PM2_5,random,0.05,0,4,16.925588441628292,15.060240963855422,166,73.68421052631578,1.0972933201295887,3,0.18130984516426887,0.03342869099592294
PM2_5,random,0.05,0,5,18.786123395344863,15.060240963855422,166,68.42105263157895,1.2830503768849106,3,0.19494769076090923,0.03263439589044438
PM2_5,random,0.05,0,6,17.57601322596589,17.46987951807229,166,73.68421052631578,1.2168813042532718,3,0.18048272133137103,0.04950331740452612
PM2_5,random,0.05,0,7,16.07881851797657,16.265060240963855,166,73.68421052631578,1.320333263247981,3,0.18118363150690475,0.05239162838986411
PM2_5,random,0.05,0,8,21.094445643219725,15.060240963855422,166,52.63157894736842,1.274393938768253,3,0.18273253298640915,0.0999446970023775
PM2_5,random,0.05,0,9,17.974587408521593,13.25301204819277,166,68.42105263157895,1.130107078766471,3,0.22089172247941558,0.08326603330902588
PM2_5,random,0.1,1,0,20.043146830922996,16.867469879518072,166,68.42105263157895,1.169910452956778,6,0.19341425159959952,0.09859811297046857
PM2_5,random,0.1,1,1,23.913497316627776,10.843373493975903,166,57.89473684210527,1.2389644152565624,6,0.2092102218663833,0.18456671030617627
PM2_5,random,0.1,1,2,18.38566900505672,17.46987951807229,166,68.42105263157895,1.2176746089293733,6,0.21038066930050633,0.10096596874581988
PM2_5,random,0.1,1,3,15.735912740851546,16.265060240963855,166,73.68421052631578,1.1729339434028612,6,0.1846278044661391,0.07731208332240001
PM2_5,random,0.1,1,4,20.036302667052663,13.855421686746988,166,52.63157894736842,1.1036669862248252,6,0.22942878842679099,0.08760768863305052
PM2_5,random,0.1,1,5,18.437750362242323,17.46987951807229,166,63.1578947368421,1.164109668522707,6,0.18052404583520382,0.09288332951950752
PM2_5,random,0.1,1,6,21.751818879158456,12.048192771084338,166,57.89473684210527,1.2838166064213035,6,0.20362206902157506,0.14401952757276962
PM2_5,random,0.1,1,7,17.569852321232897,13.855421686746988,166,63.1578947368421,1.1851991099874852,6,0.21264800280947585,0.09446221694898983
PM2_5,random,0.1,1,8,21.138551804859013,16.265060240963855,166,63.1578947368421,1.0765904775915585,6,0.18544813217375106,0.1252628985552758
PM2_5,random,0.1,1,9,18.47250890279457,16.867469879518072,166,73.68421052631578,1.2331050389099814,6,0.18595316354880645,0.020012692417449778
PM2_5,random,0.1,2,0,18.558251577801204,15.662650602409638,166,73.68421052631578,1.1576080568159268,6,0.19789225377345385,0.07418660555025823
PM2_5,random,0.1,2,1,18.52475141022052,11.44578313253012,166,73.68421052631578,1.267907188391768,6,0.22162735892015165,0.1183332853831646
PM2_5,random,0.1,2,2,21.3523316007688,17.46987951807229,166,63.1578947368421,1.1171397337786173,6,0.20942993877573562,0.11890160086832605
PM2_5,random,0.1,2,3,20.478462497949632,17.46987951807229,166,63.1578947368421,1.2846219479127532,6,0.21131292999598011,0.10025812506904057
PM2_5,random,0.1,2,4,17.59862455121467,16.265060240963855,166,68.42105263157895,1.0488383952303155,6,0.22404104785568493,0.058167272197668714
PM2_5,random,0.1,2,5,17.914894120291056,16.867469879518072,166,73.68421052631578,1.192562188062019,6,0.1887166642296823,0.10854163164082722
PM2_5,random,0.1,2,6,20.86968008764966,16.867469879518072,166,68.42105263157895,1.2027579732954108,6,0.19390862671276915,0.053848817388575713
PM2_5,random,0.1,2,7,16.110544092291708,16.265060240963855,166,73.68421052631578,1.248974187940202,6,0.19304333110325886,0.09937885149273828
PM2_5,random,0.1,2,8,19.94134873763492,13.855421686746988,166,63.1578947368421,1.2755571258778735,6,0.20561333831329417,0.08748433555293612
PM2_5,random,0.1,2,9,17.354131655499742,12.650602409638553,166,57.89473684210527,1.1261784054363329,6,0.19407991720759302,0.1262061161011656
PM2_5,random,0.1,3,0,17.960621292095574,16.265060240963855,166,73.68421052631578,1.1665175684339808,6,0.21692333555891463,0.10612431236307121
PM2_5,random,0.1,3,1,16.735862208193815,14.457831325301205,166,73.68421052631578,1.2841219484693105,6,0.19873962491278602,0.10529737278582472
PM2_5,random,0.1,3,2,18.291037720664303,13.855421686746988,166,73.68421052631578,1.1382502418990457,6,0.18293980977163407,0.06178933960553012
PM2_5,random,0.1,3,3,20.680156538244717,16.867469879518072,166,63.1578947368421,1.2297844772831157,6,0.19395267542439995,0.07835497120831872
PM2_5,random,0.1,3,4,14.555975949802184,14.457831325301205,166,73.68421052631578,1.0929046420249005,6,0.18390384229786544,0.030964715863163593
PM2_5,random,0.1,3,5,18.686258300382423,15.662650602409638,166,57.89473684210527,1.419504712781548,6,0.19454363152348986,0.10070788972813875
PM2_5,random,0.1,3,6,18.22503388664745,16.867469879518072,166,73.68421052631578,1.3175248320868593,6,0.19112920335995648,0.06437713861642165
PM2_5,random,0.1,3,7,20.164195011813593,13.855421686746988,166,63.1578947368421,1.2898113399672302,6,0.208317146474433,0.09603802019437128
PM2_5,random,0.1,3,8,13.520427545898588,14.457831325301205,166,68.42105263157895,1.0406649027264963,6,0.23300617151349953,0.08967374630975915
PM2_5,random,0.1,3,9,18.609945931374483,17.46987951807229,166,68.42105263157895,1.2511479169854174,6,0.18195646140768149,0.12885052228875102
PM2_5,random,0.1,0,0,17.168094242305013,12.650602409638553,166,63.1578947368421,1.247588700347061,6,0.2229994126381536,0.10111874098846739
PM2_5,random,0.1,0,1,19.398758429879692,15.662650602409638,166,68.42105263157895,1.1569227043069672,6,0.19402321600541325,0.04614208352556318
PM2_5,random,0.1,0,2,15.365314525091051,13.855421686746988,166,78.94736842105263,1.3292947583536583,6,0.18978739631162977,0.07318065302580688
PM2_5,random,0.1,0,3,16.15660261012916,15.060240963855422,166,73.68421052631578,1.103152008624995,6,0.18458584166902198,0.063783802844865
PM2_5,random,0.1,0,4,16.037531457048136,14.457831325301205,166,73.68421052631578,1.2896112769043686,6,0.20201013183843233,0.06211819144948147
PM2_5,random,0.1,0,5,24.45559666635699,17.46987951807229,166,57.89473684210527,1.1193213852486021,6,0.24640632186645214,0.13177560465614974
PM2_5,random,0.1,0,6,16.268430965820134,15.060240963855422,166,78.94736842105263,1.224746185544784,6,0.18597745336122298,0.18861979615595373
PM2_5,random,0.1,0,7,17.508430819498756,9.63855421686747,166,68.42105263157895,1.071792774540134,6,0.2427306935448535,0.06572386205939425
PM2_5,random,0.1,0,8,18.172373829452383,12.048192771084338,166,68.42105263157895,1.1006342511477565,6,0.20917122728537238,0.07762625358156884
PM2_5,random,0.1,0,9,19.141138220235124,14.457831325301205,166,73.68421052631578,1.137449539492006,6,0.19951729182970984,0.10924006849896319
PM2_5,random,0.2,1,0,10.944070451278348,10.843373493975903,166,68.42105263157895,1.1152133899019665,13,0.2760524256958502,0.2413925418260071
PM2_5,random,0.2,1,1,16.59057511174846,9.63855421686747,166,63.1578947368421,1.0916656250023216,13,0.2537992771000826,0.19383996400899994
PM2_5,random,0.2,1,2,14.24649866883614,12.650602409638553,166,78.94736842105263,0.9076488575475707,13,0.2553155555783846,0.26609948985755183
PM2_5,random,0.2,1,3,17.901287747274807,15.662650602409638,166,73.68421052631578,1.2311102606711344,13,0.2210385976024068,0.19720670519632696
PM2_5,random,0.2,1,4,16.18696535887159,14.457831325301205,166,68.42105263157895,1.028752661231865,13,0.22367303552744874,0.1242534544693131
PM2_5,random,0.2,1,5,13.085244939188934,10.240963855421686,166,68.42105263157895,1.0283376120175416,13,0.218652660062544,0.3029368282065812
PM2_5,random,0.2,1,6,20.927441517810603,10.843373493975903,166,63.1578947368421,1.1998606556039162,13,0.20712078356546268,0.2723557784463698
PM2_5,random,0.2,1,7,22.929154416013077,13.25301204819277,166,57.89473684210527,1.3322981538216945,13,0.21769840547895541,0.28506992231022493
PM2_5,random,0.2,1,8,19.13465413122953,15.060240963855422,166,68.42105263157895,1.1232297278143268,13,0.21822884129965464,0.2625191069290248
PM2_5,random,0.2,1,9,25.8629259130425,15.060240963855422,166,57.89473684210527,1.0058059356375901,13,0.2647674156568379,0.2701915045327328
PM2_5,random,0.2,2,0,14.5236942051983,15.060240963855422,166,63.1578947368421,1.1536935187402932,13,0.251174193207702,0.171459801482051
PM2_5,random,0.2,2,1,13.884284874514455,8.433734939759036,166,73.68421052631578,1.2003579941952198,13,0.2315904727755084,0.19914644387968158
PM2_5,random,0.2,2,2,10.932557617394128,12.650602409638553,166,78.94736842105263,1.2018079935159556,13,0.20328372991831212,0.24641108928529323
PM2_5,random,0.2,2,3,18.1074396700204,9.036144578313253,166,57.89473684210527,1.012771731618507,13,0.3057577037286408,0.1440437793842457
PM2_5,random,0.2,2,4,22.274281134242848,15.662650602409638,166,73.68421052631578,1.2813981693711642,13,0.20675921092988025,0.1331648599006175
PM2_5,random,0.2,2,5,18.508873917455734,10.240963855421686,166,42.10526315789473,1.0419470610732433,13,0.3379794017254493,0.17661571511875748
PM2_5,random,0.2,2,6,12.85545063102263,13.855421686746988,166,68.42105263157895,1.0876489962696803,13,0.26670005091299065,0.18520747440715415
PM2_5,random,0.2,2,7,20.828427079405625,14.457831325301205,166,68.42105263157895,1.2014599550033829,13,0.20062545077629512,0.16698361105363685
PM2_5,random,0.2,2,8,19.162960541693998,12.048192771084338,166,68.42105263157895,1.201712533819571,13,0.24889592688857878,0.2006434233098774
PM2_5,random,0.2,2,9,20.899976703822194,12.048192771084338,166,63.1578947368421,1.178680252017625,13,0.2435854478802335,0.19595648049168937
PM2_5,random,0.2,3,0,20.660680037069213,10.843373493975903,166,63.1578947368421,1.1261786465276291,13,0.22040011994531308,0.18128540524648426
PM2_5,random,0.2,3,1,18.76204135644901,14.457831325301205,166,89.47368421052632,1.0878857885557902,13,0.24359884480148247,0.22543450020465824
PM2_5,random,0.2,3,2,16.423907425215866,15.662650602409638,166,73.68421052631578,1.1938592707943692,13,0.2510164858517766,0.1792220518015928
PM2_5,random,0.2,3,3,10.986905965123412,9.63855421686747,166,89.47368421052632,1.0666577897267602,13,0.22743455094773077,0.17595497466936977
PM2_5,random,0.2,3,4,19.938660360095888,15.060240963855422,166,73.68421052631578,1.2164980814123654,13,0.2501103807941622,0.14277280814220786
PM2_5,random,0.2,3,5,22.84225442432112,7.831325301204819,166,47.368421052631575,1.114756542286771,13,0.2883146224892856,0.25257200927956125
PM2_5,random,0.2,3,6,16.972825443430022,11.44578313253012,166,63.1578947368421,1.290640016347509,13,0.2727610160090541,0.27111300423463247
PM2_5,random,0.2,3,7,15.839390551268231,13.25301204819277,166,68.42105263157895,1.3024382408823487,13,0.2233617498316928,0.23857691257006663
PM2_5,random,0.2,3,8,25.123157145398256,15.060240963855422,166,63.1578947368421,1.1473504843720546,13,0.2564768127272338,0.2959653734320107
PM2_5,random,0.2,3,9,13.421927325357697,15.060240963855422,166,84.21052631578947,1.0281446393913594,13,0.20343754779159706,0.21207001458549396
PM2_5,random,0.2,0,0,18.289087973977196,15.662650602409638,166,73.68421052631578,1.1676722099264514,13,0.21185538524476175,0.23303099534058846
PM2_5,random,0.2,0,1,21.921012141802983,12.650602409638553,166,57.89473684210527,1.3040384487699948,13,0.26124452126080705,0.23698573982629437
PM2_5,random,0.2,0,2,15.153423761885932,13.25301204819277,166,68.42105263157895,1.073767616013442,13,0.2693666621588731,0.27873042702807416
PM2_5,random,0.2,0,3,14.686173005125433,12.650602409638553,166,73.68421052631578,1.1386438136457435,13,0.2230605892513126,0.1279640176205668
PM2_5,random,0.2,0,4,9.064769975173903,8.433734939759036,166,63.1578947368421,0.8436693498270219,13,0.37269404195453426,0.17546113783079686
PM2_5,random,0.2,0,5,15.404278094204892,14.457831325301205,166,78.94736842105263,1.208194735559365,13,0.2059970105085147,0.23672560335271345
PM2_5,random,0.2,0,6,17.201219825381717,16.265060240963855,166,63.1578947368421,1.2082260084667755,13,0.2289393929331226,0.202517350829565
PM2_5,random,0.2,0,7,19.918429151992076,16.265060240963855,166,63.1578947368421,1.1507342895325186,13,0.22310149342734578,0.18511554823742957
PM2_5,random,0.2,0,8,16.581195568605043,11.44578313253012,166,73.68421052631578,1.1057542853607516,13,0.24105393890550333,0.15757143194063825
PM2_5,random,0.2,0,9,19.959478327190826,10.843373493975903,166,42.10526315789473,1.1037435759786312,13,0.2820796103816919,0.12553969122280098
PM2_5,random,0.4,1,0,18.212490635937407,10.240963855421686,166,63.1578947368421,1.2047336223837684,26,0.2778978591645298,0.32338643946780166
PM2_5,random,0.4,1,1,16.887915988672525,12.048192771084338,166,57.89473684210527,1.1381220654666742,26,0.3026855216528456,0.4204121556222343
PM2_5,random,0.4,1,2,16.803392890510576,13.855421686746988,166,78.94736842105263,1.0091007809259047,26,0.27930392233606594,0.34859907999188233
PM2_5,random,0.4,1,3,13.518631541549222,6.626506024096385,166,63.1578947368421,1.058035752536325,26,0.2928317629603384,0.32416047197510434
PM2_5,random,0.4,1,4,7.731191620018555,5.421686746987952,166,68.42105263157895,1.0331136781943142,26,0.3202164064933049,0.2992001900442479
PM2_5,random,0.4,1,5,8.256225318432943,8.433734939759036,166,84.21052631578947,0.9545726990372636,26,0.26284022884162167,0.286987668326961
PM2_5,random,0.4,1,6,10.986621983156693,11.44578313253012,166,52.63157894736842,1.0029758544871734,26,0.31532726230113045,0.32793333815916564
PM2_5,random,0.4,1,7,11.211642058701653,12.048192771084338,166,100.0,0.9152242769940229,26,0.26531376315667893,0.4056863375376308
PM2_5,random,0.4,1,8,9.712277434810778,6.024096385542169,166,73.68421052631578,1.1407927681755934,26,0.25720273191474297,0.3188273623058726
PM2_5,random,0.4,1,9,22.924346023099016,5.421686746987952,166,47.368421052631575,1.276123324938691,26,0.2744389060775703,0.4184194687312451
PM2_5,random,0.4,2,0,16.08870258343707,13.855421686746988,166,94.73684210526315,0.9839714303403522,26,0.31108452075028564,0.4084541607972942
PM2_5,random,0.4,2,1,14.674364913113935,6.024096385542169,166,47.368421052631575,1.0730986473153776,26,0.34619189773046277,0.38578052484053355
PM2_5,random,0.4,2,2,17.50106169085878,7.831325301204819,166,57.89473684210527,1.0959177254675474,26,0.3452607772812859,0.3540319325634589
PM2_5,random,0.4,2,3,8.675794922959442,9.63855421686747,166,84.21052631578947,1.0030605006312718,26,0.3109803033374645,0.4113552610336351
PM2_5,random,0.4,2,4,17.68196669689572,11.44578313253012,166,57.89473684210527,1.076349837417493,26,0.28026111734939,0.47208739283732915
PM2_5,random,0.4,2,5,13.371303255265335,11.44578313253012,166,78.94736842105263,0.9804108146112518,26,0.3447849430677566,0.4304051789326886
PM2_5,random,0.4,2,6,11.443211270447112,11.44578313253012,166,84.21052631578947,0.7702262804359982,26,0.4197117830156442,0.4795462132631576
PM2_5,random,0.4,2,7,12.4583588146428,13.25301204819277,166,78.94736842105263,1.1666784209567171,26,0.2942438374385069,0.3770968325261305
PM2_5,random,0.4,2,8,9.084400128368463,8.433734939759036,166,100.0,0.9183980308114758,26,0.2647940940407868,0.35285932096891065
PM2_5,random,0.4,2,9,7.123063680579164,7.228915662650603,166,73.68421052631578,0.8258394931473688,26,0.37360454246288066,0.3720658991937547
PM2_5,random,0.4,3,0,17.045303358721593,13.855421686746988,166,73.68421052631578,1.2175751346681876,26,0.2588727705528179,0.32406026913052144
PM2_5,random,0.4,3,1,18.31468860410612,10.240963855421686,166,68.42105263157895,1.0415493218557288,26,0.2930103992906218,0.335901811722989
PM2_5,random,0.4,3,2,20.890478982827233,14.457831325301205,166,89.47368421052632,0.9914517644823074,26,0.3155817755807469,0.4485319990448237
PM2_5,random,0.4,3,3,18.84440340148691,14.457831325301205,166,63.1578947368421,1.3027173549801492,26,0.24465240909570019,0.3461049920694133
PM2_5,random,0.4,3,4,15.412198813425931,16.265060240963855,166,68.42105263157895,1.0777457674683515,26,0.23988149724621197,0.22365857923394775
PM2_5,random,0.4,3,5,16.12082551281273,10.240963855421686,166,63.1578947368421,1.154833269856567,26,0.34280626343857207,0.4418894892453658
PM2_5,random,0.4,3,6,9.761787876980337,11.44578313253012,166,100.0,0.9127477057354213,26,0.3663195280679889,0.42224904779301153
PM2_5,random,0.4,3,7,17.308394300640128,14.457831325301205,166,78.94736842105263,0.9289580670939883,26,0.3344932615707342,0.3550104599606702
PM2_5,random,0.4,3,8,10.84263938896769,9.63855421686747,166,84.21052631578947,0.9976759427928652,26,0.2969608244522927,0.3763883003643862
PM2_5,random,0.4,3,9,17.38681300657253,8.433734939759036,166,47.368421052631575,1.1761721463153665,26,0.3083611431551852,0.46207771904649936
PM2_5,random,0.4,0,0,10.158537156616495,10.843373493975903,166,100.0,1.1478952542652854,26,0.27407600410456506,0.4171440534758807
PM2_5,random,0.4,0,1,11.316787989216476,9.63855421686747,166,100.0,1.0438529795670353,26,0.35206026791790057,0.40088156723111046
PM2_5,random,0.4,0,2,9.802898004917038,12.048192771084338,166,73.68421052631578,1.2224215748248712,26,0.300834988301014,0.46910522678165073
PM2_5,random,0.4,0,3,11.805304557254116,9.036144578313253,166,73.68421052631578,1.0625795086252794,26,0.3494102742026223,0.4518687725670728
PM2_5,random,0.4,0,4,22.718451935996033,6.626506024096385,166,47.368421052631575,1.2209679885777354,26,0.4033143680881151,0.558006399258062
PM2_5,random,0.4,0,5,14.404588817653458,13.25301204819277,166,94.73684210526315,1.032977031535632,26,0.4004779351774443,0.402352571637669
PM2_5,random,0.4,0,6,17.01509630602939,11.44578313253012,166,78.94736842105263,1.1346843899716326,26,0.3167542220963582,0.42305077567932897
PM2_5,random,0.4,0,7,11.231705669874788,14.457831325301205,166,84.21052631578947,1.0427270335244911,26,0.32609316707779856,0.39895879498845155
PM2_5,random,0.4,0,8,10.236537984125786,4.819277108433735,166,94.73684210526315,1.0242362567013448,26,0.2932531569705074,0.37054829721058796
PM2_5,random,0.4,0,9,12.98373614589012,14.457831325301205,166,68.42105263157895,1.1848899297394802,26,0.2902278579747157,0.3834077845357494
PM2_5,random,0.6,1,0,12.22517495294066,6.024096385542169,166,47.368421052631575,0.9377568340499554,38,0.4058890728819965,0.6645687737498955
PM2_5,random,0.6,1,1,14.414678545800404,6.626506024096385,166,57.89473684210527,0.9629103896630112,38,0.35139803997865604,0.615603983571494
PM2_5,random,0.6,1,2,7.824200666434103,4.216867469879518,166,84.21052631578947,0.6160977637874221,38,0.3887961565550243,0.5331137082673597
PM2_5,random,0.6,1,3,9.708765441424253,9.63855421686747,166,73.68421052631578,1.0234652568741096,38,0.31171397632052544,0.605623904921097
PM2_5,random,0.6,1,4,9.591747143071721,10.843373493975903,166,68.42105263157895,0.7497117175601975,38,0.38145851472148723,0.6482190744577884
PM2_5,random,0.6,1,5,10.61616515686884,6.626506024096385,166,57.89473684210527,1.082407430596583,38,0.30787660094711994,0.5839070002416736
PM2_5,random,0.6,1,6,16.00788462933187,7.228915662650603,166,52.63157894736842,1.0834523040837818,38,0.3300829188648173,0.6214093025096858
PM2_5,random,0.6,1,7,8.6869708736146,8.433734939759036,166,94.73684210526315,0.8582949149074672,38,0.35979749311978865,0.5919745647897131
PM2_5,random,0.6,1,8,8.174193115916612,9.036144578313253,166,63.1578947368421,0.8193860120819981,38,0.3901183833609927,0.6078024913230125
PM2_5,random,0.6,1,9,11.655701888208084,9.63855421686747,166,78.94736842105263,0.8592244815085504,38,0.31327564110487166,0.6507450320921808
PM2_5,random,0.6,2,0,6.165836797554839,7.228915662650603,166,100.0,0.8763187683008589,38,0.4119890971383904,0.6120537499995129
PM2_5,random,0.6,2,1,9.79906967508672,5.421686746987952,166,73.68421052631578,0.8717744643087936,38,0.4562617618524242,0.5975609049426727
PM2_5,random,0.6,2,2,5.47191171192241,4.216867469879518,166,94.73684210526315,0.6374883317151332,38,0.4758251898128972,0.569518826611086
PM2_5,random,0.6,2,3,19.287884062577504,7.228915662650603,166,42.10526315789473,1.0759806117284216,38,0.4123684582066124,0.5537576008440185
PM2_5,random,0.6,2,4,7.145423521462265,6.024096385542169,166,84.21052631578947,0.823147732025043,38,0.44696450169151214,0.5345798190027766
PM2_5,random,0.6,2,5,9.037298750470573,12.650602409638553,166,78.94736842105263,0.9864023403311997,38,0.3831085322706206,0.5598703234625894
PM2_5,random,0.6,2,6,15.669405336835238,4.216867469879518,166,52.63157894736842,1.0975772982908611,38,0.4515265631065156,0.5573325855933338
PM2_5,random,0.6,2,7,9.294379798441065,12.048192771084338,166,84.21052631578947,0.6936821584243841,38,0.39261036552995926,0.5703890498953991
PM2_5,random,0.6,2,8,12.945407281597749,10.240963855421686,166,100.0,0.9816854927246756,38,0.35135319854547686,0.6130471715262428
PM2_5,random,0.6,2,9,7.595839006167384,4.216867469879518,166,84.21052631578947,0.9588435543135106,38,0.3997160337663481,0.6857948732100196
PM2_5,random,0.6,3,0,3.333813005989697,4.216867469879518,166,89.47368421052632,0.6340172238069982,38,0.561471144986243,0.6773035110275238
PM2_5,random,0.6,3,1,5.064747712687167,7.228915662650603,166,100.0,1.0631977982073302,38,0.3170418473724066,0.5173550981718028
PM2_5,random,0.6,3,2,8.594761387480077,7.831325301204819,166,84.21052631578947,0.9140647060991122,38,0.35776556059194314,0.4181122244594187
PM2_5,random,0.6,3,3,21.181523270559612,7.831325301204819,166,63.1578947368421,1.135334320648437,38,0.3753137892168534,0.6167920537960964
PM2_5,random,0.6,3,4,12.795815839408561,10.240963855421686,166,89.47368421052632,0.7579141562439177,38,0.4820482101170539,0.6449151990897342
PM2_5,random,0.6,3,5,7.683903039484871,2.4096385542168677,166,78.94736842105263,0.8492931028795022,38,0.44805875084789837,0.5476283785832717
PM2_5,random,0.6,3,6,7.452603697447549,6.626506024096385,166,100.0,0.9630724350462224,38,0.36808928997068885,0.5372585105989097
PM2_5,random,0.6,3,7,17.993123224073432,8.433734939759036,166,47.368421052631575,1.1430641321754211,38,0.4541308035323245,0.6178289778595542
PM2_5,random,0.6,3,8,10.912216307834905,1.2048192771084338,166,100.0,0.945834243333912,38,0.48643457813129676,0.6071751135409124
PM2_5,random,0.6,3,9,9.815795578106119,5.421686746987952,166,100.0,0.6329008309516675,38,0.5105789815044723,0.6424412892046321
PM2_5,random,0.6,0,0,25.743180763721558,3.0120481927710845,166,36.84210526315789,1.235865732835306,38,0.48467150424784616,0.6272031388899161
PM2_5,random,0.6,0,1,13.835599248869688,13.25301204819277,166,100.0,0.8894798985016953,38,0.4551128731071207,0.5762053394558438
PM2_5,random,0.6,0,2,17.226042147742042,2.4096385542168677,166,57.89473684210527,1.1323394568100953,38,0.4660953298035139,0.6526212364687861
PM2_5,random,0.6,0,3,4.818091607007407,6.024096385542169,166,100.0,0.483108922098761,38,0.6045836621153533,0.5280232481249526
PM2_5,random,0.6,0,4,20.737387571862165,4.819277108433735,166,52.63157894736842,1.2405771547590034,38,0.4354071723482005,0.6372490578431779
PM2_5,random,0.6,0,5,23.350578598209925,5.421686746987952,166,36.84210526315789,1.0287760985906147,38,0.5067440706555452,0.5665694552940185
PM2_5,random,0.6,0,6,11.671096223049627,7.831325301204819,166,68.42105263157895,1.141834674711341,38,0.49100442005744355,0.648714480813539
PM2_5,random,0.6,0,7,10.54045697954421,9.036144578313253,166,100.0,0.9034238211126911,38,0.4900956527642703,0.5352439727377919
PM2_5,random,0.6,0,8,8.033545593161648,6.024096385542169,166,94.73684210526315,1.1504175453320864,38,0.44451554096333357,0.5701475625083413
PM2_5,random,0.6,0,9,11.560794575342902,8.433734939759036,166,100.0,0.9311329947843022,38,0.365366916058733,0.5354770868906892
PM2_5,random,0.8,1,0,9.765277538937964,6.626506024096385,166,73.68421052631578,0.8003310811158535,51,0.40025350056392905,0.7762478159499986
PM2_5,random,0.8,1,1,6.9777595257211384,3.0120481927710845,166,63.1578947368421,0.737075003532076,51,0.42789058558196313,0.8012587155240312
PM2_5,random,0.8,1,2,9.587308200381207,2.4096385542168677,166,57.89473684210527,0.9134197041134596,51,0.4149700724325288,0.8949988608687719
PM2_5,random,0.8,1,3,7.922555024979916,4.819277108433735,166,52.63157894736842,0.7088500388438964,51,0.4053478073087903,0.7746765532772458
PM2_5,random,0.8,1,4,6.113395898936559,6.024096385542169,166,73.68421052631578,0.8900948597319182,51,0.3700343633252913,0.8254199292345555
PM2_5,random,0.8,1,5,7.52997381131072,3.6144578313253013,166,84.21052631578947,0.7301901164043567,51,0.4155060715352728,0.8148629098964802
PM2_5,random,0.8,1,6,9.255091051175993,4.216867469879518,166,47.368421052631575,0.719951117128232,51,0.42711047159890936,0.848422813556899
PM2_5,random,0.8,1,7,12.646146287368943,12.650602409638553,166,84.21052631578947,0.9066803576213949,51,0.3388584593211773,0.7181520690555291
PM2_5,random,0.8,1,8,7.479060959944029,4.216867469879518,166,78.94736842105263,0.6765096970625496,51,0.42708439771091267,0.8927203652996776
PM2_5,random,0.8,1,9,5.769884809204264,6.024096385542169,166,73.68421052631578,0.7190429314029297,51,0.4037527021992853,0.8045172314457008
PM2_5,random,0.8,2,0,3.800790616181808,3.6144578313253013,166,68.42105263157895,0.4431385739200877,51,0.5998613821848053,0.8071553149987437
PM2_5,random,0.8,2,1,7.948330155920852,7.831325301204819,166,78.94736842105263,0.6031317942647586,51,0.5337491374727695,0.8224568596377885
PM2_5,random,0.8,2,2,17.15578592127539,4.216867469879518,166,47.368421052631575,0.9908044415989037,51,0.45157691399385086,0.7753603394038675
PM2_5,random,0.8,2,3,4.261274770369106,6.626506024096385,166,100.0,0.7481778326789384,51,0.4920731557088455,0.740467798531455
PM2_5,random,0.8,2,4,3.369244897626264,4.216867469879518,166,78.94736842105263,0.6421926604132061,51,0.5617543071899087,0.8232050793867901
PM2_5,random,0.8,2,5,9.822460519122778,4.819277108433735,166,52.63157894736842,0.6989863694791547,51,0.5311026169775193,0.7585084380380223
PM2_5,random,0.8,2,6,5.3537573371223095,3.0120481927710845,166,78.94736842105263,0.4775921571984726,51,0.5420941349907099,0.7962346493292447
PM2_5,random,0.8,2,7,3.1647539169187167,6.626506024096385,166,100.0,0.709565287060984,51,0.5112350916556138,0.7883234285753191
PM2_5,random,0.8,2,8,4.479950048726742,0.0,166,100.0,0.5823586988524931,51,0.5458269359011639,0.857582740349041
PM2_5,random,0.8,2,9,18.453316925824353,2.4096385542168677,166,31.57894736842105,1.149469826100069,51,0.4943827770736976,0.8304206606455583
PM2_5,random,0.8,3,0,4.625203864950572,3.0120481927710845,166,84.21052631578947,0.42839906470179356,51,0.6170521207995087,0.8009718984011434
PM2_5,random,0.8,3,1,4.950317515184767,6.024096385542169,166,89.47368421052632,0.5502589872703352,51,0.6009984232123852,0.8357476847933268
PM2_5,random,0.8,3,2,9.637093649525044,11.44578313253012,166,100.0,0.5445258389982728,51,0.5607649287211868,0.8118028576221537
PM2_5,random,0.8,3,3,5.251984852991029,3.6144578313253013,166,94.73684210526315,0.23235782841068706,51,0.6791921088258926,0.8380627237731115
PM2_5,random,0.8,3,4,18.35485042157299,1.8072289156626506,166,21.052631578947366,1.0305439326549595,51,0.5646562004948975,0.7679133203531044
PM2_5,random,0.8,3,5,7.18549004034231,3.0120481927710845,166,63.1578947368421,0.5147727755890154,51,0.6088996625913691,0.7735675085567854
PM2_5,random,0.8,3,6,6.085917924754597,5.421686746987952,166,100.0,0.9432182212157979,51,0.4878521109067718,0.7064891880258236
PM2_5,random,0.8,3,7,7.940932977285692,8.433734939759036,166,100.0,1.0522172433105912,51,0.4609577992596381,0.6831198103010352
PM2_5,random,0.8,3,8,4.7037036885905765,3.6144578313253013,166,100.0,0.4978027048130064,51,0.5723837808262123,0.8534012477680986
PM2_5,random,0.8,3,9,7.930610430421035,6.024096385542169,166,100.0,0.43152986572354424,51,0.6189951914738261,0.7537527392831298
PM2_5,random,0.8,0,0,5.212039684769154,4.216867469879518,166,100.0,0.4489545341117927,51,0.7988808648743967,0.8857986659908457
PM2_5,random,0.8,0,1,13.7432507817935,4.216867469879518,166,84.21052631578947,0.8822665952430563,51,0.673099643189499,0.8148935626183824
PM2_5,random,0.8,0,2,3.3853553482404575,4.819277108433735,166,100.0,0.4036813102352351,51,0.7564364451613974,0.8289118741267288
PM2_5,random,0.8,0,3,3.77843044299951,4.819277108433735,166,100.0,0.3979345316794662,51,0.7780870147598383,0.8536186484658009
PM2_5,random,0.8,0,4,1.449056604797474,4.819277108433735,166,100.0,0.5051651919156946,51,0.7208187712060664,0.7616158209397537
PM2_5,random,0.8,0,5,20.348081813714863,0.6024096385542169,166,36.84210526315789,0.971881049151363,51,0.5800182785166754,0.7245913175244472
PM2_5,random,0.8,0,6,3.3785514019280463,3.6144578313253013,166,100.0,0.3526796255101951,51,0.7881172517910292,0.8171621314341291
PM2_5,random,0.8,0,7,5.979661673925772,7.228915662650603,166,100.0,0.5168340077408228,51,0.6330341151705952,0.7389704820007368
PM2_5,random,0.8,0,8,17.94866894064181,5.421686746987952,166,100.0,0.5945621055929804,51,0.5989832316767283,0.8051809818028031
PM2_5,random,0.8,0,9,6.188569939447917,6.626506024096385,166,100.0,0.6862410777255169,51,0.6113148250245551,0.7502269352145944
PM2_5,random,1.0,1,0,5.583865626007289,2.4096385542168677,166,68.42105263157895,0.6003070247805249,64,0.45661929483693947,1.0
PM2_5,random,1.0,1,1,5.583865626007289,2.4096385542168677,166,73.68421052631578,0.560823854612147,64,0.45661929483693947,1.0
PM2_5,random,1.0,1,2,5.583865626007289,2.4096385542168677,166,73.68421052631578,0.6882945581728503,64,0.45661929483693947,1.0
PM2_5,random,1.0,1,3,5.583865626007289,2.4096385542168677,166,68.42105263157895,0.6587905622152518,64,0.45661929483693947,1.0
PM2_5,random,1.0,1,4,5.583865626007289,2.4096385542168677,166,78.94736842105263,0.6624548726102601,64,0.45661929483693947,1.0
PM2_5,random,1.0,1,5,5.583865626007289,2.4096385542168677,166,68.42105263157895,0.6641442538190777,64,0.45661929483693947,1.0
PM2_5,random,1.0,1,6,5.583865626007289,2.4096385542168677,166,73.68421052631578,0.6100358848612446,64,0.45661929483693947,1.0
PM2_5,random,1.0,1,7,5.583865626007289,2.4096385542168677,166,73.68421052631578,0.6360967768062492,64,0.45661929483693947,1.0
PM2_5,random,1.0,1,8,5.583865626007289,2.4096385542168677,166,73.68421052631578,0.6744941945789511,64,0.45661929483693947,1.0
PM2_5,random,1.0,1,9,5.583865626007289,2.4096385542168677,166,73.68421052631578,0.6303397132005383,64,0.45661929483693947,1.0
PM2_5,random,1.0,2,0,1.8763686501879058,0.0,166,100.0,0.3686388459628605,64,0.6637871818371162,1.0
PM2_5,random,1.0,2,1,1.8763686501879058,0.0,166,100.0,0.40011016700782653,64,0.6637871818371162,1.0
PM2_5,random,1.0,2,2,1.8763686501879058,0.0,166,89.47368421052632,0.3761911384281231,64,0.6637871818371162,1.0
PM2_5,random,1.0,2,3,1.8763686501879058,0.0,166,89.47368421052632,0.3295760633727136,64,0.6637871818371162,1.0
PM2_5,random,1.0,2,4,1.8763686501879058,0.0,166,89.47368421052632,0.3780441085964933,64,0.6637871818371162,1.0
PM2_5,random,1.0,2,5,1.8763686501879058,0.0,166,84.21052631578947,0.40113793771451095,64,0.6637871818371162,1.0
PM2_5,random,1.0,2,6,1.8763686501879058,0.0,166,94.73684210526315,0.3682608505045877,64,0.6637871818371162,1.0
PM2_5,random,1.0,2,7,1.8763686501879058,0.0,166,89.47368421052632,0.3816462091841239,64,0.6637871818371162,1.0
PM2_5,random,1.0,2,8,1.8763686501879058,0.0,166,89.47368421052632,0.40044667916552784,64,0.6637871818371162,1.0
PM2_5,random,1.0,2,9,1.8763686501879058,0.0,166,94.73684210526315,0.4058440177362113,64,0.6637871818371162,1.0
PM2_5,random,1.0,3,0,0.6583703712583641,0.0,166,100.0,0.20658656381859317,64,0.8016846395511454,1.0
PM2_5,random,1.0,3,1,0.6583703712583641,0.0,166,100.0,0.21789850896725968,64,0.8016846395511454,1.0
PM2_5,random,1.0,3,2,0.6583703712583641,0.0,166,100.0,0.2209273728528953,64,0.8016846395511454,1.0
PM2_5,random,1.0,3,3,0.6583703712583641,0.0,166,100.0,0.2243833121408459,64,0.8016846395511454,1.0
PM2_5,random,1.0,3,4,0.6583703712583641,0.0,166,100.0,0.2266616097734026,64,0.8016846395511454,1.0
PM2_5,random,1.0,3,5,0.6583703712583641,0.0,166,100.0,0.22804256479533314,64,0.8016846395511454,1.0
PM2_5,random,1.0,3,6,0.6583703712583641,0.0,166,100.0,0.24788503677343035,64,0.8016846395511454,1.0
PM2_5,random,1.0,3,7,0.6583703712583641,0.0,166,100.0,0.24797117656321874,64,0.8016846395511454,1.0
PM2_5,random,1.0,3,8,0.6583703712583641,0.0,166,100.0,0.24399702733281672,64,0.8016846395511454,1.0
PM2_5,random,1.0,3,9,0.6583703712583641,0.0,166,100.0,0.23128007324374397,64,0.8016846395511454,1.0
PM2_5,random,1.0,0,0,9.548994219360282e-07,0.0,166,100.0,6.645724249094805e-09,64,0.9999998198006607,1.0
PM2_5,random,1.0,0,1,9.548994219360282e-07,0.0,166,100.0,6.760421687105323e-09,64,0.9999998198006607,1.0
PM2_5,random,1.0,0,2,9.548994219360282e-07,0.0,166,100.0,6.2463894714114885e-09,64,0.9999998198006607,1.0
PM2_5,random,1.0,0,3,9.548994219360282e-07,0.0,166,100.0,7.229869011679702e-09,64,0.9999998198006607,1.0
PM2_5,random,1.0,0,4,9.548994219360282e-07,0.0,166,100.0,6.999894534228765e-09,64,0.9999998198006607,1.0
PM2_5,random,1.0,0,5,9.548994219360282e-07,0.0,166,100.0,7.357963579567346e-09,64,0.9999998198006607,1.0
PM2_5,random,1.0,0,6,9.548994219360282e-07,0.0,166,100.0,6.948994523383238e-09,64,0.9999998198006607,1.0
PM2_5,random,1.0,0,7,9.548994219360282e-07,0.0,166,100.0,6.0752162800037434e-09,64,0.9999998198006607,1.0
PM2_5,random,1.0,0,8,9.548994219360282e-07,0.0,166,100.0,7.1252344622065e-09,64,0.9999998198006607,1.0
PM2_5,random,1.0,0,9,9.548994219360282e-07,0.0,166,100.0,7.093026058812233e-09,64,0.9999998198006607,1.0
PM2_5,flow,0.0,1,0,18.245892828971844,17.46987951807229,166,73.68421052631578,1.1789630067069203,0,0.1792593038046535,0.0
PM2_5,flow,0.0,1,1,18.245892828971844,17.46987951807229,166,63.1578947368421,1.3057471396874478,0,0.1792593038046535,0.0
PM2_5,flow,0.0,1,2,18.245892828971844,17.46987951807229,166,73.68421052631578,1.2068210948481313,0,0.1792593038046535,0.0
PM2_5,flow,0.0,1,3,18.245892828971844,17.46987951807229,166,73.68421052631578,1.279109611407586,0,0.1792593038046535,0.0
PM2_5,flow,0.0,1,4,18.245892828971844,17.46987951807229,166,63.1578947368421,1.224187437945001,0,0.1792593038046535,0.0
PM2_5,flow,0.0,1,5,18.245892828971844,17.46987951807229,166,63.1578947368421,1.2554631139717773,0,0.1792593038046535,0.0
PM2_5,flow,0.0,1,6,18.245892828971844,17.46987951807229,166,68.42105263157895,1.3574403036412062,0,0.1792593038046535,0.0
PM2_5,flow,0.0,1,7,18.245892828971844,17.46987951807229,166,73.68421052631578,1.1464978251695601,0,0.1792593038046535,0.0
PM2_5,flow,0.0,1,8,18.245892828971844,17.46987951807229,166,73.68421052631578,1.2440308983737582,0,0.1792593038046535,0.0
PM2_5,flow,0.0,1,9,18.245892828971844,17.46987951807229,166,68.42105263157895,1.298380270417898,0,0.1792593038046535,0.0
PM2_5,flow,0.0,2,0,18.245892828971844,17.46987951807229,166,73.68421052631578,1.2497990019718763,0,0.1792593038046535,0.0
PM2_5,flow,0.0,2,1,18.245892828971844,17.46987951807229,166,73.68421052631578,1.2147231242265497,0,0.1792593038046535,0.0
PM2_5,flow,0.0,2,2,18.245892828971844,17.46987951807229,166,73.68421052631578,1.3095411707212194,0,0.1792593038046535,0.0
PM2_5,flow,0.0,2,3,18.245892828971844,17.46987951807229,166,73.68421052631578,1.1907494887807095,0,0.1792593038046535,0.0
PM2_5,flow,0.0,2,4,18.245892828971844,17.46987951807229,166,73.68421052631578,1.166546426046736,0,0.1792593038046535,0.0
PM2_5,flow,0.0,2,5,18.245892828971844,17.46987951807229,166,73.68421052631578,1.2684224694241308,0,0.1792593038046535,0.0
PM2_5,flow,0.0,2,6,18.245892828971844,17.46987951807229,166,73.68421052631578,1.2562070273244594,0,0.1792593038046535,0.0
PM2_5,flow,0.0,2,7,18.245892828971844,17.46987951807229,166,68.42105263157895,1.2394095239020786,0,0.1792593038046535,0.0
PM2_5,flow,0.0,2,8,18.245892828971844,17.46987951807229,166,73.68421052631578,1.1593827232845615,0,0.1792593038046535,0.0
PM2_5,flow,0.0,2,9,18.245892828971844,17.46987951807229,166,68.42105263157895,1.1908639896506115,0,0.1792593038046535,0.0
PM2_5,flow,0.0,3,0,18.245892828971844,17.46987951807229,166,68.42105263157895,1.2602077546547672,0,0.1792593038046535,0.0
PM2_5,flow,0.0,3,1,18.245892828971844,17.46987951807229,166,68.42105263157895,1.2031276431105122,0,0.1792593038046535,0.0
PM2_5,flow,0.0,3,2,18.245892828971844,17.46987951807229,166,68.42105263157895,1.2210579756604956,0,0.1792593038046535,0.0
PM2_5,flow,0.0,3,3,18.245892828971844,17.46987951807229,166,73.68421052631578,1.1961532556036636,0,0.1792593038046535,0.0
PM2_5,flow,0.0,3,4,18.245892828971844,17.46987951807229,166,68.42105263157895,1.2125202008847427,0,0.1792593038046535,0.0
PM2_5,flow,0.0,3,5,18.245892828971844,17.46987951807229,166,68.42105263157895,1.1198708613132073,0,0.1792593038046535,0.0
PM2_5,flow,0.0,3,6,18.245892828971844,17.46987951807229,166,73.68421052631578,1.305220637117702,0,0.1792593038046535,0.0
PM2_5,flow,0.0,3,7,18.245892828971844,17.46987951807229,166,73.68421052631578,1.1949148795742295,0,0.1792593038046535,0.0
PM2_5,flow,0.0,3,8,18.245892828971844,17.46987951807229,166,73.68421052631578,1.2147748486949812,0,0.1792593038046535,0.0
PM2_5,flow,0.0,3,9,18.245892828971844,17.46987951807229,166,68.42105263157895,1.1978477888618113,0,0.1792593038046535,0.0
PM2_5,flow,0.0,0,0,18.245892828971844,17.46987951807229,166,73.68421052631578,1.2685666512783684,0,0.1792593038046535,0.0
PM2_5,flow,0.0,0,1,18.245892828971844,17.46987951807229,166,68.42105263157895,1.234558953718993,0,0.1792593038046535,0.0
PM2_5,flow,0.0,0,2,18.245892828971844,17.46987951807229,166,68.42105263157895,1.3023406293209145,0,0.1792593038046535,0.0
PM2_5,flow,0.0,0,3,18.245892828971844,17.46987951807229,166,73.68421052631578,1.247635651522554,0,0.1792593038046535,0.0
PM2_5,flow,0.0,0,4,18.245892828971844,17.46987951807229,166,73.68421052631578,1.146487375274423,0,0.1792593038046535,0.0
PM2_5,flow,0.0,0,5,18.245892828971844,17.46987951807229,166,73.68421052631578,1.2296319692312254,0,0.1792593038046535,0.0
PM2_5,flow,0.0,0,6,18.245892828971844,17.46987951807229,166,68.42105263157895,1.2558859939513378,0,0.1792593038046535,0.0
PM2_5,flow,0.0,0,7,18.245892828971844,17.46987951807229,166,68.42105263157895,1.2314005032542736,0,0.1792593038046535,0.0
PM2_5,flow,0.0,0,8,18.245892828971844,17.46987951807229,166,73.68421052631578,1.2601427986670009,0,0.1792593038046535,0.0
PM2_5,flow,0.0,0,9,18.245892828971844,17.46987951807229,166,68.42105263157895,1.2323795617005817,0,0.1792593038046535,0.0
PM2_5,flow,0.05,1,0,12.498286623623263,15.662650602409638,166,63.1578947368421,1.1915415276653871,3,0.22017851036815433,0.14389249209796628
PM2_5,flow,0.05,1,1,18.34472924014107,18.674698795180724,166,73.68421052631578,1.2292778947373197,3,0.2040189068879368,0.06613867167975436
PM2_5,flow,0.05,1,2,17.99588306867316,17.46987951807229,166,73.68421052631578,1.1134158916637835,3,0.18265283209751593,0.07197583347609912
PM2_5,flow,0.05,1,3,17.816898580449,17.46987951807229,166,73.68421052631578,1.1821470325764605,3,0.18058906172924716,0.10384561681909076
PM2_5,flow,0.05,1,4,21.689977937798925,16.867469879518072,166,57.89473684210527,1.2383496019535016,3,0.18139055501926504,0.09254816132593853
PM2_5,flow,0.05,1,5,16.56636420163292,17.46987951807229,166,73.68421052631578,1.176818616892647,3,0.18339494331743414,0.07008365681966056
PM2_5,flow,0.05,1,6,18.62853855077294,15.662650602409638,166,63.1578947368421,1.146245249474508,3,0.18820992689966198,0.04546711114920817
PM2_5,flow,0.05,1,7,17.570517252493172,17.46987951807229,166,73.68421052631578,1.169899881781658,3,0.18087741247166975,0.10303035691790763
PM2_5,flow,0.05,1,8,17.978124344354327,17.46987951807229,166,68.42105263157895,1.2803178168294367,3,0.17977760636464923,0.050681820259219613
PM2_5,flow,0.05,1,9,24.801642345835763,13.25301204819277,166,47.368421052631575,1.1982208147957933,3,0.22248338766660436,0.08793989377016359
PM2_5,flow,0.05,2,0,20.12103792672662,12.048192771084338,166,63.1578947368421,1.1416820320760674,3,0.20549828704067866,0.06284005165170754
PM2_5,flow,0.05,2,1,12.61413085070713,16.265060240963855,166,73.68421052631578,1.1815177714030376,3,0.22160335057522887,0.13014294397978812
PM2_5,flow,0.05,2,2,15.096101488144706,17.46987951807229,166,73.68421052631578,1.2037707740674413,3,0.20720035296082664,0.0769698040218804
PM2_5,flow,0.05,2,3,18.570688192820583,17.46987951807229,166,68.42105263157895,1.313135598523588,3,0.19411901140089252,0.1487688254172355
PM2_5,flow,0.05,2,4,21.858653790822927,16.867469879518072,166,63.1578947368421,1.3205897507345192,3,0.18408651634102458,0.15405308750671176
PM2_5,flow,0.05,2,5,17.599915248509898,16.265060240963855,166,68.42105263157895,0.987501724948731,3,0.2561198185068735,0.09465961215908403
PM2_5,flow,0.05,2,6,17.820844832672694,17.46987951807229,166,68.42105263157895,1.2617352531213315,3,0.18057944494030467,0.0767659233405506
PM2_5,flow,0.05,2,7,22.20263803560322,15.060240963855422,166,57.89473684210527,1.2467819020003466,3,0.19070171299616834,0.11623353536628454
PM2_5,flow,0.05,2,8,17.952320104031596,17.46987951807229,166,73.68421052631578,1.3629232005044498,3,0.18311325039919413,0.09471114454452488
PM2_5,flow,0.05,2,9,18.200973673674014,17.46987951807229,166,68.42105263157895,1.2465626648230224,3,0.1796730022722819,0.08047626080586139
PM2_5,flow,0.05,3,0,21.67589822489617,16.867469879518072,166,63.1578947368421,1.2130040530406332,3,0.18630626586187152,0.11809379431682705
PM2_5,flow,0.05,3,1,21.412054344867183,16.867469879518072,166,63.1578947368421,1.1848404856767996,3,0.18165294460611603,0.08551993939476525
PM2_5,flow,0.05,3,2,11.739077748322384,15.662650602409638,166,57.89473684210527,1.2447036026430986,3,0.22252987461926532,0.11702880292106647
PM2_5,flow,0.05,3,3,18.99050298796118,16.265060240963855,166,78.94736842105263,1.1578049631305118,3,0.19188285454889326,0.11538714337482942
PM2_5,flow,0.05,3,4,18.0460789093638,17.46987951807229,166,68.42105263157895,1.2189319878571296,3,0.21244700369596173,0.045079005032427434
PM2_5,flow,0.05,3,5,18.23874363208561,17.46987951807229,166,73.68421052631578,1.1830894531016323,3,0.20595082065128506,0.12346158020266973
PM2_5,flow,0.05,3,6,17.99213472554039,17.46987951807229,166,73.68421052631578,1.1342056733475794,3,0.18265411055411923,0.08830307615985131
PM2_5,flow,0.05,3,7,19.535601611586248,15.060240963855422,166,73.68421052631578,1.232706216457169,3,0.20804131531007725,0.08305976778433985
PM2_5,flow,0.05,3,8,18.123407443124282,14.457831325301205,166,73.68421052631578,1.2048482613136091,3,0.19507703388372274,0.096888204281024
PM2_5,flow,0.05,3,9,22.053088998366484,16.867469879518072,166,63.1578947368421,1.3237115631855427,3,0.18109890792181058,0.1103235747123947
PM2_5,flow,0.05,0,0,21.046510984234367,15.662650602409638,166,57.89473684210527,1.2759229888266885,3,0.18430926781042686,0.11504015609413377
PM2_5,flow,0.05,0,1,17.123899966504542,15.060240963855422,166,68.42105263157895,0.9909245928992645,3,0.19856808214889415,0.05205578713796429
PM2_5,flow,0.05,0,2,17.463727681126738,15.662650602409638,166,78.94736842105263,1.0634907404159362,3,0.1971544313932893,0.08379160273388601
PM2_5,flow,0.05,0,3,21.156445524094433,15.060240963855422,166,57.89473684210527,1.1571478052103967,3,0.18197986034434052,0.08888556300815723
PM2_5,flow,0.05,0,4,20.34437701799981,16.867469879518072,166,73.68421052631578,1.18226979178628,3,0.1941888129052253,0.1279404680066193
PM2_5,flow,0.05,0,5,16.18803073514489,15.662650602409638,166,73.68421052631578,1.2148055272916582,3,0.19069624068123484,0.06947815171924795
PM2_5,flow,0.05,0,6,16.13578810169638,15.662650602409638,166,73.68421052631578,1.1976877263818582,3,0.18951400918643202,0.1072382153305506
PM2_5,flow,0.05,0,7,17.11834322803137,15.060240963855422,166,73.68421052631578,1.2007119890435536,3,0.18616780899430233,0.0974837843421598
PM2_5,flow,0.05,0,8,22.23569803597861,15.060240963855422,166,52.63157894736842,1.3206607143106672,3,0.19107962796710873,0.12112474624572463
PM2_5,flow,0.05,0,9,18.550009611128655,17.46987951807229,166,68.42105263157895,1.207714577023852,3,0.18305333001039448,0.10557890485815045
PM2_5,flow,0.1,1,0,16.256965665547074,16.867469879518072,166,78.94736842105263,1.1139487972611204,6,0.2133088807788412,0.15259688866936524
PM2_5,flow,0.1,1,1,24.517402060878833,16.867469879518072,166,52.63157894736842,1.2271342735159703,6,0.2122102699386675,0.16648989191456795
PM2_5,flow,0.1,1,2,17.646618065267287,16.867469879518072,166,73.68421052631578,1.2164585877274288,6,0.21830777924754566,0.17759104120372
PM2_5,flow,0.1,1,3,19.0642210895769,15.060240963855422,166,68.42105263157895,1.075154199814964,6,0.2326130273419845,0.24449293246300563
PM2_5,flow,0.1,1,4,12.789481681826523,15.060240963855422,166,68.42105263157895,1.2318511034428796,6,0.22462748385323275,0.17363368104650348
PM2_5,flow,0.1,1,5,18.305615378789906,14.457831325301205,166,63.1578947368421,1.0955573637457927,6,0.23546808169886957,0.2188489152562844
PM2_5,flow,0.1,1,6,14.220831215620725,14.457831325301205,166,68.42105263157895,1.2298097592628747,6,0.22253600908346205,0.12674223791508812
PM2_5,flow,0.1,1,7,20.87181868671465,16.867469879518072,166,68.42105263157895,1.1192058466415038,6,0.2299884856092347,0.22760155434056883
PM2_5,flow,0.1,1,8,17.13290622309319,17.46987951807229,166,73.68421052631578,1.1698795442140855,6,0.21169609428832684,0.13073522559801667
PM2_5,flow,0.1,1,9,13.391383821424366,13.25301204819277,166,52.63157894736842,1.1578713510184644,6,0.25644229978071725,0.2017638763119124
PM2_5,flow,0.1,2,0,11.383238529676111,14.457831325301205,166,57.89473684210527,1.2830093834383418,6,0.25067304333262946,0.25600312238273165
PM2_5,flow,0.1,2,1,19.66143711385676,13.25301204819277,166,63.1578947368421,1.0852647941631424,6,0.23084256627145125,0.18216658486912934
PM2_5,flow,0.1,2,2,20.760013983378066,17.46987951807229,166,73.68421052631578,1.2430462482643383,6,0.1887362947808616,0.14255974118596584
PM2_5,flow,0.1,2,3,18.082429222284077,15.662650602409638,166,73.68421052631578,1.079599056038231,6,0.19890433037672106,0.2694402308815412
PM2_5,flow,0.1,2,4,15.31416705876424,16.265060240963855,166,73.68421052631578,1.2167582560094534,6,0.26956748334132274,0.21853274524825428
PM2_5,flow,0.1,2,5,13.582014558065778,13.25301204819277,166,78.94736842105263,1.0417878133821847,6,0.23186092805448785,0.21987066236859873
PM2_5,flow,0.1,2,6,13.699426524184059,9.63855421686747,166,63.1578947368421,1.1368070670597727,6,0.30345556115497313,0.23853626510335552
PM2_5,flow,0.1,2,7,11.961577522213059,14.457831325301205,166,68.42105263157895,1.1744743260359367,6,0.2285715283355156,0.23792412369350766
PM2_5,flow,0.1,2,8,15.731051894972312,13.855421686746988,166,78.94736842105263,1.2666496540302692,6,0.19029557632643823,0.20349311343113602
PM2_5,flow,0.1,2,9,21.158234322543365,15.662650602409638,166,63.1578947368421,1.132699281087927,6,0.1990823468622439,0.26308928675148135
PM2_5,flow,0.1,3,0,12.954280125017315,13.25301204819277,166,68.42105263157895,1.0913609225547616,6,0.22698862979737713,0.1832664010342734
PM2_5,flow,0.1,3,1,17.50441685301989,13.855421686746988,166,47.368421052631575,1.151277345373649,6,0.28324150757335526,0.20238249405128664
PM2_5,flow,0.1,3,2,14.680475198009177,14.457831325301205,166,78.94736842105263,1.0443242256837804,6,0.22647417911109527,0.12624308174454427
PM2_5,flow,0.1,3,3,15.095870921825005,15.060240963855422,166,78.94736842105263,1.150896285791264,6,0.2171209640558532,0.15762720607909184
PM2_5,flow,0.1,3,4,10.665317206899626,15.060240963855422,166,63.1578947368421,1.3175622959252211,6,0.24851656818744552,0.1206232218011724
PM2_5,flow,0.1,3,5,16.146771231836997,16.867469879518072,166,84.21052631578947,1.107069145677983,6,0.2163052282920304,0.13309789459617874
PM2_5,flow,0.1,3,6,18.677738670880846,15.060240963855422,166,68.42105263157895,1.2136378177503315,6,0.2002964679593696,0.16155326502441833
PM2_5,flow,0.1,3,7,20.586408861709764,16.265060240963855,166,57.89473684210527,1.2560070690586538,6,0.2294841984038693,0.23824653806019624
PM2_5,flow,0.1,3,8,22.224335423927705,16.867469879518072,166,63.1578947368421,1.26081243727974,6,0.18328783866283463,0.18334572021581982
PM2_5,flow,0.1,3,9,17.48942790755987,16.265060240963855,166,78.94736842105263,1.275573618742315,6,0.19374039173086333,0.14003579758435505
PM2_5,flow,0.1,0,0,15.586917549009119,14.457831325301205,166,73.68421052631578,1.2226088311138745,6,0.22699483563023695,0.20299921088652909
PM2_5,flow,0.1,0,1,12.685336130601454,13.25301204819277,166,84.21052631578947,1.0761073010126518,6,0.23883209003876119,0.11441008036514154
PM2_5,flow,0.1,0,2,20.484076382132983,13.25301204819277,166,68.42105263157895,1.2592412092436276,6,0.24826314028212992,0.1187244528297735
PM2_5,flow,0.1,0,3,26.76710733151425,10.843373493975903,166,47.368421052631575,1.1317987373552634,6,0.25636857727913,0.16698814819812427
PM2_5,flow,0.1,0,4,20.084705639975333,11.44578313253012,166,57.89473684210527,1.270050025580306,6,0.2422672069628724,0.11435398512415611
PM2_5,flow,0.1,0,5,20.717831617314737,16.265060240963855,166,57.89473684210527,1.1595873372084957,6,0.24323730546629518,0.23075599190436247
PM2_5,flow,0.1,0,6,14.504824677924658,8.433734939759036,166,68.42105263157895,1.2274493522577032,6,0.28657129304797674,0.1620121999604374
PM2_5,flow,0.1,0,7,11.106792989788211,13.855421686746988,166,63.1578947368421,1.4302997731489346,6,0.2474196789198745,0.24772207321661704
PM2_5,flow,0.1,0,8,16.940989573187878,17.46987951807229,166,73.68421052631578,1.1657693597683885,6,0.21434155551679418,0.23754971585642654
PM2_5,flow,0.1,0,9,11.605078075310063,13.855421686746988,166,63.1578947368421,1.3053688753745722,6,0.24414019414062155,0.2473596101651626
PM2_5,flow,0.2,1,0,12.84425985824462,12.650602409638553,166,63.1578947368421,1.0732069253379206,13,0.24923808282324877,0.30275582122408323
PM2_5,flow,0.2,1,1,19.89689346575049,15.662650602409638,166,68.42105263157895,1.0801244356482997,13,0.2665714188479991,0.38358745682872103
PM2_5,flow,0.2,1,2,17.868426206318574,15.060240963855422,166,73.68421052631578,1.1400252201837118,13,0.22206812055255354,0.33476455111745246
PM2_5,flow,0.2,1,3,14.089591194077755,16.867469879518072,166,73.68421052631578,1.1783594762045584,13,0.26669826563154414,0.3840881070973426
PM2_5,flow,0.2,1,4,16.429278043784215,13.25301204819277,166,63.1578947368421,1.0368333207110778,13,0.2452461391932048,0.3350963414495163
PM2_5,flow,0.2,1,5,14.808011028505504,16.867469879518072,166,78.94736842105263,1.0873050179674204,13,0.24627843390207496,0.37503252834349415
PM2_5,flow,0.2,1,6,18.654830563114636,15.662650602409638,166,63.1578947368421,1.1118029585969134,13,0.27518872291118524,0.4240834019968046
PM2_5,flow,0.2,1,7,15.050698791936549,12.048192771084338,166,52.63157894736842,1.084770940784092,13,0.292083529135434,0.37637322968561027
PM2_5,flow,0.2,1,8,10.682031163452569,12.048192771084338,166,63.1578947368421,1.159771766104223,13,0.2991089904360796,0.3034982959802848
PM2_5,flow,0.2,1,9,12.768430169189395,9.036144578313253,166,78.94736842105263,0.9745498720802377,13,0.28988428127051064,0.3415627270818385
PM2_5,flow,0.2,2,0,17.070760678765577,14.457831325301205,166,78.94736842105263,1.0296174934566253,13,0.2824395856128728,0.35306157385466663
PM2_5,flow,0.2,2,1,8.240696412661693,10.843373493975903,166,84.21052631578947,0.9072375596153337,13,0.28594775330316824,0.3857017370208267
PM2_5,flow,0.2,2,2,15.861902883476509,7.831325301204819,166,57.89473684210527,1.013090909004076,13,0.3254980631141583,0.4043207450357596
PM2_5,flow,0.2,2,3,11.994329732109746,7.228915662650603,166,68.42105263157895,1.2102618716633335,13,0.2765550647600777,0.29983770369628987
PM2_5,flow,0.2,2,4,12.855522416443485,9.036144578313253,166,73.68421052631578,1.1062505511582206,13,0.313251644557796,0.36761782637704266
PM2_5,flow,0.2,2,5,15.135710286132575,12.650602409638553,166,68.42105263157895,1.2091809653593852,13,0.27128374894337814,0.36792269266179534
PM2_5,flow,0.2,2,6,14.008052006119579,12.650602409638553,166,68.42105263157895,0.9388380335375851,13,0.3556231209617784,0.3623287831737176
PM2_5,flow,0.2,2,7,20.028149071826174,14.457831325301205,166,63.1578947368421,1.1836791974235183,13,0.2935735938537139,0.4133919115463031
PM2_5,flow,0.2,2,8,12.921106253973011,8.433734939759036,166,73.68421052631578,0.8860058083118568,13,0.36524782994107025,0.3729888729962429
PM2_5,flow,0.2,2,9,12.436265215432805,7.831325301204819,166,57.89473684210527,1.1582588624444585,13,0.32519539989086627,0.4146821106593203
PM2_5,flow,0.2,3,0,13.160916817673963,12.650602409638553,166,84.21052631578947,1.1568368139655738,13,0.2834452429840059,0.41037035215212847
PM2_5,flow,0.2,3,1,13.967270189937398,12.650602409638553,166,78.94736842105263,0.8850125820608787,13,0.39291470813080126,0.3893339580106919
PM2_5,flow,0.2,3,2,11.19930035584622,11.44578313253012,166,73.68421052631578,0.9102816515827248,13,0.3956763002197843,0.41237989806873165
PM2_5,flow,0.2,3,3,21.16792648487556,14.457831325301205,166,73.68421052631578,1.2403493677664823,13,0.20742474726911403,0.2602603991605911
PM2_5,flow,0.2,3,4,10.510248667959623,10.843373493975903,166,68.42105263157895,0.940500475055266,13,0.3436906239736494,0.4157034881037738
PM2_5,flow,0.2,3,5,17.966224022032456,14.457831325301205,166,84.21052631578947,1.0143333902604839,13,0.2484440194206483,0.3672412999488822
PM2_5,flow,0.2,3,6,15.931369431378053,15.662650602409638,166,68.42105263157895,1.0137596319590816,13,0.2744462666216544,0.36415803630384475
PM2_5,flow,0.2,3,7,16.465169148852105,14.457831325301205,166,89.47368421052632,0.9147071208736518,13,0.28897146679195596,0.42350207957369274
PM2_5,flow,0.2,3,8,12.499279626434436,12.650602409638553,166,57.89473684210527,1.1342608446208886,13,0.29612015864335217,0.3237764544877089
PM2_5,flow,0.2,3,9,14.229429514446743,9.63855421686747,166,57.89473684210527,1.0195032318811994,13,0.35815570543532155,0.37120464849690293
PM2_5,flow,0.2,0,0,10.823038479180253,12.048192771084338,166,73.68421052631578,1.0914311850047518,13,0.29609500211404044,0.33976091450558543
PM2_5,flow,0.2,0,1,18.78734231635578,16.867469879518072,166,78.94736842105263,1.1186898972642878,13,0.2752650621764316,0.36673007500828225
PM2_5,flow,0.2,0,2,17.55065546379374,13.25301204819277,166,68.42105263157895,1.160170858111833,13,0.2761720728258334,0.3810382169753722
PM2_5,flow,0.2,0,3,11.657910190569023,13.855421686746988,166,78.94736842105263,0.9283637936446264,13,0.36739277321102237,0.38650689304804914
PM2_5,flow,0.2,0,4,12.321750495820275,14.457831325301205,166,73.68421052631578,1.1539829976257794,13,0.29526747056866526,0.411974241013231
PM2_5,flow,0.2,0,5,19.95712606901262,12.048192771084338,166,68.42105263157895,1.0386265929592902,13,0.33392057723442664,0.34003169592803323
PM2_5,flow,0.2,0,6,12.049792376370206,12.048192771084338,166,63.1578947368421,0.9810667988897585,13,0.3320695815229275,0.35174608477483643
PM2_5,flow,0.2,0,7,22.538680963376308,11.44578313253012,166,47.368421052631575,1.24546589041065,13,0.3184687808890985,0.34300582356464626
PM2_5,flow,0.2,0,8,25.57533630604329,9.63855421686747,166,36.84210526315789,1.2236288105140405,13,0.3416266199074512,0.4080097646068525
PM2_5,flow,0.2,0,9,15.37613080792907,13.855421686746988,166,84.21052631578947,1.0459748701485438,13,0.2689740682781422,0.34706485095396883
PM2_5,flow,0.4,1,0,9.875961844093256,9.63855421686747,166,84.21052631578947,0.8270069159798494,26,0.32301401816531955,0.6195193210061393
PM2_5,flow,0.4,1,1,9.124063018256427,10.843373493975903,166,63.1578947368421,0.816914293406383,26,0.37663132105978014,0.702450959738727
PM2_5,flow,0.4,1,2,10.697983963917647,9.63855421686747,166,73.68421052631578,0.8965222178188512,26,0.3450847188266887,0.6374365702943992
PM2_5,flow,0.4,1,3,7.967485317207497,7.831325301204819,166,68.42105263157895,0.836297403096077,26,0.36367698005469223,0.6896743471485873
PM2_5,flow,0.4,1,4,18.714479406044667,6.626506024096385,166,57.89473684210527,1.121741894418267,26,0.33898201166116426,0.6506209985260961
PM2_5,flow,0.4,1,5,11.537658227828238,10.843373493975903,166,57.89473684210527,0.9699333800073938,26,0.28895306996880044,0.5958785887880151
PM2_5,flow,0.4,1,6,9.884907069146532,7.831325301204819,166,68.42105263157895,0.8227807547085005,26,0.351357106792054,0.6411711635706834
PM2_5,flow,0.4,1,7,10.423690604074897,9.036144578313253,166,68.42105263157895,0.7383157377345496,26,0.33905995928062677,0.6322309417582882
PM2_5,flow,0.4,1,8,9.675553724137396,9.63855421686747,166,73.68421052631578,0.9682923300430368,26,0.354418183247469,0.6660252279837391
PM2_5,flow,0.4,1,9,8.074757928748546,10.240963855421686,166,78.94736842105263,0.8656617163085965,26,0.32263152602956996,0.6438536444052303
PM2_5,flow,0.4,2,0,14.283437225733794,8.433734939759036,166,52.63157894736842,1.0461649410379965,26,0.4170828540098098,0.6796328950629248
PM2_5,flow,0.4,2,1,12.011860224504764,9.63855421686747,166,89.47368421052632,1.0291745711763263,26,0.3262853023115289,0.502984132094487
PM2_5,flow,0.4,2,2,9.769235080524073,5.421686746987952,166,73.68421052631578,0.7537371544516269,26,0.43856396200445547,0.7061451552312298
PM2_5,flow,0.4,2,3,14.526512744672118,6.626506024096385,166,63.1578947368421,1.214294221640406,26,0.40364528447172515,0.6472123483162053
PM2_5,flow,0.4,2,4,10.291808244679187,7.831325301204819,166,84.21052631578947,0.8700654031161529,26,0.4422838932779919,0.611918333291553
PM2_5,flow,0.4,2,5,9.138222027089265,8.433734939759036,166,78.94736842105263,0.9536264054381027,26,0.42170582430547227,0.6414930745720155
PM2_5,flow,0.4,2,6,8.503320913357502,7.228915662650603,166,89.47368421052632,0.6141608345975179,26,0.46532713891767363,0.6281210561845696
PM2_5,flow,0.4,2,7,13.538667234766354,9.63855421686747,166,57.89473684210527,0.9046658352273244,26,0.4163994580905618,0.6767837682994879
PM2_5,flow,0.4,2,8,18.87478133025057,7.831325301204819,166,42.10526315789473,0.8175771496527686,26,0.4330932768336898,0.6327051782012367
PM2_5,flow,0.4,2,9,6.101268225650893,5.421686746987952,166,63.1578947368421,0.8812242806303586,26,0.3859540562084785,0.648008524899684
PM2_5,flow,0.4,3,0,5.91094017603271,7.228915662650603,166,94.73684210526315,0.6817597139004857,26,0.521116820742589,0.6718148346094496
PM2_5,flow,0.4,3,1,11.22618167501976,9.63855421686747,166,63.1578947368421,0.5773765436594728,26,0.5585734394832841,0.67459731888505
PM2_5,flow,0.4,3,2,7.721042442164756,7.228915662650603,166,89.47368421052632,0.6485608433559784,26,0.4758295672284838,0.6225046580921548
PM2_5,flow,0.4,3,3,10.99249377793786,6.626506024096385,166,57.89473684210527,0.830662130067824,26,0.5358269851233689,0.6496941640655913
PM2_5,flow,0.4,3,4,5.22587654087263,9.036144578313253,166,73.68421052631578,0.7720948447577619,26,0.4985862222953663,0.6798947256094697
PM2_5,flow,0.4,3,5,9.692783193217808,12.048192771084338,166,94.73684210526315,0.8184014044723656,26,0.4638371204272868,0.7021755588964097
PM2_5,flow,0.4,3,6,10.189984829926734,10.843373493975903,166,94.73684210526315,0.7834352105125358,26,0.46591846108694285,0.5995220883614577
PM2_5,flow,0.4,3,7,10.450737676550604,6.626506024096385,166,94.73684210526315,1.077026998566478,26,0.39935602547224935,0.5180387848823375
PM2_5,flow,0.4,3,8,15.141428254422301,8.433734939759036,166,36.84210526315789,0.8969728993528483,26,0.5598965490922151,0.6512850665575891
PM2_5,flow,0.4,3,9,10.411745077187083,9.036144578313253,166,89.47368421052632,0.6841981267955605,26,0.45792825454212843,0.6575754137262982
PM2_5,flow,0.4,0,0,7.884841736282298,8.433734939759036,166,100.0,0.8560697555415722,26,0.48871576166161373,0.6387882439728386
PM2_5,flow,0.4,0,1,12.311974734457348,10.240963855421686,166,47.368421052631575,0.6055451430773826,26,0.5588813465148266,0.6573294034786732
PM2_5,flow,0.4,0,2,11.709798638781532,9.036144578313253,166,68.42105263157895,0.7932537148406599,26,0.5863738095166623,0.720013662124239
PM2_5,flow,0.4,0,3,12.58894966399932,10.240963855421686,166,89.47368421052632,1.1167537112385026,26,0.36357064238729864,0.6528977588845356
PM2_5,flow,0.4,0,4,12.079675661582689,8.433734939759036,166,94.73684210526315,0.9123205147110635,26,0.4635113426509015,0.6513026649189249
PM2_5,flow,0.4,0,5,15.582515427799956,8.433734939759036,166,94.73684210526315,1.0419304649125214,26,0.3919093655196022,0.5557597682586799
PM2_5,flow,0.4,0,6,10.735894136888623,12.650602409638553,166,89.47368421052632,0.9952523208068853,26,0.4856754365592642,0.5706380243421926
PM2_5,flow,0.4,0,7,15.646743365578795,12.650602409638553,166,100.0,0.8187483490000398,26,0.41136523348884524,0.6095269644690913
PM2_5,flow,0.4,0,8,4.675128431378139,2.4096385542168677,166,100.0,0.5839822568907171,26,0.624376857633961,0.665997189219277
PM2_5,flow,0.4,0,9,11.873181076740126,10.240963855421686,166,100.0,0.7277362025414478,26,0.4549597346140955,0.6641003497198508
PM2_5,flow,0.6,1,0,7.97229651983898,5.421686746987952,166,52.63157894736842,0.654813257222165,38,0.41091971797772026,0.8516432782572355
PM2_5,flow,0.6,1,1,12.201829563988161,7.228915662650603,166,68.42105263157895,1.0318427431378823,38,0.36119149137550866,0.8405183553822642
PM2_5,flow,0.6,1,2,8.114440161392576,5.421686746987952,166,68.42105263157895,0.6831388342567636,38,0.4038877741070546,0.8499352013377481
PM2_5,flow,0.6,1,3,12.029810146594615,7.831325301204819,166,73.68421052631578,1.0152748300140535,38,0.36781770006595044,0.7971627167777608
PM2_5,flow,0.6,1,4,7.891505889067572,7.831325301204819,166,63.1578947368421,0.6340852598054677,38,0.4109875075753892,0.8370514747709611
PM2_5,flow,0.6,1,5,9.788068621561818,10.240963855421686,166,84.21052631578947,0.6876305343630228,38,0.39608454441381824,0.8182916867216232
PM2_5,flow,0.6,1,6,10.668192801136824,9.036144578313253,166,78.94736842105263,0.870026435363298,38,0.36193784184661854,0.7918273165390477
PM2_5,flow,0.6,1,7,7.374242588064346,6.024096385542169,166,78.94736842105263,0.8226444243845883,38,0.3873609104607589,0.7850630083213759
PM2_5,flow,0.6,1,8,8.397610714739512,8.433734939759036,166,84.21052631578947,0.6852810957442216,38,0.35065690635200064,0.8427786183839552
PM2_5,flow,0.6,1,9,7.94054140418153,9.036144578313253,166,94.73684210526315,0.6406487279795164,38,0.3951343590628873,0.8525659218154841
PM2_5,flow,0.6,2,0,3.9599226092210262,3.0120481927710845,166,89.47368421052632,0.5323496452379758,38,0.555954400546317,0.8531617447032673
PM2_5,flow,0.6,2,1,9.651675914457163,8.433734939759036,166,52.63157894736842,0.5829061739320389,38,0.5254575843075379,0.857024659007194
PM2_5,flow,0.6,2,2,4.254377796036338,6.024096385542169,166,63.1578947368421,0.49392162965486713,38,0.5469424923402356,0.8327665208975054
PM2_5,flow,0.6,2,3,6.516446450778009,3.6144578313253013,166,63.1578947368421,0.6657153602712772,38,0.5450370955399083,0.8258961368585237
PM2_5,flow,0.6,2,4,7.072208900783504,6.024096385542169,166,73.68421052631578,0.502143537925433,38,0.5641582939527556,0.8551499481573095
PM2_5,flow,0.6,2,5,4.59645950426049,7.228915662650603,166,89.47368421052632,0.4996381928408037,38,0.5437924435180272,0.807038086863712
PM2_5,flow,0.6,2,6,6.728025367996278,3.0120481927710845,166,100.0,0.40396910222392746,38,0.532192748802478,0.8599585425550095
PM2_5,flow,0.6,2,7,7.3273432293997045,4.216867469879518,166,42.10526315789473,0.4268317313622649,38,0.6076328879954175,0.8736055915455553
PM2_5,flow,0.6,2,8,4.489612248832647,5.421686746987952,166,68.42105263157895,0.4111662765958729,38,0.561210350730081,0.8538970300766342
PM2_5,flow,0.6,2,9,15.770264921928334,5.421686746987952,166,52.63157894736842,0.8714159888369178,38,0.4886717093631697,0.8348253052019272
PM2_5,flow,0.6,3,0,2.953279165380756,3.0120481927710845,166,63.1578947368421,0.39840863871854537,38,0.6801538984009416,0.8514917098634027
PM2_5,flow,0.6,3,1,3.9050273557192114,2.4096385542168677,166,84.21052631578947,0.458155790288703,38,0.6267887498563037,0.8371891100574425
PM2_5,flow,0.6,3,2,6.469336294430438,6.024096385542169,166,100.0,0.40496939892900474,38,0.6119121151942623,0.8323574591267291
PM2_5,flow,0.6,3,3,4.900041805244074,3.6144578313253013,166,42.10526315789473,0.5133500582103856,38,0.6264549639849482,0.8229531733081643
PM2_5,flow,0.6,3,4,7.071417809918465,3.0120481927710845,166,36.84210526315789,0.5094878805799029,38,0.6340314115386952,0.8547907326980058
PM2_5,flow,0.6,3,5,7.634597169241431,2.4096385542168677,166,52.63157894736842,0.5766476908268754,38,0.608125572071405,0.7786957833788013
PM2_5,flow,0.6,3,6,5.682453462844938,3.6144578313253013,166,15.789473684210526,0.47147508326482596,38,0.648214112330969,0.845605115989278
PM2_5,flow,0.6,3,7,12.02412751696251,10.843373493975903,166,100.0,0.758049278318846,38,0.5415431610591728,0.8313365644787866
PM2_5,flow,0.6,3,8,15.506525711164329,1.8072289156626506,166,10.526315789473683,0.6391630043261785,38,0.6330553950816172,0.8234216887552993
PM2_5,flow,0.6,3,9,10.18928380923671,3.0120481927710845,166,21.052631578947366,0.4172053515787275,38,0.6512752107695438,0.8333186075636225
PM2_5,flow,0.6,0,0,24.763052167570596,3.0120481927710845,166,5.263157894736842,0.9286789755033891,38,0.6399369786206259,0.8370958789087469
PM2_5,flow,0.6,0,1,2.5571727302435217,4.216867469879518,166,94.73684210526315,0.4035228783273827,38,0.7503489845848049,0.8568470230299192
PM2_5,flow,0.6,0,2,3.230691309771463,4.216867469879518,166,94.73684210526315,0.4418893592033922,38,0.7346019225193485,0.797425905439461
PM2_5,flow,0.6,0,3,4.942092279442763,3.6144578313253013,166,36.84210526315789,0.4795884142130628,38,0.6941977061600464,0.8400488240627079
PM2_5,flow,0.6,0,4,3.277777648400674,3.0120481927710845,166,100.0,0.2627385511889441,38,0.7918865042903098,0.8616010391389842
PM2_5,flow,0.6,0,5,5.470898629462355,5.421686746987952,166,100.0,0.38688738935373385,38,0.7343163992132307,0.8314567133898686
PM2_5,flow,0.6,0,6,4.986714506854863,7.228915662650603,166,73.68421052631578,0.40116101381627256,38,0.750469713262277,0.7946675975562361
PM2_5,flow,0.6,0,7,16.484798395319807,1.2048192771084338,166,100.0,0.3463770249937622,38,0.6784597565856076,0.7599672519755217
PM2_5,flow,0.6,0,8,7.01430152144998,6.024096385542169,166,47.368421052631575,0.33714677392248865,38,0.7568679350329625,0.839125899968262
PM2_5,flow,0.6,0,9,2.342980609560617,4.216867469879518,166,94.73684210526315,0.3518314816801565,38,0.7432324266718483,0.8559102555311422
PM2_5,flow,0.8,1,0,6.138069850960978,2.4096385542168677,166,63.1578947368421,0.701656044542336,51,0.4432234758904757,0.9709074295946098
PM2_5,flow,0.8,1,1,6.932718393656861,3.0120481927710845,166,68.42105263157895,0.6370491551919373,51,0.43119456201116024,0.9610656690020912
PM2_5,flow,0.8,1,2,7.191512165759952,5.421686746987952,166,78.94736842105263,0.697505036846797,51,0.42220229739935283,0.9527154930886976
PM2_5,flow,0.8,1,3,7.387562657030905,3.6144578313253013,166,78.94736842105263,0.6686680088155547,51,0.4429596630767016,0.9527497259324182
PM2_5,flow,0.8,1,4,5.866544614417343,3.6144578313253013,166,63.1578947368421,0.6563689699795167,51,0.4475742331446078,0.9515718944219852
PM2_5,flow,0.8,1,5,8.834183656874583,3.6144578313253013,166,52.63157894736842,0.6762644597959424,51,0.43886310576649323,0.9504985566458347
PM2_5,flow,0.8,1,6,6.956212519543194,3.0120481927710845,166,78.94736842105263,0.639509305109445,51,0.4332090078814041,0.9630319952035915
PM2_5,flow,0.8,1,7,6.833846590673344,3.0120481927710845,166,68.42105263157895,0.6821826994191462,51,0.4443026791669511,0.9628774608965187
PM2_5,flow,0.8,1,8,7.041509122881183,3.0120481927710845,166,73.68421052631578,0.6706077429317836,51,0.4374358590248724,0.9613932352932031
PM2_5,flow,0.8,1,9,7.575317760417915,6.024096385542169,166,84.21052631578947,0.6686643828849417,51,0.41074530839749357,0.9638544713413797
PM2_5,flow,0.8,2,0,3.5138588605390013,0.6024096385542169,166,68.42105263157895,0.44679391536699586,51,0.6274685273063046,0.9362305130715539
PM2_5,flow,0.8,2,1,2.676583251888689,2.4096385542168677,166,57.89473684210527,0.4137405086673808,51,0.6388871075686176,0.9602122441795695
PM2_5,flow,0.8,2,2,2.909678335326636,0.0,166,68.42105263157895,0.3601095013374388,51,0.6411791028087145,0.9617374246395635
PM2_5,flow,0.8,2,3,6.045099797337519,0.6024096385542169,166,100.0,0.38920256295988304,51,0.6177223050524411,0.9530591305043724
PM2_5,flow,0.8,2,4,7.515033284655067,1.8072289156626506,166,36.84210526315789,0.4240475284348402,51,0.6169403759751164,0.9551766125800831
PM2_5,flow,0.8,2,5,6.225350638001292,0.0,166,36.84210526315789,0.3820917582851463,51,0.6333830294487762,0.9630482045965041
PM2_5,flow,0.8,2,6,6.466125574290101,1.2048192771084338,166,42.10526315789473,0.44198890267111546,51,0.6254064848325784,0.9615264002839446
PM2_5,flow,0.8,2,7,2.5809257734209448,0.0,166,84.21052631578947,0.41083914090214385,51,0.6485239198847959,0.9525269544806314
PM2_5,flow,0.8,2,8,2.717327002194872,3.6144578313253013,166,89.47368421052632,0.455281425489894,51,0.6098013489894809,0.9639375671914897
PM2_5,flow,0.8,2,9,4.707116707557293,4.216867469879518,166,100.0,0.41800545268726963,51,0.5845328091724306,0.9503451787649605
PM2_5,flow,0.8,3,0,1.8662297352244424,4.216867469879518,166,94.73684210526315,0.30969463188423885,51,0.7259734192927384,0.9467009975628345
PM2_5,flow,0.8,3,1,2.156409809587004,0.6024096385542169,166,42.10526315789473,0.2368270031760023,51,0.7632541447263,0.9596455742020423
PM2_5,flow,0.8,3,2,4.2929165399129685,1.2048192771084338,166,100.0,0.260063191955164,51,0.7324181506565287,0.9657119072178867
PM2_5,flow,0.8,3,3,3.2258808541592625,3.6144578313253013,166,100.0,0.3423515940650122,51,0.6920343190012873,0.9512579292799139
PM2_5,flow,0.8,3,4,2.6523625377158018,2.4096385542168677,166,52.63157894736842,0.26656905647606,51,0.7541551255171018,0.9444787954955416
PM2_5,flow,0.8,3,5,5.882818019709579,4.819277108433735,166,21.052631578947366,0.3293420782126327,51,0.7041065128077558,0.9494885040648607
PM2_5,flow,0.8,3,6,1.062701456016556,2.4096385542168677,166,89.47368421052632,0.2376201359892459,51,0.7789148897498184,0.9631581353622615
PM2_5,flow,0.8,3,7,4.892352886154998,1.2048192771084338,166,15.789473684210526,0.2706935846832445,51,0.746181905235974,0.9622287280820078
PM2_5,flow,0.8,3,8,3.331470900881789,0.6024096385542169,166,52.63157894736842,0.25013113167842654,51,0.7499900711106432,0.9584801399918356
PM2_5,flow,0.8,3,9,2.074098810155905,3.6144578313253013,166,89.47368421052632,0.2506734282064423,51,0.7487235186551202,0.9589521789964641
PM2_5,flow,0.8,0,0,1.9222615222284096,2.4096385542168677,166,63.1578947368421,0.09406415061926884,51,0.922989611204503,0.965865858741006
PM2_5,flow,0.8,0,1,6.463332663170345,4.819277108433735,166,100.0,0.41226862332605624,51,0.818210813640318,0.9245978562461373
PM2_5,flow,0.8,0,2,6.631001091200499,0.0,166,57.89473684210527,0.09415255796349765,51,0.9392576444421141,0.9676127290743308
PM2_5,flow,0.8,0,3,1.8995758320661873,3.6144578313253013,166,100.0,0.16106533560195882,51,0.8893882474537965,0.9537452134854003
PM2_5,flow,0.8,0,4,3.9301048077959324,2.4096385542168677,166,26.31578947368421,0.17430917842294502,51,0.8972375594664956,0.9563850739581456
PM2_5,flow,0.8,0,5,1.075477555431287,3.6144578313253013,166,47.368421052631575,0.055737670672280006,51,0.930258998164276,0.9603196301220621
PM2_5,flow,0.8,0,6,2.7879947807090044,4.216867469879518,166,26.31578947368421,0.08237717539552424,51,0.9029782587725443,0.944351069250346
PM2_5,flow,0.8,0,7,6.5062035078872915,3.6144578313253013,166,73.68421052631578,0.12440010273362886,51,0.8736539548050127,0.9561902435688049
PM2_5,flow,0.8,0,8,3.2434490954497406,3.0120481927710845,166,15.789473684210526,0.1335373647733353,51,0.8994537650390303,0.9561473803803561
PM2_5,flow,0.8,0,9,2.2173572213942396,0.0,166,89.47368421052632,0.12265524399806078,51,0.910606269718126,0.9576166038677146
PM2_5,flow,1.0,1,0,5.583865626007289,2.4096385542168677,166,73.68421052631578,0.663137151805022,64,0.45661929483693947,1.0
PM2_5,flow,1.0,1,1,5.583865626007289,2.4096385542168677,166,73.68421052631578,0.6203309756361046,64,0.45661929483693947,1.0
PM2_5,flow,1.0,1,2,5.583865626007289,2.4096385542168677,166,73.68421052631578,0.6191812216838248,64,0.45661929483693947,1.0
PM2_5,flow,1.0,1,3,5.583865626007289,2.4096385542168677,166,78.94736842105263,0.6479361349158352,64,0.45661929483693947,1.0
PM2_5,flow,1.0,1,4,5.583865626007289,2.4096385542168677,166,78.94736842105263,0.6451238089986516,64,0.45661929483693947,1.0
PM2_5,flow,1.0,1,5,5.583865626007289,2.4096385542168677,166,73.68421052631578,0.6383558214774608,64,0.45661929483693947,1.0
PM2_5,flow,1.0,1,6,5.583865626007289,2.4096385542168677,166,68.42105263157895,0.6503918463467508,64,0.45661929483693947,1.0
PM2_5,flow,1.0,1,7,5.583865626007289,2.4096385542168677,166,73.68421052631578,0.6119151913567188,64,0.45661929483693947,1.0
PM2_5,flow,1.0,1,8,5.583865626007289,2.4096385542168677,166,78.94736842105263,0.6207551487318578,64,0.45661929483693947,1.0
PM2_5,flow,1.0,1,9,5.583865626007289,2.4096385542168677,166,73.68421052631578,0.6990949731462572,64,0.45661929483693947,1.0
PM2_5,flow,1.0,2,0,1.8763686501879058,0.0,166,94.73684210526315,0.40980832659720434,64,0.6637871818371162,1.0
PM2_5,flow,1.0,2,1,1.8763686501879058,0.0,166,100.0,0.37679083589689755,64,0.6637871818371162,1.0
PM2_5,flow,1.0,2,2,1.8763686501879058,0.0,166,89.47368421052632,0.36606619795674206,64,0.6637871818371162,1.0
PM2_5,flow,1.0,2,3,1.8763686501879058,0.0,166,94.73684210526315,0.4022460158125056,64,0.6637871818371162,1.0
PM2_5,flow,1.0,2,4,1.8763686501879058,0.0,166,94.73684210526315,0.3921388434349639,64,0.6637871818371162,1.0
PM2_5,flow,1.0,2,5,1.8763686501879058,0.0,166,94.73684210526315,0.3970927926278473,64,0.6637871818371162,1.0
PM2_5,flow,1.0,2,6,1.8763686501879058,0.0,166,89.47368421052632,0.3782494732171199,64,0.6637871818371162,1.0
PM2_5,flow,1.0,2,7,1.8763686501879058,0.0,166,84.21052631578947,0.3669452404686893,64,0.6637871818371162,1.0
PM2_5,flow,1.0,2,8,1.8763686501879058,0.0,166,94.73684210526315,0.41077683554026495,64,0.6637871818371162,1.0
PM2_5,flow,1.0,2,9,1.8763686501879058,0.0,166,89.47368421052632,0.38955379059447737,64,0.6637871818371162,1.0
PM2_5,flow,1.0,3,0,0.6583703712583641,0.0,166,100.0,0.22818972588262004,64,0.8016846395511454,1.0
PM2_5,flow,1.0,3,1,0.6583703712583641,0.0,166,100.0,0.2246542683825669,64,0.8016846395511454,1.0
PM2_5,flow,1.0,3,2,0.6583703712583641,0.0,166,100.0,0.2144427875360931,64,0.8016846395511454,1.0
PM2_5,flow,1.0,3,3,0.6583703712583641,0.0,166,100.0,0.20299126611699747,64,0.8016846395511454,1.0
PM2_5,flow,1.0,3,4,0.6583703712583641,0.0,166,94.73684210526315,0.23521415293421605,64,0.8016846395511454,1.0
PM2_5,flow,1.0,3,5,0.6583703712583641,0.0,166,100.0,0.201828180338932,64,0.8016846395511454,1.0
PM2_5,flow,1.0,3,6,0.6583703712583641,0.0,166,100.0,0.24466207717437422,64,0.8016846395511454,1.0
PM2_5,flow,1.0,3,7,0.6583703712583641,0.0,166,100.0,0.23303512174303043,64,0.8016846395511454,1.0
PM2_5,flow,1.0,3,8,0.6583703712583641,0.0,166,100.0,0.21799209225900992,64,0.8016846395511454,1.0
PM2_5,flow,1.0,3,9,0.6583703712583641,0.0,166,100.0,0.2388819593250612,64,0.8016846395511454,1.0
PM2_5,flow,1.0,0,0,9.548994219360282e-07,0.0,166,100.0,7.122539323844586e-09,64,0.9999998198006607,1.0
PM2_5,flow,1.0,0,1,9.548994219360282e-07,0.0,166,100.0,7.042754709168767e-09,64,0.9999998198006607,1.0
PM2_5,flow,1.0,0,2,9.548994219360282e-07,0.0,166,100.0,7.06966813776148e-09,64,0.9999998198006607,1.0
PM2_5,flow,1.0,0,3,9.548994219360282e-07,0.0,166,100.0,6.642791767510809e-09,64,0.9999998198006607,1.0
PM2_5,flow,1.0,0,4,9.548994219360282e-07,0.0,166,100.0,6.802991812716664e-09,64,0.9999998198006607,1.0
PM2_5,flow,1.0,0,5,9.548994219360282e-07,0.0,166,100.0,7.607908367652753e-09,64,0.9999998198006607,1.0
PM2_5,flow,1.0,0,6,9.548994219360282e-07,0.0,166,100.0,7.324892486598405e-09,64,0.9999998198006607,1.0
PM2_5,flow,1.0,0,7,9.548994219360282e-07,0.0,166,100.0,8.135039873998798e-09,64,0.9999998198006607,1.0
PM2_5,flow,1.0,0,8,9.548994219360282e-07,0.0,166,100.0,8.165163237076179e-09,64,0.9999998198006607,1.0
PM2_5,flow,1.0,0,9,9.548994219360282e-07,0.0,166,100.0,6.443197388228736e-09,64,0.9999998198006607,1.0
PM2_5,cluster,0.0,1,0,18.245892828971844,17.46987951807229,166,73.68421052631578,1.240361963079488,0,0.1792593038046535,0.0
PM2_5,cluster,0.0,1,1,18.245892828971844,17.46987951807229,166,68.42105263157895,1.2227006097633397,0,0.1792593038046535,0.0
PM2_5,cluster,0.0,1,2,18.245892828971844,17.46987951807229,166,73.68421052631578,1.2587009318656377,0,0.1792593038046535,0.0
PM2_5,cluster,0.0,1,3,18.245892828971844,17.46987951807229,166,73.68421052631578,1.2732850805331686,0,0.1792593038046535,0.0
PM2_5,cluster,0.0,1,4,18.245892828971844,17.46987951807229,166,73.68421052631578,1.1744488902012205,0,0.1792593038046535,0.0
PM2_5,cluster,0.0,1,5,18.245892828971844,17.46987951807229,166,68.42105263157895,1.2877703945180217,0,0.1792593038046535,0.0
PM2_5,cluster,0.0,1,6,18.245892828971844,17.46987951807229,166,73.68421052631578,1.3220379555060489,0,0.1792593038046535,0.0
PM2_5,cluster,0.0,1,7,18.245892828971844,17.46987951807229,166,68.42105263157895,1.2153475330857408,0,0.1792593038046535,0.0
PM2_5,cluster,0.0,1,8,18.245892828971844,17.46987951807229,166,63.1578947368421,1.203218334045453,0,0.1792593038046535,0.0
PM2_5,cluster,0.0,1,9,18.245892828971844,17.46987951807229,166,73.68421052631578,1.2723439861273027,0,0.1792593038046535,0.0
PM2_5,cluster,0.0,2,0,18.245892828971844,17.46987951807229,166,68.42105263157895,1.2800785516017277,0,0.1792593038046535,0.0
PM2_5,cluster,0.0,2,1,18.245892828971844,17.46987951807229,166,63.1578947368421,1.2088345655638952,0,0.1792593038046535,0.0
PM2_5,cluster,0.0,2,2,18.245892828971844,17.46987951807229,166,68.42105263157895,1.1473109723532655,0,0.1792593038046535,0.0
PM2_5,cluster,0.0,2,3,18.245892828971844,17.46987951807229,166,68.42105263157895,1.1480669356521536,0,0.1792593038046535,0.0
PM2_5,cluster,0.0,2,4,18.245892828971844,17.46987951807229,166,68.42105263157895,1.2453756027187344,0,0.1792593038046535,0.0
PM2_5,cluster,0.0,2,5,18.245892828971844,17.46987951807229,166,73.68421052631578,1.2863128478632664,0,0.1792593038046535,0.0
PM2_5,cluster,0.0,2,6,18.245892828971844,17.46987951807229,166,68.42105263157895,1.2533598275848248,0,0.1792593038046535,0.0
PM2_5,cluster,0.0,2,7,18.245892828971844,17.46987951807229,166,63.1578947368421,1.1008731967097063,0,0.1792593038046535,0.0
PM2_5,cluster,0.0,2,8,18.245892828971844,17.46987951807229,166,68.42105263157895,1.192771838198738,0,0.1792593038046535,0.0
PM2_5,cluster,0.0,2,9,18.245892828971844,17.46987951807229,166,73.68421052631578,1.2242807129388935,0,0.1792593038046535,0.0
PM2_5,cluster,0.0,3,0,18.245892828971844,17.46987951807229,166,73.68421052631578,1.1779213176667065,0,0.1792593038046535,0.0
PM2_5,cluster,0.0,3,1,18.245892828971844,17.46987951807229,166,73.68421052631578,1.2039128962073167,0,0.1792593038046535,0.0
PM2_5,cluster,0.0,3,2,18.245892828971844,17.46987951807229,166,63.1578947368421,1.1969655044241316,0,0.1792593038046535,0.0
PM2_5,cluster,0.0,3,3,18.245892828971844,17.46987951807229,166,63.1578947368421,1.2414166794235804,0,0.1792593038046535,0.0
PM2_5,cluster,0.0,3,4,18.245892828971844,17.46987951807229,166,73.68421052631578,1.2387996039012503,0,0.1792593038046535,0.0
PM2_5,cluster,0.0,3,5,18.245892828971844,17.46987951807229,166,63.1578947368421,1.2469846904726924,0,0.1792593038046535,0.0
PM2_5,cluster,0.0,3,6,18.245892828971844,17.46987951807229,166,73.68421052631578,1.2338339870712876,0,0.1792593038046535,0.0
PM2_5,cluster,0.0,3,7,18.245892828971844,17.46987951807229,166,73.68421052631578,1.2006562394867566,0,0.1792593038046535,0.0
PM2_5,cluster,0.0,3,8,18.245892828971844,17.46987951807229,166,68.42105263157895,1.2026959462078435,0,0.1792593038046535,0.0
PM2_5,cluster,0.0,3,9,18.245892828971844,17.46987951807229,166,68.42105263157895,1.3035195128877204,0,0.1792593038046535,0.0
PM2_5,cluster,0.0,0,0,18.245892828971844,17.46987951807229,166,73.68421052631578,1.1598662116577665,0,0.1792593038046535,0.0
PM2_5,cluster,0.0,0,1,18.245892828971844,17.46987951807229,166,68.42105263157895,1.2746104983168307,0,0.1792593038046535,0.0
PM2_5,cluster,0.0,0,2,18.245892828971844,17.46987951807229,166,68.42105263157895,1.226399577447458,0,0.1792593038046535,0.0
PM2_5,cluster,0.0,0,3,18.245892828971844,17.46987951807229,166,68.42105263157895,1.2313173771052748,0,0.1792593038046535,0.0
PM2_5,cluster,0.0,0,4,18.245892828971844,17.46987951807229,166,68.42105263157895,1.2050668094796015,0,0.1792593038046535,0.0
PM2_5,cluster,0.0,0,5,18.245892828971844,17.46987951807229,166,68.42105263157895,1.2635443579105232,0,0.1792593038046535,0.0
PM2_5,cluster,0.0,0,6,18.245892828971844,17.46987951807229,166,68.42105263157895,1.3124333180190781,0,0.1792593038046535,0.0
PM2_5,cluster,0.0,0,7,18.245892828971844,17.46987951807229,166,68.42105263157895,1.1600120090773451,0,0.1792593038046535,0.0
PM2_5,cluster,0.0,0,8,18.245892828971844,17.46987951807229,166,63.1578947368421,1.2062236871386334,0,0.1792593038046535,0.0
PM2_5,cluster,0.0,0,9,18.245892828971844,17.46987951807229,166,68.42105263157895,1.284710159143311,0,0.1792593038046535,0.0
PM2_5,cluster,0.05,1,0,18.24707895298554,17.46987951807229,166,68.42105263157895,1.1992794508102875,3,0.17946168607154458,0.04666920132739856
PM2_5,cluster,0.05,1,1,17.689868659928738,11.44578313253012,166,68.42105263157895,1.208321948679862,3,0.20880327198734497,0.043107005257729425
PM2_5,cluster,0.05,1,2,18.260638962548857,17.46987951807229,166,73.68421052631578,1.2787125536266475,3,0.1793769128922941,0.005829982697933032
PM2_5,cluster,0.05,1,3,18.250299778166028,17.46987951807229,166,68.42105263157895,1.2859206654351154,3,0.17928617566502067,0.007093722276731775
PM2_5,cluster,0.05,1,4,18.180635440247723,17.46987951807229,166,68.42105263157895,1.21745105656781,3,0.1795389011654588,0.04337701363440316
PM2_5,cluster,0.05,1,5,17.69754792056878,16.265060240963855,166,73.68421052631578,1.1535178305289213,3,0.1839083079167229,0.06257294748173715
PM2_5,cluster,0.05,1,6,13.44634738069608,16.265060240963855,166,68.42105263157895,1.1332175839024876,3,0.22210829545165578,0.09292011575684535
PM2_5,cluster,0.05,1,7,18.29003602282088,17.46987951807229,166,73.68421052631578,1.241483423572417,3,0.17936970182687664,0.026634957330792974
PM2_5,cluster,0.05,1,8,18.208402790739697,17.46987951807229,166,73.68421052631578,1.16285295308797,3,0.17956016568469954,0.040863332172591506
PM2_5,cluster,0.05,1,9,18.180635440247723,17.46987951807229,166,68.42105263157895,1.2437557897336193,3,0.1795389011654588,0.04337701363440316
PM2_5,cluster,0.05,2,0,17.529831574751036,12.650602409638553,166,73.68421052631578,1.1574933866837473,3,0.18303970624102706,0.048361795048488566
PM2_5,cluster,0.05,2,1,12.590590331604787,16.265060240963855,166,68.42105263157895,1.17618909246503,3,0.22152872333519538,0.09838804392344823
PM2_5,cluster,0.05,2,2,19.577238628797407,15.662650602409638,166,63.1578947368421,1.2535632684988256,3,0.18949184137342068,0.023622443657752977
PM2_5,cluster,0.05,2,3,19.351001452402304,15.662650602409638,166,63.1578947368421,1.1657739196195793,3,0.18868050741087106,0.01406268993507567
PM2_5,cluster,0.05,2,4,17.889156053834835,17.46987951807229,166,73.68421052631578,1.2883616265992182,3,0.18052982791017855,0.03087743710979242
PM2_5,cluster,0.05,2,5,18.770205967123772,15.662650602409638,166,78.94736842105263,1.332545560249777,3,0.19249888690713648,0.04440777904272496
PM2_5,cluster,0.05,2,6,18.33703439134815,16.867469879518072,166,73.68421052631578,1.1594975680066695,3,0.22037790975654523,0.026073557548550546
PM2_5,cluster,0.05,2,7,17.576410702592888,17.46987951807229,166,73.68421052631578,1.2755774898124788,3,0.18137953293990394,0.060568018128219304
PM2_5,cluster,0.05,2,8,18.26109644063844,17.46987951807229,166,68.42105263157895,1.1817468237058677,3,0.17938201832160616,0.005829982697933032
PM2_5,cluster,0.05,2,9,18.2695125872872,17.46987951807229,166,73.68421052631578,1.2086848116581046,3,0.17947695917281556,0.06313224010003665
PM2_5,cluster,0.05,3,0,18.045463153847088,17.46987951807229,166,73.68421052631578,1.2147603429781102,3,0.18253395536776154,0.05344296378632958
PM2_5,cluster,0.05,3,1,17.889235494433155,17.46987951807229,166,68.42105263157895,1.2800258996529983,3,0.18053600463246464,0.03087743710979242
PM2_5,cluster,0.05,3,2,17.993713788479198,15.662650602409638,166,73.68421052631578,1.1577403999142362,3,0.22309462242597677,0.048432517024002024
PM2_5,cluster,0.05,3,3,17.45551570958432,13.855421686746988,166,73.68421052631578,1.1215490889559596,3,0.19434959431012924,0.045195185299054905
PM2_5,cluster,0.05,3,4,18.275670261329886,17.46987951807229,166,68.42105263157895,1.2248686758019478,3,0.1794889750459933,0.06313224010003665
PM2_5,cluster,0.05,3,5,22.17887481145099,16.867469879518072,166,57.89473684210527,1.225394183030963,3,0.18263789407086015,0.10445038029835423
PM2_5,cluster,0.05,3,6,12.570485770682934,16.265060240963855,166,68.42105263157895,1.2648859685668967,3,0.22109416452928923,0.09090106017737158
PM2_5,cluster,0.05,3,7,18.425779338281853,17.46987951807229,166,63.1578947368421,1.1516386555312759,3,0.1801017776636626,0.07077335763205693
PM2_5,cluster,0.05,3,8,18.25694531454668,17.46987951807229,166,68.42105263157895,1.3141812640482982,3,0.17940821633639417,0.014141102944709508
PM2_5,cluster,0.05,3,9,18.045580814400676,17.46987951807229,166,73.68421052631578,1.2307831269986464,3,0.1824160765634236,0.0544838439243916
PM2_5,cluster,0.05,0,0,18.246128499306987,17.46987951807229,166,68.42105263157895,1.1829628034876516,3,0.17951711118887576,0.04666920132739856
PM2_5,cluster,0.05,0,1,18.054705272332946,17.46987951807229,166,73.68421052631578,1.2740085484072514,3,0.1824956271415373,0.05055352322856339
PM2_5,cluster,0.05,0,2,22.1817171230889,16.867469879518072,166,63.1578947368421,1.3251885367833574,3,0.18263997524302544,0.10445038029835423
PM2_5,cluster,0.05,0,3,12.209576269471388,13.855421686746988,166,68.42105263157895,1.2183669484715165,3,0.2623505541690642,0.0613778901346134
PM2_5,cluster,0.05,0,4,17.88930074626995,17.46987951807229,166,68.42105263157895,1.1218239348552617,3,0.18053656237636037,0.03087743710979242
PM2_5,cluster,0.05,0,5,11.461248685249283,14.457831325301205,166,63.1578947368421,1.2365196566530838,3,0.23032008528378545,0.04991977081845035
PM2_5,cluster,0.05,0,6,17.966157497370215,16.867469879518072,166,73.68421052631578,1.282588969004148,3,0.18900173385048583,0.008542062672410559
PM2_5,cluster,0.05,0,7,17.07632081350875,14.457831325301205,166,73.68421052631578,1.1708873346620847,3,0.20003425409211972,0.04815703333494619
PM2_5,cluster,0.05,0,8,19.08564059990186,17.46987951807229,166,68.42105263157895,1.229988548184434,3,0.1935445017784267,0.07813316020734193
PM2_5,cluster,0.05,0,9,18.410506082143037,17.46987951807229,166,68.42105263157895,1.1951010077979962,3,0.17924966158996575,0.036248748838555896
PM2_5,cluster,0.1,1,0,18.04650325367307,17.46987951807229,166,68.42105263157895,1.2330159390528086,6,0.19099251329151193,0.1669898165600313
PM2_5,cluster,0.1,1,1,18.533003490737073,17.46987951807229,166,63.1578947368421,1.213388738664618,6,0.18037707312702034,0.06973553825246642
PM2_5,cluster,0.1,1,2,16.172530163598985,16.867469879518072,166,78.94736842105263,1.205165861586857,6,0.2415272313011425,0.13118908802820997
PM2_5,cluster,0.1,1,3,18.685619547618128,13.855421686746988,166,68.42105263157895,1.1543201462967827,6,0.214338684884487,0.10510386223073258
PM2_5,cluster,0.1,1,4,12.472027553536078,15.662650602409638,166,57.89473684210527,1.2067852593073947,6,0.22071641668417444,0.12614696410120652
PM2_5,cluster,0.1,1,5,17.998875367940396,17.46987951807229,166,73.68421052631578,1.1583964743978574,6,0.18009150800027515,0.10410652233894824
PM2_5,cluster,0.1,1,6,13.334250669394262,16.265060240963855,166,73.68421052631578,1.2430703583050313,6,0.223282853122615,0.14621654366019043
PM2_5,cluster,0.1,1,7,18.490139539119223,17.46987951807229,166,68.42105263157895,1.1721879021806383,6,0.18015692679721587,0.09344279011671136
PM2_5,cluster,0.1,1,8,17.792178092893028,17.46987951807229,166,68.42105263157895,1.2864539237905188,6,0.18126209547417724,0.06890902376469217
PM2_5,cluster,0.1,1,9,20.009790928311467,13.855421686746988,166,73.68421052631578,1.2890158965707543,6,0.21467654022607685,0.07876815189039231
PM2_5,cluster,0.1,2,0,19.57543512464134,15.662650602409638,166,63.1578947368421,1.2319035858838405,6,0.1896257653002305,0.02945242635568601
PM2_5,cluster,0.1,2,1,18.670827904349235,15.662650602409638,166,57.89473684210527,1.27568109199786,6,0.24045934520565773,0.08693078907015024
PM2_5,cluster,0.1,2,2,12.590621131063532,16.265060240963855,166,68.42105263157895,1.1743180696916182,6,0.22102742492854108,0.09477508222918751
PM2_5,cluster,0.1,2,3,18.00653555622497,17.46987951807229,166,68.42105263157895,1.2105473330831351,6,0.17970443592667676,0.075614142272855
PM2_5,cluster,0.1,2,4,12.988033037160088,15.662650602409638,166,78.94736842105263,1.052382975184104,6,0.2957482562780213,0.11965604726392484
PM2_5,cluster,0.1,2,5,16.03563747784712,16.867469879518072,166,84.21052631578947,1.123063968437032,6,0.2661762890099128,0.1305935079670742
PM2_5,cluster,0.1,2,6,18.442068654700773,17.46987951807229,166,68.42105263157895,1.274387412290943,6,0.18040278794031406,0.08793251469686574
PM2_5,cluster,0.1,2,7,17.814493102982375,17.46987951807229,166,73.68421052631578,1.1742965555691467,6,0.18127701654155762,0.12114453918859666
PM2_5,cluster,0.1,2,8,19.357920399297335,15.662650602409638,166,68.42105263157895,1.2163865118378931,6,0.18892119395532786,0.06894637393120903
PM2_5,cluster,0.1,2,9,18.51675206618814,16.867469879518072,166,73.68421052631578,1.2822369816804675,6,0.22032755841160342,0.06557634687082456
PM2_5,cluster,0.1,3,0,18.56060233175472,17.46987951807229,166,73.68421052631578,1.2659023974958898,6,0.18055386800073556,0.0931440510624696
PM2_5,cluster,0.1,3,1,19.272753761508543,15.662650602409638,166,73.68421052631578,1.2955606122855206,6,0.18923293208422245,0.07178161043905572
PM2_5,cluster,0.1,3,2,14.62955452370257,12.650602409638553,166,84.21052631578947,1.0983793821055416,6,0.1974456853515996,0.08144380386825642
PM2_5,cluster,0.1,3,3,17.903408763136902,14.457831325301205,166,73.68421052631578,1.1065247241037988,6,0.2249163018670652,0.10024296354453135
PM2_5,cluster,0.1,3,4,19.28661346380357,15.662650602409638,166,63.1578947368421,1.1916956428330565,6,0.18915022362866543,0.023097090777126857
PM2_5,cluster,0.1,3,5,16.88647524202579,16.867469879518072,166,84.21052631578947,1.1940175896858727,6,0.2575508513476863,0.08646554749757959
PM2_5,cluster,0.1,3,6,17.850895156551765,17.46987951807229,166,68.42105263157895,1.1800885572087352,6,0.18022783428322242,0.07978571609944575
PM2_5,cluster,0.1,3,7,12.800740795139143,16.265060240963855,166,68.42105263157895,1.1669714499254786,6,0.22194299550420485,0.10755453617678068
PM2_5,cluster,0.1,3,8,17.941058423977882,17.46987951807229,166,73.68421052631578,1.221205818559235,6,0.18131193640778792,0.09636966597316024
PM2_5,cluster,0.1,3,9,18.353450792719727,16.867469879518072,166,73.68421052631578,1.1828645633461172,6,0.2213421734365172,0.03190354024648358
PM2_5,cluster,0.1,0,0,18.265752268941014,17.46987951807229,166,63.1578947368421,1.1666112756836355,6,0.17941084047570738,0.012923704974664807
PM2_5,cluster,0.1,0,1,18.486474865363952,17.46987951807229,166,73.68421052631578,1.214533546459932,6,0.18018602821672933,0.08513363762281438
PM2_5,cluster,0.1,0,2,16.393228530442,16.867469879518072,166,89.47368421052632,1.119798825373846,6,0.22614730826593396,0.10190524621509615
PM2_5,cluster,0.1,0,3,18.144092792840414,16.867469879518072,166,57.89473684210527,1.2101774330519688,6,0.22157622510135852,0.06497522179177492
PM2_5,cluster,0.1,0,4,22.84899169392381,16.867469879518072,166,63.1578947368421,1.3309716743374604,6,0.19542396776287022,0.15440832346578184
PM2_5,cluster,0.1,0,5,18.199710614319777,17.46987951807229,166,68.42105263157895,1.2576805691659814,6,0.17966866138570226,0.04920699633233619
PM2_5,cluster,0.1,0,6,18.447075856419993,17.46987951807229,166,73.68421052631578,1.221283991104242,6,0.25359518228504513,0.09884085334302706
PM2_5,cluster,0.1,0,7,17.671929698296722,11.44578313253012,166,57.89473684210527,1.0776170719632034,6,0.19504654030792015,0.07573799414747105
PM2_5,cluster,0.1,0,8,13.124608220586536,16.265060240963855,166,68.42105263157895,1.1380560362134509,6,0.22672596334112638,0.14621654366019043
PM2_5,cluster,0.1,0,9,17.11042496002062,16.867469879518072,166,84.21052631578947,1.1179851423942284,6,0.2594737446638764,0.0891871462766367
PM2_5,cluster,0.2,1,0,15.273962228038119,12.048192771084338,166,73.68421052631578,0.9689334823044831,13,0.2695916006438592,0.20018284458029437
PM2_5,cluster,0.2,1,1,16.716664466646062,16.867469879518072,166,73.68421052631578,1.2004641195919952,13,0.2387030532922605,0.1472842050063596
PM2_5,cluster,0.2,1,2,17.16631932237036,16.265060240963855,166,78.94736842105263,1.2644311720900496,13,0.24728425426580503,0.11609810151762148
PM2_5,cluster,0.2,1,3,15.310478607009232,13.25301204819277,166,73.68421052631578,0.9988727562225995,13,0.23715764996643257,0.16040722780680927
PM2_5,cluster,0.2,1,4,12.018919846937413,14.457831325301205,166,63.1578947368421,1.0797603245444292,13,0.2592131076948997,0.19568477918476546
PM2_5,cluster,0.2,1,5,16.08036012689897,16.867469879518072,166,78.94736842105263,1.1214134249249508,13,0.2411337471337876,0.20441178834493048
PM2_5,cluster,0.2,1,6,19.614791393374986,16.265060240963855,166,73.68421052631578,1.1993524586514568,13,0.24851683975452246,0.26536883704526104
PM2_5,cluster,0.2,1,7,17.67252867671722,17.46987951807229,166,68.42105263157895,1.337004310372546,13,0.18392413207566577,0.16419823285575577
PM2_5,cluster,0.2,1,8,19.298829868208134,15.662650602409638,166,68.42105263157895,1.2688708269841327,13,0.1976320161207074,0.1885637757627118
PM2_5,cluster,0.2,1,9,12.641677600747858,15.662650602409638,166,63.1578947368421,1.3077380542452124,13,0.22258592259128077,0.20195316339741
PM2_5,cluster,0.2,2,0,22.36090554356306,16.867469879518072,166,57.89473684210527,1.3133451709945598,13,0.19523311878817964,0.23170788036131498
PM2_5,cluster,0.2,2,1,20.21245820054586,16.867469879518072,166,57.89473684210527,1.3220037768347475,13,0.23504957802358054,0.280705677251707
PM2_5,cluster,0.2,2,2,16.294212394946516,16.867469879518072,166,78.94736842105263,1.1302383297537302,13,0.2717156870956177,0.24571695874349067
PM2_5,cluster,0.2,2,3,16.319300433564937,15.060240963855422,166,73.68421052631578,1.1462963393341672,13,0.26257675381745427,0.18254703480455603
PM2_5,cluster,0.2,2,4,11.364511789869642,7.831325301204819,166,84.21052631578947,1.0713083176559088,13,0.23485237658076166,0.14538370653787408
PM2_5,cluster,0.2,2,5,18.806970941760174,17.46987951807229,166,73.68421052631578,1.2493900974585992,13,0.1941108333696703,0.1983784928943444
PM2_5,cluster,0.2,2,6,19.378886368321545,15.662650602409638,166,68.42105263157895,1.174506941720075,13,0.19055889032223416,0.15911269323826088
PM2_5,cluster,0.2,2,7,16.8657664171261,10.843373493975903,166,73.68421052631578,1.0785612671540583,13,0.24836590851866802,0.20145823469595878
PM2_5,cluster,0.2,2,8,20.93451110180044,16.265060240963855,166,57.89473684210527,1.1654615155436574,13,0.22404651885223797,0.1942285837755596
PM2_5,cluster,0.2,2,9,7.397033161234448,1.2048192771084338,166,68.42105263157895,0.8842968033973119,13,0.34406225390340633,0.21992902018258184
PM2_5,cluster,0.2,3,0,11.845351113406043,11.44578313253012,166,68.42105263157895,1.0182147669123474,13,0.2845479593022009,0.2153938617311039
PM2_5,cluster,0.2,3,1,20.816006600984117,4.819277108433735,166,52.63157894736842,0.9906230598710265,13,0.32296946073928634,0.1992341540074498
PM2_5,cluster,0.2,3,2,12.942321408392251,15.060240963855422,166,68.42105263157895,1.1739601109324338,13,0.23645493856934466,0.24082803729081836
PM2_5,cluster,0.2,3,3,13.13868406922973,15.662650602409638,166,84.21052631578947,1.220100249882073,13,0.32394758662661344,0.3104359332875411
PM2_5,cluster,0.2,3,4,19.36933273089183,15.662650602409638,166,68.42105263157895,1.3199721723989541,13,0.19302227560123641,0.1703248840108238
PM2_5,cluster,0.2,3,5,10.708795274827406,4.216867469879518,166,84.21052631578947,0.9634469829556445,13,0.27274187590848453,0.18616379887843731
PM2_5,cluster,0.2,3,6,11.74941251010485,13.855421686746988,166,89.47368421052632,1.1209256175759954,13,0.20727331121608483,0.1799298286296245
PM2_5,cluster,0.2,3,7,12.588903317016783,16.265060240963855,166,73.68421052631578,1.2166461559303887,13,0.2245594326804194,0.2222040996092642
PM2_5,cluster,0.2,3,8,21.403485545684184,16.867469879518072,166,63.1578947368421,1.3378440951685349,13,0.18335941946520248,0.15679866327461586
PM2_5,cluster,0.2,3,9,7.653291504166666,8.433734939759036,166,94.73684210526315,0.8063722090303437,13,0.33338899407026473,0.23734941586827238
PM2_5,cluster,0.2,0,0,20.208915428939868,16.867469879518072,166,57.89473684210527,1.2336287768486165,13,0.23324915125173473,0.2895924160664862
PM2_5,cluster,0.2,0,1,19.15951526128511,17.46987951807229,166,68.42105263157895,1.264525537562281,13,0.1957999364417082,0.19100744715960458
PM2_5,cluster,0.2,0,2,16.890868678287475,17.46987951807229,166,84.21052631578947,1.2509276077954572,13,0.3052061663034542,0.12325862626209853
PM2_5,cluster,0.2,0,3,17.149055800828457,16.867469879518072,166,73.68421052631578,1.2424477290323452,13,0.24017105775427602,0.2144056452649814
PM2_5,cluster,0.2,0,4,21.321556803572815,16.867469879518072,166,63.1578947368421,1.2490859424499001,13,0.18598367279142342,0.23094091496648797
PM2_5,cluster,0.2,0,5,12.571779788710662,16.265060240963855,166,68.42105263157895,1.2511711709843514,13,0.22662762014703414,0.22002923388294432
PM2_5,cluster,0.2,0,6,19.310405051306937,15.662650602409638,166,73.68421052631578,1.2367544411592393,13,0.19290767565642644,0.19832715077072377
PM2_5,cluster,0.2,0,7,18.097539394872932,16.265060240963855,166,73.68421052631578,1.2249518220317752,13,0.2322563943518956,0.2042884301226047
PM2_5,cluster,0.2,0,8,12.602008593289538,10.843373493975903,166,68.42105263157895,1.0492962310240155,13,0.2983602314856754,0.20165531166030579
PM2_5,cluster,0.2,0,9,17.801146418719753,17.46987951807229,166,68.42105263157895,1.2480653098671382,13,0.18279805718135825,0.20676172751319855
PM2_5,cluster,0.4,1,0,18.568392711760076,7.228915662650603,166,47.368421052631575,0.9619662927545793,26,0.3238700271488866,0.4700678333211423
PM2_5,cluster,0.4,1,1,12.365419641093087,13.855421686746988,166,73.68421052631578,1.2786113762489093,26,0.24128994294356518,0.4150865815780686
PM2_5,cluster,0.4,1,2,12.020965813548571,13.855421686746988,166,73.68421052631578,1.2718036378028352,26,0.2662064578217233,0.37886492990793974
PM2_5,cluster,0.4,1,3,14.332818360178484,16.867469879518072,166,78.94736842105263,1.2128457031579456,26,0.2885610568456766,0.41946976254423224
PM2_5,cluster,0.4,1,4,13.759791590337485,15.060240963855422,166,68.42105263157895,1.124309060426655,26,0.3170090509278223,0.4463753961678184
PM2_5,cluster,0.4,1,5,12.297271654067709,15.662650602409638,166,84.21052631578947,1.160751205476067,26,0.2819854709034142,0.35996185471048175
PM2_5,cluster,0.4,1,6,12.994735985997933,4.819277108433735,166,63.1578947368421,0.8917746376613649,26,0.3012164912458351,0.4145961848788939
PM2_5,cluster,0.4,1,7,18.586795778049613,16.265060240963855,166,73.68421052631578,1.151243997564253,26,0.26250614257348176,0.41503504576448685
PM2_5,cluster,0.4,1,8,8.879012352478886,4.216867469879518,166,52.63157894736842,0.7807369870877615,26,0.33551805031899845,0.3469763437834409
PM2_5,cluster,0.4,1,9,8.557195174835693,4.216867469879518,166,57.89473684210527,0.9915350704461047,26,0.32337539746302324,0.4822113391343728
PM2_5,cluster,0.4,2,0,13.725647589717102,3.0120481927710845,166,52.63157894736842,0.8910403727633898,26,0.38985334395131666,0.41073352882824865
PM2_5,cluster,0.4,2,1,16.002375976344343,17.46987951807229,166,84.21052631578947,1.1760993778412983,26,0.3174654365672072,0.45550756587440977
PM2_5,cluster,0.4,2,2,16.261250814694062,17.46987951807229,166,84.21052631578947,1.1228211946563964,26,0.3239870139176449,0.4635972007935957
PM2_5,cluster,0.4,2,3,12.186098073203144,3.6144578313253013,166,68.42105263157895,0.7958356856852403,26,0.34246225507722106,0.36947574333599104
PM2_5,cluster,0.4,2,4,9.602078584794498,3.6144578313253013,166,100.0,0.4756689207549205,26,0.4987999902605319,0.42441606250530217
PM2_5,cluster,0.4,2,5,6.671267452119027,3.6144578313253013,166,89.47368421052632,1.0811541372529532,26,0.3584145929305552,0.35591792599641847
PM2_5,cluster,0.4,2,6,16.317421024097285,16.265060240963855,166,84.21052631578947,1.1933972790613887,26,0.2729344127114188,0.3184756373344462
PM2_5,cluster,0.4,2,7,12.562230695035497,14.457831325301205,166,84.21052631578947,1.0988397051061187,26,0.3495662838519677,0.34354831486437104
PM2_5,cluster,0.4,2,8,10.35728829752742,3.6144578313253013,166,89.47368421052632,0.9209540983795416,26,0.3491220437703286,0.3543205151789128
PM2_5,cluster,0.4,2,9,20.510313234289722,7.228915662650603,166,52.63157894736842,1.0285967515033774,26,0.3186507847383964,0.4334024139530718
PM2_5,cluster,0.4,3,0,12.534204457315045,14.457831325301205,166,84.21052631578947,1.17059805450035,26,0.3705527978496188,0.39009995038485945
PM2_5,cluster,0.4,3,1,14.030499507576968,0.6024096385542169,166,57.89473684210527,0.9200814632739859,26,0.4970092545152793,0.36401385041145135
PM2_5,cluster,0.4,3,2,12.016681755075794,14.457831325301205,166,84.21052631578947,1.0985781284956828,26,0.3799545768050951,0.4405001774365736
PM2_5,cluster,0.4,3,3,16.521215807612187,3.6144578313253013,166,68.42105263157895,1.1056483315135346,26,0.39450336701377964,0.45740627028248826
PM2_5,cluster,0.4,3,4,13.921108211002414,13.25301204819277,166,68.42105263157895,1.0975921563995263,26,0.33477411058576373,0.37042353802134576
PM2_5,cluster,0.4,3,5,22.280671689132927,4.819277108433735,166,42.10526315789473,1.0951604144890288,26,0.3985386028950095,0.39774666092876626
PM2_5,cluster,0.4,3,6,16.72127865962252,17.46987951807229,166,84.21052631578947,1.263001148510691,26,0.3362091181463574,0.45342771907226753
PM2_5,cluster,0.4,3,7,9.928244341676523,5.421686746987952,166,94.73684210526315,1.0864420969912214,26,0.36353082835729406,0.45089222892073194
PM2_5,cluster,0.4,3,8,7.348520160066389,3.6144578313253013,166,100.0,0.4462027370644186,26,0.5667160520619255,0.3989858624463238
PM2_5,cluster,0.4,3,9,16.271588166866792,4.216867469879518,166,52.63157894736842,1.0682086212886015,26,0.4402220554997326,0.38385401249614726
PM2_5,cluster,0.4,0,0,16.915468104216675,17.46987951807229,166,84.21052631578947,1.0694796487210896,26,0.3179895014596312,0.3535010409498438
PM2_5,cluster,0.4,0,1,10.535575758228896,3.0120481927710845,166,100.0,0.44760873305268356,26,0.5960278888354559,0.3896588789197396
PM2_5,cluster,0.4,0,2,13.745699850151135,15.662650602409638,166,84.21052631578947,1.2414086004431262,26,0.31323269519323715,0.33718552593612755
PM2_5,cluster,0.4,0,3,16.966479741126538,17.46987951807229,166,84.21052631578947,1.1679385645928717,26,0.3330666663499899,0.36655561234677275
PM2_5,cluster,0.4,0,4,5.763458782647262,5.421686746987952,166,94.73684210526315,0.9803722532468022,26,0.3190654174348868,0.3663354268559419
PM2_5,cluster,0.4,0,5,21.02246806393845,16.867469879518072,166,57.89473684210527,1.2329665562359715,26,0.23609618033168805,0.3688855328862261
PM2_5,cluster,0.4,0,6,16.79307563735429,16.265060240963855,166,84.21052631578947,1.1938703573018328,26,0.3034230599632492,0.3997604771662236
PM2_5,cluster,0.4,0,7,16.883824404596417,16.265060240963855,166,84.21052631578947,1.159798924105395,26,0.2769296610713368,0.2838823200268566
PM2_5,cluster,0.4,0,8,4.94733321510636,3.0120481927710845,166,100.0,1.1088371549438758,26,0.33378606259085497,0.3467742943007112
PM2_5,cluster,0.4,0,9,16.50245485607174,17.46987951807229,166,84.21052631578947,1.1673832164914146,26,0.35301730383060514,0.468777634779482
PM2_5,cluster,0.6,1,0,12.813155656118086,3.0120481927710845,166,57.89473684210527,0.9558347868824483,38,0.3405555437692169,0.5366151616796898
PM2_5,cluster,0.6,1,1,13.203652278608264,13.855421686746988,166,73.68421052631578,1.2692700747115953,38,0.33688540073166934,0.6555192628054491
PM2_5,cluster,0.6,1,2,9.235682470506092,3.0120481927710845,166,52.63157894736842,0.8482599990929638,38,0.3658301022148489,0.5893774732315418
PM2_5,cluster,0.6,1,3,8.306860148968221,7.831325301204819,166,78.94736842105263,0.97515689776005,38,0.28074685001847544,0.47272019336698495
PM2_5,cluster,0.6,1,4,18.52707911227741,7.228915662650603,166,57.89473684210527,1.07913216995927,38,0.2690064096009653,0.5217019328453778
PM2_5,cluster,0.6,1,5,6.184237251274305,2.4096385542168677,166,68.42105263157895,0.7939935599063731,38,0.41970196015606814,0.6431095212846106
PM2_5,cluster,0.6,1,6,9.724297860150564,4.216867469879518,166,57.89473684210527,0.7773512558883827,38,0.3378059526461305,0.46826590647352645
PM2_5,cluster,0.6,1,7,9.140548836194283,2.4096385542168677,166,68.42105263157895,0.848250469617437,38,0.3685061597211443,0.62607945086558
PM2_5,cluster,0.6,1,8,8.190612083662192,4.819277108433735,166,84.21052631578947,0.6167630113981598,38,0.3670889362094664,0.5858333720322829
PM2_5,cluster,0.6,1,9,7.118497659519504,4.819277108433735,166,57.89473684210527,0.7016912668851358,38,0.4000779123114598,0.6788657068389399
PM2_5,cluster,0.6,2,0,20.46016068354862,6.024096385542169,166,42.10526315789473,1.1142163866603718,38,0.36271661484612033,0.5168604065834308
PM2_5,cluster,0.6,2,1,15.719806621287116,4.216867469879518,166,42.10526315789473,1.1269702082617457,38,0.43008418916740926,0.5776883069314472
PM2_5,cluster,0.6,2,2,5.135002732844128,4.216867469879518,166,94.73684210526315,0.8829971348017632,38,0.48561262188713716,0.5869368180272886
PM2_5,cluster,0.6,2,3,14.796656705895803,16.867469879518072,166,84.21052631578947,1.0851936808583893,38,0.3503430282751961,0.6103739066771622
PM2_5,cluster,0.6,2,4,8.572890199034742,4.819277108433735,166,100.0,0.6938431079499177,38,0.4462978457206997,0.5671472118792324
PM2_5,cluster,0.6,2,5,3.421138757339923,3.0120481927710845,166,100.0,0.48069111404899584,38,0.5432948213918906,0.5790092193301891
PM2_5,cluster,0.6,2,6,5.206686968910353,4.216867469879518,166,89.47368421052632,0.7289887130470465,38,0.4606108190365409,0.5648336715683799
PM2_5,cluster,0.6,2,7,5.480958443284529,0.0,166,84.21052631578947,0.5065349701531439,38,0.590375659791391,0.4957781233478399
PM2_5,cluster,0.6,2,8,11.43310647529605,0.0,166,47.368421052631575,0.8224728923527186,38,0.48153795480845113,0.57241361221188
PM2_5,cluster,0.6,2,9,11.880638499483705,9.036144578313253,166,100.0,0.6499738593888174,38,0.42727440222968766,0.5859753142064547
PM2_5,cluster,0.6,3,0,4.182686489559663,3.0120481927710845,166,100.0,0.6117708559997237,38,0.5926093553016912,0.5143403333529017
PM2_5,cluster,0.6,3,1,11.054894549616167,4.216867469879518,166,100.0,0.3889680362930288,38,0.5630789487171036,0.5559926372995031
PM2_5,cluster,0.6,3,2,18.5154423949884,2.4096385542168677,166,31.57894736842105,1.006101489817788,38,0.4893025249160892,0.6080755884546415
PM2_5,cluster,0.6,3,3,20.515451732482635,0.6024096385542169,166,31.57894736842105,1.0244849058170542,38,0.5398899011171725,0.6726208550995375
PM2_5,cluster,0.6,3,4,10.29452504968957,7.831325301204819,166,89.47368421052632,1.0353545595245235,38,0.393436875459774,0.5741091752743503
PM2_5,cluster,0.6,3,5,20.161342025478792,7.228915662650603,166,52.63157894736842,1.0263789535230559,38,0.3875840025235672,0.533872993483846
PM2_5,cluster,0.6,3,6,6.7443512650535276,4.216867469879518,166,84.21052631578947,0.6448646883182747,38,0.5480639846088508,0.6306228551386482
PM2_5,cluster,0.6,3,7,10.490054962002796,13.855421686746988,166,68.42105263157895,1.246851543011267,38,0.28089285535340613,0.5670686286052669
PM2_5,cluster,0.6,3,8,17.22175263695831,0.0,166,52.63157894736842,0.8938590637360605,38,0.5281094069442536,0.48673295928606103
PM2_5,cluster,0.6,3,9,11.62899444868886,13.855421686746988,166,84.21052631578947,1.227456597513062,38,0.40041291119370276,0.5351756590312643
PM2_5,cluster,0.6,0,0,8.161608115355259,8.433734939759036,166,100.0,0.5232289027292009,38,0.559890472940818,0.6288446230296103
PM2_5,cluster,0.6,0,1,4.045759645836007,3.6144578313253013,166,100.0,0.4089010388056223,38,0.7130072509326719,0.5786787128368944
PM2_5,cluster,0.6,0,2,12.175628282012422,14.457831325301205,166,84.21052631578947,1.1388428426105786,38,0.4229872829026484,0.6542367335863499
PM2_5,cluster,0.6,0,3,13.5869386907243,14.457831325301205,166,84.21052631578947,1.0289390169891257,38,0.3965071881280681,0.5908750954381573
PM2_5,cluster,0.6,0,4,11.741539485265937,13.855421686746988,166,84.21052631578947,1.1434838951359665,38,0.4003236106885028,0.4944785054176862
PM2_5,cluster,0.6,0,5,21.049293693169208,2.4096385542168677,166,36.84210526315789,1.1046652040717833,38,0.49686335616210614,0.5712649227559236
PM2_5,cluster,0.6,0,6,2.455450241381047,4.819277108433735,166,100.0,0.34440744668097184,38,0.7105959412632379,0.6543827546768419
PM2_5,cluster,0.6,0,7,12.54134770976292,14.457831325301205,166,84.21052631578947,1.1272372866272014,38,0.4082436289614242,0.6412141273179328
PM2_5,cluster,0.6,0,8,11.600994818258888,3.6144578313253013,166,94.73684210526315,1.0150938201615718,38,0.42936103083675603,0.44046245245998505
PM2_5,cluster,0.6,0,9,17.53304846888424,3.6144578313253013,166,94.73684210526315,1.3437854344727929,38,0.4151997943384937,0.6886110932489093
PM2_5,cluster,0.8,1,0,9.338856638254427,2.4096385542168677,166,57.89473684210527,0.9456645407921224,51,0.379083702405323,0.8807712047938498
PM2_5,cluster,0.8,1,1,5.0314011187022425,4.216867469879518,166,89.47368421052632,0.6551559420266156,51,0.39026653290916485,0.7423488565842248
PM2_5,cluster,0.8,1,2,7.343496227119356,3.6144578313253013,166,57.89473684210527,0.6738269972331439,51,0.405931440441385,0.7812138397197653
PM2_5,cluster,0.8,1,3,6.846697497194749,1.8072289156626506,166,73.68421052631578,0.7786890016340099,51,0.3874316637865508,0.7218864600714998
PM2_5,cluster,0.8,1,4,5.804873679261264,4.216867469879518,166,78.94736842105263,0.7277774495047746,51,0.41114871364920175,0.8353610802022624
PM2_5,cluster,0.8,1,5,6.887467956299001,3.0120481927710845,166,52.63157894736842,0.7004432567962936,51,0.43587348788606883,0.7903006145558494
PM2_5,cluster,0.8,1,6,6.219931352224372,3.6144578313253013,166,78.94736842105263,0.7490017936518367,51,0.4122124944822226,0.7800185601148396
PM2_5,cluster,0.8,1,7,4.851716486247854,3.0120481927710845,166,84.21052631578947,0.6916844179481215,51,0.4202442084231852,0.6852995154195993
PM2_5,cluster,0.8,1,8,5.574504227452137,3.0120481927710845,166,68.42105263157895,0.6659545482802804,51,0.4052554708889707,0.873589743821509
PM2_5,cluster,0.8,1,9,6.538694932585049,4.216867469879518,166,78.94736842105263,0.7345863386442373,51,0.40690406288443504,0.8689472085692478
PM2_5,cluster,0.8,2,0,2.2946148810596494,0.0,166,84.21052631578947,0.35182334340973853,51,0.6384190003795741,0.8432576925050783
PM2_5,cluster,0.8,2,1,2.3669935431702,2.4096385542168677,166,84.21052631578947,0.4744097565652095,51,0.5678862448301154,0.8013449818331214
PM2_5,cluster,0.8,2,2,2.714301094043621,4.216867469879518,166,89.47368421052632,0.451029691653351,51,0.5696420717833555,0.8050777804776419
PM2_5,cluster,0.8,2,3,4.385313104731652,0.0,166,68.42105263157895,0.6504147565785748,51,0.5778151736757499,0.8330412086865154
PM2_5,cluster,0.8,2,4,2.270649209644021,0.0,166,100.0,0.49172149349489447,51,0.5924054975301547,0.7864441068759173
PM2_5,cluster,0.8,2,5,4.598472225557382,5.421686746987952,166,94.73684210526315,0.46744260219978767,51,0.5783600804205741,0.8586596691027898
PM2_5,cluster,0.8,2,6,17.58429015227751,0.6024096385542169,166,36.84210526315789,1.0250564508045106,51,0.49827143414076036,0.8120639145515676
PM2_5,cluster,0.8,2,7,2.9744776984676564,2.4096385542168677,166,100.0,0.5074611138299849,51,0.5809516551361057,0.8248945323594542
PM2_5,cluster,0.8,2,8,2.3002944393969793,0.0,166,63.1578947368421,0.4481316502162321,51,0.6210781656727539,0.8156737417823277
PM2_5,cluster,0.8,2,9,2.3736054955655472,3.0120481927710845,166,89.47368421052632,0.40377809399203035,51,0.5866374038603361,0.7485074140180525
PM2_5,cluster,0.8,3,0,18.68886421651126,1.2048192771084338,166,63.1578947368421,1.12850420281263,51,0.47326720809266476,0.8170698607362438
PM2_5,cluster,0.8,3,1,1.1671656438418705,0.0,166,100.0,0.3658048340317957,51,0.7293999172321233,0.8032554373368656
PM2_5,cluster,0.8,3,2,23.59816775481699,0.0,166,10.526315789473683,0.9324468443727059,51,0.5642846720821505,0.785752399458378
PM2_5,cluster,0.8,3,3,23.657345170605893,0.6024096385542169,166,10.526315789473683,1.0619262718732045,51,0.5544448549576577,0.8234138280282051
PM2_5,cluster,0.8,3,4,7.346904152808478,3.0120481927710845,166,100.0,0.340251133262605,51,0.6496770717258545,0.8573026275270501
PM2_5,cluster,0.8,3,5,3.298072238259114,3.0120481927710845,166,100.0,0.36324331449897673,51,0.6944033653896314,0.7482783359297142
PM2_5,cluster,0.8,3,6,7.2281640649786665,4.216867469879518,166,100.0,0.8396995073433982,51,0.4592537793758023,0.7149986210817435
PM2_5,cluster,0.8,3,7,0.8484037336556066,3.0120481927710845,166,78.94736842105263,0.24590717790758945,51,0.7223890883161693,0.8364243695260637
PM2_5,cluster,0.8,3,8,3.8937893036659386,3.0120481927710845,166,57.89473684210527,0.34173861615319057,51,0.6987772220941328,0.8311917100989169
PM2_5,cluster,0.8,3,9,3.841265951648573,3.0120481927710845,166,100.0,0.4269174597759856,51,0.6561126951293531,0.8107845900728577
PM2_5,cluster,0.8,0,0,1.9763224056331556,0.0,166,100.0,0.2554123157647363,51,0.8929917623120417,0.8563981491161005
PM2_5,cluster,0.8,0,1,18.47046586116642,1.8072289156626506,166,5.263157894736842,0.7550453956515536,51,0.7344626191800279,0.8342603264405809
PM2_5,cluster,0.8,0,2,4.243879427964574,2.4096385542168677,166,100.0,0.14648338393000687,51,0.8803232051385038,0.8518524457031986
PM2_5,cluster,0.8,0,3,17.51758921471892,0.0,166,84.21052631578947,0.9137984892662756,51,0.594499100252887,0.7544169667231746
PM2_5,cluster,0.8,0,4,2.168121107069195,0.0,166,47.368421052631575,0.09997376915574765,51,0.9428898249491018,0.8556619735688117
PM2_5,cluster,0.8,0,5,16.48688087040823,2.4096385542168677,166,100.0,0.358038222385583,51,0.7123386225866742,0.7671177796897638
PM2_5,cluster,0.8,0,6,11.200447615181506,3.6144578313253013,166,100.0,0.3931363457988562,51,0.7756616400350316,0.7815684483290497
PM2_5,cluster,0.8,0,7,20.76576863536944,3.0120481927710845,166,52.63157894736842,1.1076860721114792,51,0.514640867622301,0.8232928420793855
PM2_5,cluster,0.8,0,8,27.21473684735341,1.2048192771084338,166,26.31578947368421,1.1248123029362938,51,0.582076630915417,0.785420919944423
PM2_5,cluster,0.8,0,9,13.059816325900469,3.6144578313253013,166,100.0,0.38848405325892643,51,0.7311113797596499,0.77039931386354
PM2_5,cluster,1.0,1,0,5.583865626007289,2.4096385542168677,166,68.42105263157895,0.6249919231833058,64,0.45661929483693947,1.0
PM2_5,cluster,1.0,1,1,5.583865626007289,2.4096385542168677,166,73.68421052631578,0.58416492331832,64,0.45661929483693947,1.0
PM2_5,cluster,1.0,1,2,5.583865626007289,2.4096385542168677,166,78.94736842105263,0.7167314610885638,64,0.45661929483693947,1.0
PM2_5,cluster,1.0,1,3,5.583865626007289,2.4096385542168677,166,78.94736842105263,0.6593646845852053,64,0.45661929483693947,1.0
PM2_5,cluster,1.0,1,4,5.583865626007289,2.4096385542168677,166,78.94736842105263,0.6414871030139744,64,0.45661929483693947,1.0
PM2_5,cluster,1.0,1,5,5.583865626007289,2.4096385542168677,166,68.42105263157895,0.6529600291255667,64,0.45661929483693947,1.0
PM2_5,cluster,1.0,1,6,5.583865626007289,2.4096385542168677,166,78.94736842105263,0.6407903056076185,64,0.45661929483693947,1.0
PM2_5,cluster,1.0,1,7,5.583865626007289,2.4096385542168677,166,73.68421052631578,0.6056841459226119,64,0.45661929483693947,1.0
PM2_5,cluster,1.0,1,8,5.583865626007289,2.4096385542168677,166,78.94736842105263,0.6047022382574462,64,0.45661929483693947,1.0
PM2_5,cluster,1.0,1,9,5.583865626007289,2.4096385542168677,166,78.94736842105263,0.679133257559919,64,0.45661929483693947,1.0
PM2_5,cluster,1.0,2,0,1.8763686501879058,0.0,166,94.73684210526315,0.35600133322244915,64,0.6637871818371162,1.0
PM2_5,cluster,1.0,2,1,1.8763686501879058,0.0,166,84.21052631578947,0.39229966375419406,64,0.6637871818371162,1.0
PM2_5,cluster,1.0,2,2,1.8763686501879058,0.0,166,94.73684210526315,0.379320610638297,64,0.6637871818371162,1.0
PM2_5,cluster,1.0,2,3,1.8763686501879058,0.0,166,89.47368421052632,0.3786962990346963,64,0.6637871818371162,1.0
PM2_5,cluster,1.0,2,4,1.8763686501879058,0.0,166,94.73684210526315,0.37319271553958017,64,0.6637871818371162,1.0
PM2_5,cluster,1.0,2,5,1.8763686501879058,0.0,166,94.73684210526315,0.39753874062310224,64,0.6637871818371162,1.0
PM2_5,cluster,1.0,2,6,1.8763686501879058,0.0,166,94.73684210526315,0.38857008370225476,64,0.6637871818371162,1.0
PM2_5,cluster,1.0,2,7,1.8763686501879058,0.0,166,84.21052631578947,0.41601199133407,64,0.6637871818371162,1.0
PM2_5,cluster,1.0,2,8,1.8763686501879058,0.0,166,89.47368421052632,0.37819700160307623,64,0.6637871818371162,1.0
PM2_5,cluster,1.0,2,9,1.8763686501879058,0.0,166,89.47368421052632,0.3818921151202802,64,0.6637871818371162,1.0
PM2_5,cluster,1.0,3,0,0.6583703712583641,0.0,166,100.0,0.2268857690821782,64,0.8016846395511454,1.0
PM2_5,cluster,1.0,3,1,0.6583703712583641,0.0,166,100.0,0.2569144405325162,64,0.8016846395511454,1.0
PM2_5,cluster,1.0,3,2,0.6583703712583641,0.0,166,100.0,0.21109625469419394,64,0.8016846395511454,1.0
PM2_5,cluster,1.0,3,3,0.6583703712583641,0.0,166,100.0,0.2349775044968244,64,0.8016846395511454,1.0
PM2_5,cluster,1.0,3,4,0.6583703712583641,0.0,166,78.94736842105263,0.2109465528341408,64,0.8016846395511454,1.0
PM2_5,cluster,1.0,3,5,0.6583703712583641,0.0,166,94.73684210526315,0.19611354363890998,64,0.8016846395511454,1.0
PM2_5,cluster,1.0,3,6,0.6583703712583641,0.0,166,100.0,0.2370784563678025,64,0.8016846395511454,1.0
PM2_5,cluster,1.0,3,7,0.6583703712583641,0.0,166,100.0,0.25870848087454923,64,0.8016846395511454,1.0
PM2_5,cluster,1.0,3,8,0.6583703712583641,0.0,166,94.73684210526315,0.22204324590443864,64,0.8016846395511454,1.0
PM2_5,cluster,1.0,3,9,0.6583703712583641,0.0,166,100.0,0.2388203824302756,64,0.8016846395511454,1.0
PM2_5,cluster,1.0,0,0,9.548994219360282e-07,0.0,166,100.0,7.632088205629694e-09,64,0.9999998198006607,1.0
PM2_5,cluster,1.0,0,1,9.548994219360282e-07,0.0,166,100.0,7.701487728399672e-09,64,0.9999998198006607,1.0
PM2_5,cluster,1.0,0,2,9.548994219360282e-07,0.0,166,100.0,7.570303555063135e-09,64,0.9999998198006607,1.0
PM2_5,cluster,1.0,0,3,9.548994219360282e-07,0.0,166,100.0,6.661673813064144e-09,64,0.9999998198006607,1.0
PM2_5,cluster,1.0,0,4,9.548994219360282e-07,0.0,166,100.0,8.076669849871706e-09,64,0.9999998198006607,1.0
PM2_5,cluster,1.0,0,5,9.548994219360282e-07,0.0,166,100.0,6.775543035934481e-09,64,0.9999998198006607,1.0
PM2_5,cluster,1.0,0,6,9.548994219360282e-07,0.0,166,100.0,7.277864054191839e-09,64,0.9999998198006607,1.0
PM2_5,cluster,1.0,0,7,9.548994219360282e-07,0.0,166,100.0,4.451143571261534e-09,64,0.9999998198006607,1.0
PM2_5,cluster,1.0,0,8,9.548994219360282e-07,0.0,166,100.0,6.2195343841694556e-09,64,0.9999998198006607,1.0
PM2_5,cluster,1.0,0,9,9.548994219360282e-07,0.0,166,100.0,7.157865508908245e-09,64,0.9999998198006607,1.0
